Date,XLC,XLY,XLP,XLE,XLF,XLV,XLI,XLB,XLRE,XLK,XLU,SPY
2018-06-18,,51.878028869628906,40.96751403808594,26.43402671813965,23.561243057250977,73.82598876953125,65.47811889648438,25.34873580932617,23.99407958984375,33.312255859375,19.37013816833496,244.8601531982422
2018-06-19,46.20410537719727,51.81313705444336,41.1852912902832,26.374027252197266,23.501100540161133,74.01788330078125,64.09520721435547,24.884984970092773,24.02459144592285,33.140586853027344,19.56110954284668,243.9216766357422
2018-06-20,46.77750015258789,52.05880737304688,41.22562026977539,26.4904727935791,23.44094657897949,74.1749038696289,64.13899993896484,24.804140090942383,24.283899307250977,33.21018981933594,19.576698303222656,244.33782958984372
2018-06-21,46.49079895019531,51.687984466552734,41.30628204345703,25.999977111816406,23.372211456298828,73.74751281738281,63.333744049072266,24.54036331176757,24.428808212280277,32.955013275146484,19.642961502075195,242.80601501464844
2018-06-22,46.69425964355469,51.59992218017578,41.64506530761719,26.518705368041992,23.260498046875,74.07894897460938,63.55257415771485,24.897750854492188,24.64236259460449,32.84830856323242,19.779359817504883,243.2487945556641
2018-06-25,45.73244857788086,50.47817611694336,41.85478210449219,25.985864639282227,23.011314392089844,73.39859008789062,62.747318267822266,24.51058387756348,24.581348419189453,32.1662712097168,20.106746673583984,239.93746948242188
2018-06-26,45.808292388916016,50.8397216796875,41.67731094360352,26.314037322998047,22.93397521972656,73.17182159423828,62.98363876342773,24.60418128967285,24.711000442504883,32.29618453979492,20.1301326751709,240.46875
2018-06-27,45.40875244140625,50.181522369384766,41.58860778808594,26.666915893554688,22.65041732788086,72.5525131225586,62.47599029541016,24.527597427368164,24.64236259460449,31.85543632507324,20.22756767272949,238.47659301757807
2018-06-28,45.861915588378906,50.57551956176758,41.58860778808594,26.63162612915039,22.84804344177246,72.64846801757812,62.56353759765625,24.62120246887207,24.88642311096191,32.245147705078125,20.219772338867188,239.8401641845703
2018-06-29,45.80643844604492,50.6635971069336,41.564395904541016,26.797483444213867,22.84804344177246,72.7967529296875,62.69480895996094,24.70629119873047,24.94743537902832,32.23122024536133,20.250953674316406,240.18539428710932
2018-07-02,46.0931282043457,50.73312377929688,41.32241439819336,26.40225982666016,22.959753036499023,73.02354431152344,62.8348503112793,24.574398040771484,24.802528381347656,32.51888656616211,20.395160675048828,240.69891357421875
2018-07-03,45.52898025512695,50.47817611694336,41.41920852661133,26.56810760498047,22.75352668762207,73.19796752929688,62.6335334777832,24.531848907470703,24.94743537902832,32.133792877197266,20.453615188598636,239.8489227294922
2018-07-05,46.22259140014648,50.72847366333008,41.99190521240234,26.539884567260746,22.80508613586425,73.95684051513672,62.93986129760742,24.74458122253418,25.275390625,32.588478088378906,20.562746047973636,241.8055725097656
2018-07-06,46.95322799682617,51.12712478637695,42.1209602355957,26.70220947265625,22.916786193847656,75.02096557617188,63.15869140625,24.86796188354492,25.38216018676757,32.96892166137695,20.722536087036133,243.85079956054688
2018-07-09,47.22140884399414,51.73896789550781,41.95962905883789,27.100950241088867,23.44094657897949,75.57044982910156,64.33154296875,25.08919906616211,25.145736694335938,33.21946716308594,20.083364486694336,246.0465087890625
2018-07-10,47.20198059082031,51.850223541259766,42.4597282409668,27.302085876464844,23.35502052307129,75.85829162597656,64.53284454345703,25.30192756652832,25.267765045166016,33.298336029052734,20.274333953857425,246.9319305419922
2018-07-11,47.138179779052734,51.72970581054688,42.32260894775391,26.7233829498291,23.243310928344727,75.2564468383789,63.473777770996094,24.87647247314453,25.191495895385746,33.16842269897461,20.457517623901367,245.12582397460932
2018-07-12,47.87804412841797,52.07270812988281,42.266143798828125,26.769248962402344,23.286279678344727,76.09379577636719,64.21775817871094,24.93603515625,25.252513885498047,33.692710876464844,20.473100662231445,247.3480682373047
2018-07-13,47.80405807495117,52.188594818115234,42.54038619995117,26.910400390625,23.183168411254883,76.23335266113281,64.55033874511719,24.923274993896484,25.16861152648925,33.65559005737305,20.47699737548828,247.5428466796875
2018-07-16,47.66532897949219,52.3183708190918,42.33874130249024,26.599868774414062,23.59561538696289,75.77108764648438,64.28777313232422,24.72330665588379,25.031333923339844,33.57670974731445,20.457517623901367,247.3214569091797
2018-07-17,47.6745719909668,52.3693733215332,42.70170593261719,26.493995666503903,23.62139320373535,76.18975067138672,64.54161834716797,25.04665946960449,24.86353874206543,33.82725143432617,20.441925048828125,248.32196044921875
2018-07-18,47.535865783691406,52.33692932128906,42.3548698425293,26.51165199279785,23.99947166442871,76.25080108642578,65.25056457519531,24.81265640258789,24.77202033996582,33.771575927734375,20.33669853210449,248.8443298339844
2018-07-19,47.20293045043945,52.21640396118164,42.37907028198242,26.518705368041992,23.638580322265625,75.82341003417969,65.22431182861328,24.902000427246097,25.00845527648925,33.65094375610352,20.52376747131348,247.9058532714844
2018-07-20,47.04570770263672,51.984649658203125,42.637184143066406,26.426958084106445,23.681549072265625,75.67511749267578,65.15428161621094,24.79989242553711,24.787273406982425,33.66022109985352,20.379566192626957,247.62257385253903
2018-07-23,47.23991012573242,51.92901992797851,42.371002197265625,26.31050491333008,24.008071899414062,75.8321304321289,64.75165557861328,24.66374015808105,24.7186336517334,33.83189010620117,20.2353572845459,248.0830078125
2018-07-24,47.57284164428711,51.77605056762695,42.4516716003418,26.6422176361084,24.076812744140625,76.52118682861328,65.02297973632812,24.98284149169922,24.64999008178711,34.01747512817383,20.30551147460937,249.3312835693359
2018-07-25,47.91503143310547,52.15614318847656,42.77429962158203,26.86452293395996,24.12836265563965,77.49809265136719,66.01202392578125,25.178550720214844,24.894044876098636,34.44432067871094,20.36397361755371,251.4562835693359
2018-07-26,46.107940673828125,51.882659912109375,43.00015258789063,27.157411575317383,24.11977195739746,77.280029296875,66.51969909667969,25.32320022583008,24.977941513061523,33.9153938293457,20.582231521606445,250.863037109375
2018-07-27,45.23303985595703,51.74823760986328,43.0566291809082,27.040966033935547,24.17132377624512,76.72180938720703,66.52845001220703,25.22960090637207,24.74913787841797,33.335453033447266,20.51597595214844,249.1631774902344
2018-07-30,44.52093505859375,51.3357048034668,43.00822448730469,27.26327133178711,24.18851661682129,76.76543426513672,65.87200927734375,25.182802200317383,24.726253509521484,32.81581497192383,20.391254425048828,247.8616943359375
2018-07-31,44.81687545776367,51.57674407958984,43.20988464355469,27.2138671875,24.016658782958984,77.56787109375,67.3249282836914,25.41255187988281,25.20674705505371,32.90397644042969,20.574440002441406,249.08343505859372
2018-08-01,44.63190460205078,51.3218002319336,42.84690475463867,26.836292266845703,24.016658782958984,77.5853042602539,66.4146728515625,25.153017044067383,25.37454032897949,33.200904846191406,20.441925048828125,248.6673889160156
2018-08-02,44.927852630615234,51.67408752441406,43.282470703125,26.688077926635746,24.02525329589844,77.8731460571289,66.3271255493164,24.98709297180176,25.252513885498047,33.618465423583984,20.543256759643555,250.02195739746097
2018-08-03,45.23303985595703,51.850223541259766,43.7906379699707,26.550460815429688,24.162738800048828,78.33541870117188,66.38838958740234,25.22534942626953,25.580469131469727,33.73909378051758,20.7732048034668,251.09323120117188
2018-08-06,45.68621826171875,52.19786071777344,43.83095550537109,26.649269104003903,24.291627883911133,78.47502136230469,66.48468780517578,25.21683883666992,25.527076721191406,33.920047760009766,20.78879737854004,252.01400756835932
2018-08-07,45.74169158935547,52.43889617919922,43.56478500366211,26.84687614440918,24.4033317565918,78.48372650146484,66.95733642578125,25.30192756652832,25.47368812561035,34.049957275390625,20.757612228393555,252.8462371826172
2018-08-08,45.70470428466797,52.49452209472656,43.234073638916016,26.65279769897461,24.463476181030277,78.6058349609375,66.6597671508789,25.1955680847168,25.31352424621582,34.14274215698242,20.64849090576172,252.739990234375
2018-08-09,45.95442199707031,52.68920135498047,43.10500717163086,26.405786514282227,24.317401885986328,78.51863098144531,66.2921142578125,25.331710815429688,25.35928726196289,34.15666580200195,20.74202346801757,252.3948211669922
2018-08-10,45.56599426269531,52.24884414672851,42.94369888305664,26.56810760498047,24.033842086791992,78.17845916748047,65.70567321777344,24.965818405151367,25.11522674560547,33.8829231262207,20.65238571166992,250.7036895751953
2018-08-13,45.50125503540039,51.984649658203125,42.94369888305664,26.229352951049805,23.80183792114257,78.2046127319336,65.39059448242188,24.71480178833008,25.10759735107422,33.83653259277344,20.679664611816406,249.76510620117188
2018-08-14,45.82493209838867,52.48989486694336,43.24212646484375,26.29286003112793,24.02525329589844,78.57096099853516,65.8457260131836,24.923274993896484,25.20674705505371,34.045318603515625,20.722536087036133,251.3588409423828
2018-08-15,45.186798095703125,51.850223541259766,43.41959381103515,25.375383377075195,23.836217880249023,78.44013214111328,65.53064727783203,24.527597427368164,25.427934646606445,33.73909378051758,20.913516998291016,249.4818420410156
2018-08-16,45.16831588745117,52.10515975952149,44.04067611694336,25.558881759643555,24.154142379760746,79.20768737792969,66.36215209960938,24.67650604248047,25.6262264251709,33.88756561279297,21.13955879211425,251.50050354003903
2018-08-17,44.9555892944336,52.151512145996094,44.37946319580078,25.622398376464844,24.205698013305664,79.45193481445312,66.76476287841797,24.85945701599121,25.87029266357422,33.9386100769043,21.24869155883789,252.38589477539065
2018-08-20,45.02959060668945,52.5223274230957,44.355262756347656,25.795310974121097,24.283037185668945,79.71359252929688,67.21113586425781,25.03388786315918,25.90078926086425,33.88756561279297,21.174636840820312,252.9260101318359
2018-08-21,45.307037353515625,52.93951416015625,44.04067611694336,25.925874710083008,24.37755584716797,79.71359252929688,67.71004486083984,25.13174819946289,25.66435813903809,33.943233489990234,21.02263832092285,253.5192108154297
2018-08-22,45.25154495239258,52.99514389038086,43.76643753051758,26.236400604248047,24.291627883911133,79.79207611083984,67.0535888671875,25.004112243652344,25.504196166992188,34.045318603515625,20.86673927307129,253.36865234375
2018-08-23,45.06657409667969,52.94414138793945,43.66157913208008,26.11289596557617,24.17991828918457,79.76592254638672,66.86103820800781,24.83393096923828,25.443187713623047,34.11954116821289,20.851146697998047,253.03225708007807
2018-08-24,45.72319793701172,53.25471496582031,43.60511016845703,26.303451538085938,24.265850067138672,80.14969635009766,67.14986419677734,25.157276153564453,25.618602752685547,34.462867736816406,20.940793991088867,254.55514526367188
2018-08-27,46.1671142578125,53.59771728515625,43.62931442260742,26.497529983520508,24.592369079589844,80.43755340576172,67.9988784790039,25.501895904541016,25.580469131469727,34.77836227416992,20.812179565429688,256.5648498535156
2018-08-28,45.96365737915039,53.70433807373047,43.48411560058594,26.384611129760746,24.56659698486328,80.48115539550781,67.85884857177734,25.40404319763184,25.893165588378903,34.83868408203125,20.76930809020996,256.6889343261719
2018-08-29,46.22259140014648,54.30691909790039,43.53252029418945,26.54693603515625,24.55800437927246,81.00447082519531,67.91134643554688,25.59549140930176,25.85503387451172,35.1541633605957,20.921306610107425,258.07000732421875
2018-08-30,45.93589782714844,53.99635696411133,43.3953971862793,26.472835540771484,24.368967056274418,80.94342803955078,67.43870544433594,25.29342269897461,25.717748641967773,35.04745101928711,20.929100036621097,257.0252685546875
2018-08-31,45.48274612426758,54.20956802368164,43.37926483154297,26.268165588378903,24.34318351745605,80.92599487304688,67.48247528076172,25.21683883666992,25.8169002532959,35.075294494628906,20.83946228027344,257.0341491699219
2018-09-04,44.91860961914063,54.31155776977539,43.32279968261719,26.211694717407227,24.463476181030277,80.2805404663086,67.42996215820312,25.04240608215332,25.588090896606445,34.94075393676758,20.93299865722656,256.59136962890625
2018-09-05,44.3359603881836,53.72750854492188,43.82289505004883,26.176410675048828,24.480669021606445,80.603271484375,67.91134643554688,25.20833206176757,25.74825859069824,34.504634857177734,21.225303649902344,255.90086364746097
2018-09-06,44.00304412841797,53.57917022705078,43.943885803222656,25.692968368530277,24.368967056274418,80.603271484375,68.12141418457031,25.25938034057617,25.83214950561523,34.25408935546875,21.34612274169922,255.13058471679688
2018-09-07,44.095516204833984,53.57454299926758,43.85516357421875,25.6894474029541,24.34318351745605,80.72538757324219,67.91134643554688,25.09345817565918,25.504196166992188,34.13811492919922,21.08498954772949,254.63478088378903
2018-09-10,44.18798828125,53.77386093139648,44.00841522216797,25.678857803344727,24.317401885986328,80.51602935791016,68.2614517211914,25.12323951721191,25.6414794921875,34.244815826416016,21.190229415893555,255.07748413085932
2018-09-11,44.63190460205078,54.20493698120117,43.84709167480469,25.922348022460938,24.34318351745605,80.44625091552734,68.24393463134766,25.174287796020508,25.64910888671875,34.53710174560547,21.13566780090332,255.91848754882807
2018-09-12,44.50244522094727,54.30691909790039,44.355262756347656,26.05643653869629,24.11977195739746,80.84747314453125,68.45401000976562,25.18705177307129,25.671985626220703,34.39327621459961,21.116180419921875,255.98045349121097
2018-09-13,44.81687545776367,54.39961242675781,44.29072952270508,26.067028045654297,24.085399627685547,81.85054016113281,68.86536407470703,25.2849178314209,25.83214950561523,34.79692459106445,21.27597045898437,257.4944763183594
2018-09-14,44.73362731933594,54.19567489624024,44.16973876953125,26.20464134216309,24.25725746154785,81.58014678955078,69.20673370361328,25.276403427124023,25.61097526550293,34.76909637451172,21.16295051574707,257.5387878417969
2018-09-17,44.29897689819336,53.523555755615234,44.33105850219727,26.246994018554688,24.154142379760746,81.28361511230469,69.23300170898438,25.365745544433597,25.755882263183597,34.33297348022461,21.233097076416016,256.17529296875
2018-09-18,44.61343002319336,54.20493698120117,44.14553451538086,26.419898986816406,24.27444267272949,81.75460815429688,69.86317443847656,25.39127540588379,25.60335159301757,34.551029205322266,21.194122314453125,257.5653381347656
2018-09-19,44.73362731933594,54.228118896484375,44.06486892700195,26.50105857849121,24.6868896484375,81.64120483398438,69.8019027709961,25.66781997680664,25.35928726196289,34.462867736816406,20.734230041503903,257.83984375
2018-09-20,45.22379684448242,54.59893798828125,44.62143707275391,26.508119583129883,24.901704788208008,82.4349594116211,69.90691375732422,25.94437026977539,25.549957275390625,34.87115478515625,20.777101516723636,259.9293518066406
2018-09-21,45.02164077758789,54.35765075683594,44.69292068481445,26.68327140808105,24.805044174194336,82.54615020751953,70.3590087890625,25.88836669921875,25.549957275390625,34.73335647583008,20.865583419799805,259.69189453125
2018-09-24,45.02164077758789,54.00432586669922,44.01058578491211,27.074121475219727,24.52885627746582,82.71250915527344,69.15408325195312,25.52501106262207,25.048980712890625,34.90560531616211,20.680757522583008,258.8290710449219
2018-09-25,45.04018783569336,54.23212814331055,43.75065231323242,27.248218536376957,24.433921813964844,82.45857238769531,68.9430160522461,25.39248847961425,25.02585220336914,34.863712310791016,20.397619247436523,258.5889892578125
2018-09-26,45.21637344360352,54.35765075683594,43.79938507080078,26.98529052734375,24.14046669006348,82.64250946044922,68.89903259277344,25.14027976989746,24.74839210510254,34.73335647583008,20.197065353393555,257.81524658203125
2018-09-27,45.60585403442383,54.54361724853515,43.74252700805664,26.98529052734375,24.054162979125977,83.06278228759766,68.99578857421875,24.92225646972656,24.825462341308597,34.93819808959961,20.40548324584961,258.53564453125
2018-09-28,45.438941955566406,54.49712371826172,43.80751419067383,26.91067695617676,23.803863525390625,83.31671905517578,68.95182037353516,24.764087677001957,25.133758544921875,35.06854248046875,20.704355239868164,258.5622863769531
2018-10-01,45.25346374511719,54.32975006103515,43.77501678466797,27.28375244140625,23.8988037109375,83.72828674316406,69.55864715576172,25.01202392578125,24.94107437133789,35.23613739013672,20.633569717407227,259.46063232421875
2018-10-02,45.21637344360352,53.59518814086914,44.026832580566406,27.31217193603516,23.8988037109375,83.63194274902344,69.71696472167969,25.11890411376953,24.86400032043457,35.24079513549805,20.91277313232422,259.30938720703125
2018-10-03,45.42037963867188,53.413875579833984,43.55569839477539,27.53245735168457,24.123205184936523,83.47431945800781,70.00720977783203,24.939355850219727,24.578821182250977,35.34786605834961,20.66109848022461,259.4516906738281
2018-10-04,44.7712516784668,52.5770263671875,43.45009613037109,27.41876220703125,24.28719139099121,82.65999603271484,69.7785415649414,24.82393455505371,24.46321678161621,34.7100830078125,20.77120590209961,257.4239501953125
2018-10-05,44.344688415527344,52.18184661865234,43.40946960449219,27.415206909179688,24.16636085510254,82.56368255615234,69.41793823242188,24.640119552612305,24.470930099487305,34.27248764038086,21.08972930908203,255.98306274414065
2018-10-08,44.196319580078125,52.316680908203125,44.01058578491211,27.39388656616211,24.33035087585449,82.52864074707031,69.59384155273438,24.627290725708008,24.78693199157715,33.8861083984375,21.26669311523437,255.98306274414065
2018-10-09,44.16850662231445,52.16326141357422,43.9131088256836,27.63904190063477,24.235410690307617,82.66875457763672,68.52088165283203,23.810800552368164,24.87170791625977,34.00712966918945,21.353206634521484,255.6095428466797
2018-10-10,42.42512893676758,50.4058837890625,43.38511657714844,26.77210998535156,23.48452377319336,80.71607971191406,66.31333923339844,23.18667793273925,24.4786319732666,32.359153747558594,21.235231399536133,247.51614379882807
2018-10-11,42.063472747802734,49.51791000366211,42.31287384033203,25.866086959838867,22.785425186157227,78.53575134277344,64.56317138671875,22.9173641204834,23.76184463500977,31.94947052001953,20.845922470092773,242.0642242431641
2018-10-12,43.00006484985352,50.43379211425781,42.54844284057617,25.93714714050293,22.81132125854492,79.74413299560547,64.994140625,22.981489181518555,23.74643325805664,32.97365188598633,20.82232666015625,245.42608642578125
2018-10-15,42.833152770996094,50.31755447387695,42.808380126953125,25.720409393310547,22.707746505737305,79.19247436523438,65.11723327636719,22.904542922973636,23.892868041992188,32.433631896972656,20.920635223388672,244.04754638671875
2018-10-16,43.9644775390625,51.326419830322266,43.28763961791992,25.9335880279541,23.08750534057617,81.36405181884766,66.21662902832031,23.27217483520508,24.33989906311035,33.4112434387207,21.13692092895508,249.38377380371097
2018-10-17,44.14068222045898,50.90333938598633,43.49070739746094,25.77015495300293,23.32053565979004,81.79312133789062,65.7328872680664,23.1225528717041,24.270532608032227,33.25762176513672,21.09759330749512,249.4283599853516
2018-10-18,43.33390426635742,49.927024841308594,43.4338493347168,25.642242431640625,22.932153701782227,80.86492919921875,64.59834289550781,22.861791610717773,24.278240203857425,32.60587310791016,21.129056930541992,245.8263702392578
2018-10-19,43.32464218139648,49.43886947631836,44.42486190795898,25.41485977172852,23.01845359802246,80.12940979003906,64.36089324951172,22.6993465423584,24.524873733520508,32.5919189453125,21.45938301086425,245.69284057617188
2018-10-22,43.29680633544922,49.63878631591797,44.09181594848633,25.1341609954834,22.526500701904297,79.47268676757812,64.14102172851562,22.51980781555176,24.178049087524418,32.86191940307617,21.321746826171875,244.5900421142578
2018-10-23,43.20408630371094,49.648075103759766,44.28677749633789,24.476842880249023,22.34525489807129,79.0436019897461,63.08563232421875,22.29751205444336,24.33218765258789,32.736228942871094,21.20377540588379,243.3448486328125
2018-10-24,41.14541244506836,48.16500473022461,44.47359085083008,23.51042366027832,21.784250259399418,76.43421173095703,60.948486328125,21.5921630859375,24.61736297607422,31.26980400085449,21.718921661376957,235.9719696044922
2018-10-25,42.50859451293945,49.62018203735352,44.57919692993164,23.79822158813477,22.120851516723636,77.4236831665039,61.379432678222656,21.870037078857425,24.91024780273437,32.34518051147461,21.3807373046875,240.20538330078125
2018-10-26,41.35871505737305,48.07666778564453,43.72628402709961,23.620569229125977,21.801511764526367,76.54804229736328,60.77259063720703,21.74178504943848,24.2628231048584,31.698081970214844,20.98748588562012,235.98085021972656
2018-10-29,40.71884536743164,47.65360641479492,44.22991180419922,23.17999649047852,21.99139404296875,76.74069213867188,59.761173248291016,21.690488815307617,24.66360855102539,31.162729263305664,21.282421112060547,234.67332458496097
2018-10-30,41.831642150878906,48.36956024169922,45.10719299316406,23.71649742126465,22.37114524841309,77.56379699707031,60.99244689941406,22.18636512756348,25.072099685668945,31.51187515258789,21.3650016784668,238.15090942382807
2018-10-31,42.69404220581055,48.992557525634766,44.68479919433594,23.86217880249023,22.681861877441406,77.66887664794922,61.45859146118164,22.48988151550293,24.73297691345215,32.26139068603516,21.11332321166992,240.69454956054688
2018-11-01,42.944427490234375,49.99211502075195,45.00159454345703,24.06470489501953,22.785425186157227,78.64956665039062,62.54035186767578,23.1225528717041,24.825462341308597,32.63846969604492,21.01894760131836,243.256103515625
2018-11-02,42.50859451293945,50.19667434692383,44.766021728515625,24.004295349121097,22.76816177368164,78.15921783447266,62.43482208251953,23.066984176635746,24.61736297607422,32.00068283081055,20.90097427368164,241.815185546875
2018-11-05,42.3323974609375,50.26642227172851,45.32651519775391,24.405792236328125,23.130653381347656,78.85099792480469,62.76022338867188,23.1353759765625,25.02585220336914,31.96810340881348,21.19590377807617,243.1492919921875
2018-11-06,42.58277893066406,50.48957824707031,45.60269165039063,24.51948356628418,23.251487731933597,79.25375366210938,63.419830322265625,23.51583671569824,25.16459274291992,32.16827392578125,21.33747673034668,244.68780517578125
2018-11-07,43.36171340942383,51.856407165527344,45.86263656616211,24.920974731445312,23.553571701049805,81.58294677734375,64.44884490966797,23.93904685974121,25.442052841186523,33.113304138183594,21.581287384033203,249.9264068603516
2018-11-08,42.95370864868164,51.870361328125,45.88700485229492,24.380918502807617,23.622617721557617,81.62673950195312,64.34332275390625,23.83645439147949,25.49600601196289,33.085384368896484,21.545896530151367,249.4727478027344
2018-11-09,42.07275772094727,51.149749755859375,46.155067443847656,24.338281631469727,23.40684700012207,81.39030456542969,63.69248580932617,23.50301170349121,25.526838302612305,32.512779235839844,21.57735824584961,247.0358428955078
2018-11-12,41.44218444824219,50.12228012084961,45.9113655090332,23.8337516784668,22.94078254699707,80.28702545166016,62.43482208251953,23.156753540039062,25.580781936645508,31.3675594329834,21.56555557250977,242.41998291015625
2018-11-13,41.31233978271485,50.09904861450195,45.80576705932617,23.28658103942871,23.070247650146484,79.72661590576172,62.716251373291016,23.088356018066406,25.634735107421875,31.40481758117676,21.656003952026367,241.96630859375
2018-11-14,41.516357421875,49.72246551513672,45.4970932006836,23.247499465942383,22.7595329284668,79.08739471435547,62.50518035888672,23.06270980834961,25.627031326293945,31.02772331237793,21.431856155395508,240.31211853027344
2018-11-15,41.82237243652344,49.648075103759766,45.42398834228515,23.588584899902344,23.09613990783691,79.78791046142578,63.33189010620117,23.379045486450195,25.426645278930664,31.80516242980957,21.25489616394043,242.82017517089844
2018-11-16,41.61836242675781,49.45281219482422,45.537715911865234,23.869279861450195,23.122034072875977,80.59349060058594,63.31429672241211,23.614158630371097,25.788888931274418,31.75396156311035,21.581287384033203,243.45162963867188
2018-11-19,40.35720443725586,48.24404144287109,45.46460723876953,23.86217880249023,23.113405227661133,79.5689926147461,62.31167602539063,23.276451110839844,25.858253479003903,30.54356575012207,21.6756649017334,239.33383178710932
2018-11-20,39.82860565185547,47.15150451660156,44.70916366577149,23.08050537109375,22.604177474975582,78.82471466064453,61.018829345703125,22.85324478149414,25.51912498474121,29.887168884277344,21.58522224426269,234.90463256835932
2018-11-21,40.30154800415039,47.64430618286133,44.35174560546875,23.442914962768555,22.62144088745117,78.3781509399414,61.44977569580078,23.037059783935547,25.50371551513672,30.10597038269043,21.26669311523437,235.70509338378903
2018-11-23,39.772979736328125,47.43043518066406,44.50608825683594,22.70743560791016,22.4401969909668,78.4919662475586,61.32666397094727,22.789121627807617,25.411222457885746,29.83130645751953,21.278491973876957,234.13088989257807
2018-11-26,40.6817512512207,48.49509811401367,44.56295394897461,23.048526763916016,22.897624969482425,79.25375366210938,61.77519226074219,23.04987907409668,25.465177536010746,30.50632095336914,21.404333114624023,237.9106903076172
2018-11-27,40.81157302856445,48.63921356201172,44.96097183227539,22.984575271606445,22.914892196655277,80.07686614990234,61.66967391967773,22.767745971679688,25.603910446166992,30.56684875488281,21.56555557250977,238.7112274169922
2018-11-28,41.66472625732422,50.075801849365234,45.33463287353515,23.37896156311035,23.355064392089844,82.00328063964844,63.1472053527832,23.1182804107666,25.812009811401367,31.6375732421875,21.549827575683597,244.2076416015625
2018-11-29,41.80382537841797,49.84333801269531,45.40774154663086,23.531736373901367,23.15654945373535,82.27468872070312,63.18236923217773,23.28500366210937,25.842832565307617,31.330331802368164,21.541961669921875,243.6739959716797
2018-11-30,41.73891067504883,50.20597076416016,45.70018005371094,23.48911666870117,23.277381896972656,83.94717407226562,63.79801559448242,23.344846725463867,26.08947372436523,31.62826156616211,21.86049461364746,245.1592254638672
2018-12-03,41.80382537841797,51.14510345458984,45.74079132080078,24.011402130126957,23.424108505249023,83.54438781738281,64.53678894042969,23.755226135253903,26.212785720825195,32.326560974121094,22.080711364746097,248.40545654296875
2018-12-04,40.57047271728515,49.30405426025391,44.9691047668457,23.322111129760746,22.405668258666992,81.67927551269531,61.79278945922851,23.04987907409668,25.86595726013184,31.10221099853516,22.09644317626953,240.35655212402344
2018-12-06,41.02487182617188,49.54115676879883,45.0178337097168,22.892194747924805,22.09496116638184,81.37278747558594,61.44977569580078,22.73782157897949,26.575040817260746,31.172042846679688,22.12003898620605,239.9919891357422
2018-12-07,40.245906829833984,48.05808639526367,44.44921875,22.76428985595703,21.672046661376957,79.29754638671875,59.83152389526367,22.19063949584961,26.174251556396484,30.07337760925293,22.202617645263672,234.4154815673828
2018-12-10,40.55193710327149,48.09526062011719,44.44921875,22.40898895263672,21.36996841430664,79.60401916503906,59.981048583984375,22.25048828125,26.07406044006348,30.487707138061523,22.245874404907227,234.86021423339844
2018-12-11,40.58901596069336,48.11387634277344,44.81475830078125,22.416088104248047,21.162830352783203,79.84918212890625,59.6292610168457,22.17782211303711,26.120302200317383,30.524946212768555,22.33631706237793,234.9135284423828
2018-12-12,41.02487182617188,48.62062454223633,44.75790786743164,22.504919052124023,21.283662796020508,80.53221893310547,59.96346282958984,22.370189666748047,25.627031326293945,30.762374877929688,22.194747924804688,236.09646606445312
2018-12-13,40.83940124511719,48.37886047363281,45.03409194946289,22.57597923278809,21.128307342529297,80.61097717285156,59.796348571777344,22.10942268371582,25.80430030822754,30.81358528137207,22.387439727783203,236.0163421630859
2018-12-14,40.44064712524414,47.57456970214844,44.27052688598633,22.06078147888184,20.921165466308597,77.89653015136719,58.96964645385742,21.93843078613281,25.758056640625,30.05941390991211,22.34418678283691,231.65841674804688
2018-12-17,39.65241622924805,46.36580276489258,43.24701690673828,21.659292221069336,20.71402740478516,76.34669494628906,58.00218963623047,21.562240600585938,24.79463195800781,29.4216423034668,21.624547958374023,227.11358642578125
2018-12-18,39.82860565185547,46.72843551635742,42.73526382446289,21.14765357971191,20.63634490966797,75.68118286132812,58.29243087768555,21.681941986083984,25.04127311706543,29.654407501220703,21.47904586791992,226.86456298828125
2018-12-19,38.97547912597656,45.80324935913086,42.320987701416016,20.89894294738769,20.377424240112305,74.69168090820312,57.19308090209961,21.3869743347168,24.810047149658203,29.06783103942871,21.443649291992188,223.46713256835932
2018-12-20,38.28925323486328,44.775787353515625,41.56554412841797,20.319795608520508,20.196176528930664,73.64093780517578,56.146480560302734,21.100561141967773,24.50946044921875,28.54643821716309,21.431856155395508,219.82957458496097
2018-12-21,37.03702163696289,43.761112213134766,41.134368896484375,20.122556686401367,19.792335510253903,72.72615814208984,55.08634567260742,20.91081428527832,24.134387969970703,27.679126739501957,21.34024810791016,215.32534790039065
2018-12-24,36.25554275512695,42.93031311035156,39.94574737548828,19.3084716796875,19.375469207763672,70.98451232910156,53.39614486694336,20.368677139282227,23.24542999267578,26.940393447875977,20.447927474975582,209.6358337402344
2018-12-26,38.29298400878906,45.4740104675293,41.06058120727539,20.50986862182617,20.252620697021484,74.08074951171875,55.88277816772461,21.280845642089844,23.986223220825195,28.567476272583008,20.72553443908691,220.2276611328125
2018-12-27,38.4697380065918,45.71672439575195,41.45406723022461,20.617462158203125,20.49578857421875,74.89878845214844,56.58185195922851,21.672378540039062,24.040807723999023,28.7731990814209,20.900035858154297,221.9184112548828
2018-12-28,38.34880447387695,45.72139358520508,41.45406723022461,20.459667205810547,20.48711204528809,74.98674774169922,56.43143081665039,21.55620765686035,24.1265869140625,28.707744598388672,20.951595306396484,221.63211059570312
2018-12-31,38.40462112426758,46.21146774291992,41.62621688842773,20.567251205444336,20.68685913085937,76.09505462646484,56.99777221679688,21.73691749572754,24.17337226867676,28.97892570495605,20.98728370666504,223.5733795166016
2019-01-02,38.91630935668945,46.561519622802734,41.38029861450195,20.97250366210937,20.86054992675781,74.9427719116211,57.28980255126953,21.84878921508789,23.619728088378903,28.997621536254883,20.626384735107425,223.8058929443359
2019-01-03,38.26508331298828,45.55337142944336,41.1425666809082,20.76449584960937,20.391582489013672,73.42105102539062,55.546504974365234,21.22921371459961,23.728899002075195,27.5341854095459,20.622426986694336,218.46534729003903
2019-01-04,39.91177749633789,47.060916900634766,42.01968765258789,21.470993041992188,21.068979263305664,75.61125946044922,57.652618408203125,22.06392288208008,23.97062873840332,28.754493713378903,20.92780113220215,225.7829742431641
2019-01-07,40.367652893066406,48.12508010864258,41.96230316162109,21.79016876220703,21.09503555297852,75.90152740478516,58.12163925170898,22.14137077331543,24.17337226867676,29.011653900146484,20.78502655029297,227.5632476806641
2019-01-08,41.04679489135742,48.65715789794922,42.34757995605469,21.95872688293457,21.112401962280277,76.49088287353516,58.91804885864258,22.37371063232422,24.594457626342773,29.25477600097656,21.042802810668945,229.70120239257807
2019-01-09,41.10262298583984,48.9045295715332,41.95410537719727,22.30659294128418,21.21662139892578,76.83393096923828,59.31625747680664,22.38231468200684,24.493087768554688,29.63349723815918,20.91590118408203,230.7747344970703
2019-01-10,41.18635559082031,48.764495849609375,42.20003509521485,22.37114524841309,21.22530174255371,76.98344421386719,60.12154006958008,22.58023834228516,24.88297843933105,29.764413833618164,21.18954467773437,231.5888671875
2019-01-11,40.98168182373047,48.81118392944336,42.32299041748047,22.238452911376957,21.27741050720215,77.2385482788086,60.05961227416992,22.48988342285156,24.929765701293945,29.70830535888672,21.1102237701416,231.6782684326172
2019-01-14,40.832820892333984,48.51247787475586,42.11805725097656,22.18465614318848,21.425050735473636,76.38532257080078,60.05074691772461,22.317777633666992,24.851791381835938,29.43245315551757,20.634321212768555,230.26480102539065
2019-01-15,41.51197814941406,48.951210021972656,42.53611755371094,22.263559341430664,21.616111755371097,77.75751495361328,59.86492156982422,22.171491622924805,25.13251304626465,29.87662506103516,20.888134002685547,232.90383911132807
2019-01-16,41.33521270751953,48.83918762207031,42.30660629272461,22.234867095947266,22.076396942138672,77.61677551269531,59.92686080932617,22.25754165649414,25.249481201171875,29.904682159423828,20.963483810424805,233.4674224853516
2019-01-17,41.50266647338867,49.17057418823242,42.48694610595703,22.439285278320312,22.19798469543457,78.30287170410156,60.95336532592773,22.649076461791992,25.374250411987305,30.09637451171875,21.05074119567871,235.23866271972656
2019-01-18,41.83758544921875,49.85200500488281,42.99517822265625,22.894739151000977,22.580114364624023,79.23529052734375,62.11260986328125,23.02341079711914,25.467817306518555,30.55457305908203,21.074535369873047,238.3697052001953
2019-01-22,40.97237014770508,49.105228424072266,42.6016960144043,22.396249771118164,22.31957054138184,78.68992614746094,60.8294792175293,22.705013275146484,25.421030044555664,30.040271759033203,21.114192962646484,235.14923095703125
2019-01-23,40.78630828857422,49.203250885009766,43.10993957519531,22.166725158691406,22.34562492370605,78.7778549194336,60.917964935302734,22.55011749267578,25.436628341674805,30.14312744140625,21.328344345092773,235.64126586914065
2019-01-24,40.97237014770508,49.40860366821289,42.57709884643555,22.285076141357425,22.397735595703125,78.1181869506836,61.22770690917969,22.42964172363281,25.53799819946289,30.395612716674805,21.43939018249512,235.76644897460932
2019-01-25,41.49337005615234,49.95468521118164,42.40496063232422,22.56839179992676,22.580114364624023,78.21491241455078,62.00642776489258,22.85560607910156,25.834318161010746,30.825756072998047,21.14591407775879,237.7614288330078
2019-01-28,41.13053131103515,49.66530227661133,42.58530044555664,22.34245491027832,22.51063346862793,77.32650756835938,61.41352081298828,22.821184158325195,26.091651916503903,30.414310455322266,21.046772003173828,235.95437622070312
2019-01-29,40.646759033203125,49.34326934814453,42.68366622924805,22.41059112548828,22.43247413635254,77.7047348022461,62.263031005859375,23.057832717895508,26.29438591003418,30.08702087402344,21.106258392333984,235.64126586914065
2019-01-30,41.232872009277344,50.314064025878906,42.9705810546875,22.726186752319336,22.562744140625,78.76907348632812,63.23646926879883,23.303083419799805,26.51272964477539,31.02212715148925,21.268857955932617,239.37161254882807
2019-01-31,42.91679382324219,50.77147674560547,43.765724182128906,22.873220443725582,22.52800750732422,79.75423431396484,63.51080703735352,22.954566955566406,26.770063400268555,30.98940086364746,21.717004776000977,241.473876953125
2019-02-01,42.76794052124024,50.02936553955078,43.62636947631836,23.271299362182617,22.623533248901367,79.8245849609375,63.60811614990234,23.02341079711914,26.60630798339844,31.171751022338867,21.63371467590332,241.59014892578125
2019-02-04,43.16798400878906,50.356075286865234,43.90507507324219,23.325092315673828,22.719064712524418,79.59590148925781,64.4311294555664,22.98468780517578,26.76226043701172,31.672033309936523,21.669408798217773,243.28990173339844
2019-02-05,43.64244842529297,50.82748031616211,43.913272857666016,23.36095428466797,22.658273696899418,79.48155975341797,64.9886245727539,23.152490615844727,26.94161796569824,31.938547134399418,21.71303367614746,244.309814453125
2019-02-06,42.66559982299805,50.61745071411133,43.92146301269531,23.188810348510746,22.632221221923828,79.84221649169922,65.00630950927734,23.014799118041992,26.7310733795166,32.04607009887695,21.701135635375977,243.9875946044922
2019-02-07,42.25624465942383,50.20205307006836,43.88867950439453,22.67597961425781,22.406417846679688,78.96259307861328,64.56385040283203,22.6964054107666,26.957210540771484,31.60656356811523,21.986677169799805,241.66180419921875
2019-02-08,42.54465103149414,50.00136184692383,44.09362030029297,22.57197570800781,22.29352378845215,79.11212921142578,64.66120147705078,22.674894332885746,26.957210540771484,31.788915634155277,22.081857681274418,241.95697021484372
2019-02-11,42.107398986816406,50.090030670166016,44.20839309692383,22.67956924438477,22.36299133300781,79.01537322998047,65.00630950927734,22.70931053161621,27.035194396972656,31.77488899230957,22.07392311096191,242.0912322998047
2019-02-12,42.59116744995117,50.86015319824219,44.55266571044922,22.966466903686523,22.693016052246097,80.09728240966797,66.01509857177734,23.21702766418457,26.848041534423828,32.1956901550293,22.12548065185547,245.20425415039065
2019-02-13,42.61907958984375,51.205543518066406,44.63465118408203,23.253368377685547,22.753807067871097,80.2732162475586,66.40448760986328,23.247140884399418,27.027393341064453,32.23775863647461,22.062026977539062,246.00045776367188
2019-02-14,42.77724075317383,51.01884078979492,44.13460159301758,23.33584976196289,22.47589874267578,80.45792388916016,66.09477996826172,23.126670837402344,27.12876510620117,32.29387283325195,22.026336669921875,245.4547882080078
2019-02-15,42.96331024169922,51.368900299072266,44.55266571044922,23.71240997314453,22.953556060791016,81.67179107666016,66.97968292236328,23.44076156616211,27.292518615722656,32.551021575927734,22.093753814697266,248.1295928955078
2019-02-19,43.00982666015625,51.57891845703125,44.78219604492188,23.78413963317871,22.98828887939453,81.4782485961914,66.95314025878906,23.587055206298828,27.323715209960938,32.56037902832031,22.224632263183597,248.5590057373047
2019-02-20,42.860965728759766,51.68160629272461,44.700225830078125,23.884552001953125,23.135927200317383,81.38151550292969,67.27168273925781,23.99150657653809,27.15215301513672,32.5977897644043,22.32377815246582,249.0598907470703
2019-02-21,42.4609260559082,51.57891845703125,44.83137893676758,23.51516532897949,23.014347076416016,80.66902923583984,66.99737548828125,23.89684295654297,27.198951721191406,32.6118049621582,22.486377716064453,248.17433166503903
2019-02-22,42.860965728759766,51.85897064208984,44.618263244628906,23.58330726623535,22.979604721069336,81.40791320800781,67.43983459472656,24.000110626220703,27.354904174804688,33.02793502807617,22.62518119812012,249.71307373046875
2019-02-25,42.90748977661133,51.6862678527832,44.372337341308594,23.62275695800781,23.07513999938965,81.5222396850586,67.70532989501953,24.154998779296875,27.12876510620117,33.1869010925293,22.47844886779785,250.052978515625
2019-02-26,42.90748977661133,51.75628662109375,44.39691925048828,23.54744529724121,23.00565719604492,81.23197174072266,67.51948547363281,24.017318725585938,27.07417678833008,33.25702667236328,22.45067977905273,249.8739471435547
2019-02-27,42.69351959228515,51.71894073486328,44.33134078979492,23.637102127075195,23.092506408691406,80.85375213623047,67.78496551513672,23.978591918945312,26.988405227661133,33.224300384521484,22.47844886779785,249.7666473388672
2019-02-28,42.7214241027832,51.43888473510742,44.544471740722656,23.400405883789062,23.031707763671875,80.61625671386719,67.55487823486328,23.686010360717773,27.06637954711914,33.130794525146484,22.609317779541016,249.3015594482422
2019-03-01,43.05635070800781,51.85429382324219,44.4625129699707,23.830751419067383,23.179351806640625,81.75973510742188,67.6168212890625,23.655895233154297,27.035194396972656,33.35521697998047,22.65690803527832,250.85809326171875
2019-03-04,43.11216735839844,51.69093704223633,44.38873291015625,23.87379264831543,23.031707763671875,80.65144348144531,67.31595611572266,23.76346015930176,27.144359588623047,33.22897720336914,22.69656753540039,249.945556640625
2019-03-05,43.38197326660156,51.821624755859375,44.35593795776367,23.79489517211914,22.94486618041992,80.60745239257812,66.8823471069336,23.651592254638672,27.222335815429688,33.130794525146484,22.668798446655277,249.6056060791016
2019-03-06,43.36335372924805,51.57891845703125,44.29034423828125,23.49365234375,22.79723358154297,79.42877197265625,66.25405883789062,23.703222274780277,27.15215301513672,32.957801818847656,22.668798446655277,248.0938720703125
2019-03-07,42.98192596435547,50.95348739624024,44.0034408569336,23.353784561157227,22.562744140625,78.80426025390625,65.85581970214844,23.50960350036621,27.12876510620117,32.64453887939453,22.744155883789062,246.0184326171875
2019-03-08,42.95399856567383,50.59877395629883,44.02803421020508,22.916261672973636,22.554054260253903,78.63713073730469,65.72309875488281,23.54833221435547,27.15215301513672,32.639869689941406,22.823474884033203,245.52635192871097
2019-03-11,43.726200103759766,51.294212341308594,44.60186004638672,23.274883270263672,22.78854179382324,79.53433227539062,66.28059387207031,23.883939743041992,27.573240280151367,33.341182708740234,22.98607063293457,249.08676147460932
2019-03-12,43.92155456542969,51.43888473510742,44.618263244628906,23.42550277709961,22.840648651123047,80.11488342285156,65.73194122314453,23.974292755126957,27.72139358520508,33.537559509277344,23.14470672607422,250.02606201171875
2019-03-13,44.05180740356445,51.62092971801758,44.87238311767578,23.662199020385746,22.996976852416992,80.97686767578125,66.30712890625,24.090463638305664,27.853973388671875,33.75731658935547,23.16849899291992,251.68104553222656
2019-03-14,43.8564453125,51.4669075012207,44.83137893676758,23.687305450439453,23.08382225036621,80.84496307373047,66.0859146118164,23.90975570678711,27.924148559570312,33.82744598388672,23.164531707763672,251.52008056640625
2019-03-15,43.82195281982422,51.79708099365234,45.085243225097656,23.677913665771484,23.24530792236328,81.21663665771484,65.85272216796875,23.93956756591797,27.809642791748047,34.23693084716797,23.248432159423828,252.76271057128903
2019-03-18,43.44916534423828,52.29819107055664,45.15118408203125,24.00682258605957,23.480993270874023,81.09304809570312,66.49353790283203,23.99574279785156,27.668481826782227,34.38234329223633,23.16053771972656,253.67922973632807
2019-03-19,43.52372741699219,52.560455322265625,45.11822509765625,23.94175720214844,23.297685623168945,81.7375259399414,66.25325775146484,23.96549797058105,27.59004783630371,34.45270538330078,22.896852493286133,253.74203491210932
2019-03-20,43.9151496887207,52.63539505004883,44.92864227294922,24.15139389038086,22.81758499145508,81.17250061035156,65.79930877685547,23.943893432617188,27.715538024902344,34.358890533447266,22.95677947998047,252.978271484375
2019-03-21,44.49299621582031,53.35660934448242,45.456146240234375,24.32126808166504,22.74775695800781,81.49034881591797,66.43122863769531,24.19884490966797,28.209613800048828,35.22197341918945,23.200496673583984,255.8356781005859
2019-03-22,43.77536392211914,52.29819107055664,45.39845275878906,23.66344833374023,22.119272232055664,80.00709533691406,64.92708587646484,23.47719383239746,28.0762882232666,34.39173126220703,23.368295669555664,250.91180419921875
2019-03-25,43.7007942199707,52.60727310180664,45.48911285400391,23.674299240112305,22.023252487182617,79.96292877197266,65.07842254638672,23.433988571166992,28.099815368652344,34.24163055419922,23.38827514648437,250.7230987548828
2019-03-26,43.9151496887207,52.83208847045898,45.87649917602539,24.014047622680664,22.285120010375977,80.51033782958984,65.51451110839844,23.576587677001957,28.272350311279297,34.42926025390625,23.556072235107425,252.59194946289065
2019-03-27,43.598270416259766,52.7243766784668,45.71989822387695,23.84417152404785,22.18909454345703,79.83934020996094,65.58572387695312,23.54633522033691,28.178245544433597,34.23225021362305,23.392263412475582,251.27120971679688
2019-03-28,43.49575805664063,53.04282379150391,45.94243621826172,23.93453025817871,22.381139755249023,80.04241943359375,66.06632995605469,23.775362014770508,28.41352844238281,34.37296676635742,23.116594314575195,252.22352600097656
2019-03-29,43.58896255493164,53.31914138793945,46.24740982055664,23.89838981628418,22.44223976135254,81.00475311279297,66.77835845947266,23.98278045654297,28.40567779541016,34.710693359375,23.24044418334961,253.81402587890625
2019-04-01,44.25067138671875,53.90454864501953,46.090797424316406,24.21283912658691,22.992162704467773,81.12833404541016,68.15790557861328,24.34144401550293,28.319414138793945,35.18444061279297,23.08063125610352,256.82403564453125
2019-04-02,44.48366928100586,53.89518356323242,45.7116584777832,24.04657554626465,22.97471237182617,80.94293975830078,68.13117980957031,24.42354393005371,28.56252670288086,35.30640411376953,23.112592697143555,256.9497985839844
2019-04-03,44.65142822265625,54.2745361328125,45.48911285400391,23.81525421142578,23.044544219970703,80.8370132446289,67.92649841308594,24.743310928344727,28.531158447265625,35.592533111572266,23.076641082763672,257.3541259765625
2019-04-04,44.90306091308594,54.71476745605469,45.662208557128906,24.014047622680664,23.1842041015625,80.66926574707031,68.34478759765625,24.99394416809082,28.44489097595215,35.44243240356445,22.996734619140625,258.0370178222656
2019-04-05,45.03353500366211,55.03790664672851,45.81880187988281,24.43693351745605,23.21912002563477,81.22544860839844,68.54060363769531,24.98530387878418,28.664480209350582,35.61129379272461,23.21247673034668,259.28594970703125
2019-04-08,44.94966125488281,55.23461151123047,46.00837326049805,24.54537010192871,23.24530792236328,81.20780944824219,68.24687194824219,24.99394416809082,28.5233154296875,35.747318267822266,23.04867172241211,259.483642578125
2019-04-09,45.07081604003906,54.73816680908203,45.950679779052734,24.2453670501709,23.053272247314453,80.99591064453125,67.32123565673828,24.81245231628418,28.43704414367676,35.578460693359375,23.1046085357666,258.1537780761719
2019-04-10,45.26653289794922,55.000450134277344,46.08255386352539,24.33572769165039,23.12310028076172,81.02240753173828,67.30345153808594,24.79949188232422,28.664480209350582,35.82706069946289,23.03269386291504,259.0343322753906
2019-04-11,45.29449081420898,55.07069778442383,46.1732292175293,24.353797912597656,23.26276969909668,80.02477264404297,67.8819580078125,24.786529541015625,28.625274658203125,35.7801628112793,23.14854621887207,258.96246337890625
2019-04-12,45.68593597412109,55.41256713867188,46.321590423583984,24.41886138916016,23.690488815307617,79.29196166992188,68.78087615966797,25.11494255065918,28.78211975097656,36.02875518798828,23.256423950195312,260.71466064453125
2019-04-15,45.64864730834961,55.52497482299805,46.59357833862305,24.27428817749023,23.542097091674805,79.60977935791016,68.398193359375,24.99827003479004,28.609582901000977,36.01468276977539,23.2524356842041,260.5438537597656
2019-04-16,45.69524765014648,55.76850509643555,46.60183334350586,24.433311462402344,23.873798370361328,77.97645568847656,68.81649017333984,25.110618591308597,27.935121536254883,36.19761657714844,22.964771270751957,260.71466064453125
2019-04-17,45.77913665771485,55.87621307373047,46.832611083984375,24.40078926086425,23.93489646911621,75.73391723632812,68.9054946899414,24.955053329467773,27.64495849609375,36.39932632446289,22.87687492370605,260.0766296386719
2019-04-18,45.80709838867188,55.85747909545898,46.87382125854492,24.28512954711914,23.86507225036621,75.8575210571289,69.69760131835938,24.98530387878418,27.86454200744629,36.50251388549805,22.888858795166016,260.5888061523437
2019-04-22,46.01212310791016,55.646732330322266,46.89030075073242,24.79836845397949,23.795236587524418,75.90165710449219,69.4840087890625,24.8167781829834,27.55867958068848,36.58694076538086,22.868881225585938,260.8134765625
2019-04-23,46.627227783203125,56.31174850463867,46.74193572998047,24.758615493774418,23.943626403808597,77.10240173339844,70.08922576904297,24.929128646850582,27.872385025024418,36.98564910888672,22.93280792236328,263.1585388183594
2019-04-24,46.412872314453125,56.36328125,46.84084701538086,24.324886322021484,23.91743850708008,77.01409149169922,69.88451385498047,24.7735652923584,28.06844520568848,36.99971389770508,23.08063125610352,262.5746154785156
2019-04-25,46.93478775024414,56.06823348999024,46.54412841796875,24.24898338317871,23.961090087890625,77.80870819091797,68.47828674316406,24.45811462402344,28.03707504272461,36.9903450012207,23.176523208618164,262.4127502441406
2019-04-26,47.30758285522461,56.51314926147461,46.964481353759766,23.93453025817871,24.17930793762207,78.58563995361328,68.99449920654297,24.66122055053711,28.225303649902344,36.84961318969727,23.21247673034668,263.63482666015625
2019-04-29,47.73628616333008,56.316436767578125,47.02217483520508,23.912845611572266,24.423723220825195,78.44439697265625,69.15471649169922,24.61368179321289,27.935121536254883,36.8589973449707,23.076641082763672,264.0481262207031
2019-04-30,46.66450881958008,56.23214340209961,47.56617736816406,23.894775390625,24.45864486694336,78.80638122558594,69.43061065673828,24.825422286987305,28.25667190551757,36.91997146606445,23.456188201904297,264.1828918457031
2019-05-01,46.42219924926758,55.54838562011719,46.980953216552734,23.41766929626465,24.25786781311035,78.66511535644531,68.97669982910156,24.37600898742676,28.25667190551757,36.82616424560547,23.21647453308105,262.1972045898437
2019-05-02,46.23579788208008,55.59053039550781,46.964481353759766,23.00924491882324,24.28406143188477,79.00060272216797,68.94109344482422,24.25069808959961,28.311569213867188,36.63386154174805,23.164535522460938,261.6310729980469
2019-05-03,46.68315887451172,56.2462043762207,47.31890869140625,23.22249412536621,24.502286911010746,79.6009750366211,69.77772521972656,24.48836708068848,28.507631301879883,36.98095703125,23.292383193969727,264.19189453125
2019-05-06,46.608585357666016,55.90431213378906,47.244720458984375,23.244186401367188,24.33643341064453,80.00709533691406,69.1102066040039,24.138351440429688,28.38998794555664,36.6948356628418,23.164535522460938,263.10467529296875
2019-05-07,45.85369491577149,55.0566291809082,46.77490997314453,23.04177474975586,23.93489646911621,78.47087097167969,67.71284484863281,23.71486091613769,27.90375709533691,35.90680313110352,23.09262084960937,258.7108764648437
2019-05-08,45.77913665771485,55.075382232666016,46.76666641235352,23.04177474975586,23.88252639770508,78.63861083984375,67.71284484863281,23.69325828552246,27.90375709533691,35.86458969116211,22.776994705200195,258.3515319824219
2019-05-09,45.63933944702149,54.8505744934082,46.667755126953125,23.04177474975586,23.830148696899418,78.47087097167969,67.61498260498047,23.507448196411133,27.997865676879883,35.62067031860352,22.7490291595459,257.5697937011719
2019-05-10,45.76982498168945,54.9301872253418,47.23647689819336,23.150209426879883,23.98727226257324,78.49736022949219,67.8819580078125,23.827219009399418,28.319414138793945,35.73324966430664,23.15654563903809,258.8637390136719
2019-05-13,44.35318374633789,53.29572296142578,46.79140472412109,22.752628326416016,23.288957595825195,77.02291870117188,65.95061492919922,23.2913818359375,28.319414138793945,34.387046813964844,23.40425491333008,252.35833740234372
2019-05-14,44.60482025146485,53.83429336547851,47.013938903808594,23.03093147277832,23.472267150878903,77.41139221191406,66.63597106933594,23.490161895751957,28.421367645263672,34.940528869628906,23.248432159423828,254.6405792236328
2019-05-15,45.60205078125,54.19960021972656,47.38484191894531,23.150209426879883,23.384973526000977,77.64095306396484,66.72493743896484,23.42966651916504,28.609582901000977,35.32048416137695,23.208484649658203,256.1321105957031
2019-05-16,46.00279998779297,54.70071792602539,47.75575256347656,23.276710510253903,23.62065315246582,78.25015258789062,67.33905792236328,23.758075714111328,28.774282455444336,35.64412307739258,23.364303588867188,258.5043029785156
2019-05-17,45.66730117797851,54.28390502929688,47.59913635253906,23.04177474975586,23.463529586791992,78.08238983154297,66.59144592285156,23.615476608276367,28.73506164550781,35.35799026489258,23.48415756225586,256.8329467773437
2019-05-20,44.912376403808594,53.89986801147461,47.48373794555664,23.052614212036133,23.489723205566406,78.04707336425781,66.42233276367188,23.27842140197754,28.272350311279297,34.7435302734375,23.516122817993164,255.13478088378903
2019-05-21,45.40631866455078,54.2745361328125,47.38484191894531,23.32008171081543,23.734130859375,78.77986907958984,67.20555877685547,23.63708114624023,28.507631301879883,35.170379638671875,23.5600643157959,257.4349975585937
2019-05-22,45.35973358154297,53.71722030639648,47.59913635253906,22.958642959594727,23.594470977783203,79.23015594482422,66.65374755859375,23.47287368774414,28.64095115661621,34.9874382019043,23.735858917236328,256.6442565917969
2019-05-23,44.72598648071289,53.05220031738281,47.58264923095703,22.188777923583984,23.26276969909668,78.95645141601562,65.63911437988281,23.11421203613281,28.78211975097656,34.37296676635742,23.939620971679688,253.5084381103516
2019-05-24,44.71667098999024,53.1224479675293,47.40956878662109,22.271907806396484,23.44607162475586,79.07123565673828,65.66580963134766,23.243852615356445,28.821334838867188,34.38234329223633,23.90365600585937,254.08352661132807
2019-05-28,44.912376403808594,52.77119064331055,46.63478469848633,22.040586471557617,23.17547607421875,77.9411392211914,65.06060028076172,23.01050567626953,28.5233154296875,34.283836364746094,23.512121200561523,251.7204132080078
2019-05-29,44.47434997558594,52.3028678894043,46.296852111816406,21.899627685546875,23.1318359375,77.1906967163086,64.76690673828125,23.01482582092285,28.193931579589844,34.08213806152344,23.200496673583984,250.0311737060547
2019-05-30,44.57687377929688,52.64474105834961,46.49467849731445,21.621318817138672,23.053272247314453,77.61447143554688,65.01612091064453,23.05371856689453,28.36646270751953,34.2932243347168,23.164535522460938,250.7140045166016
2019-05-31,43.88719177246094,51.95630645751953,45.83528137207031,21.241804122924805,22.7041130065918,77.05824279785156,64.1260757446289,22.79444122314453,28.601736068725582,33.72096252441406,23.272411346435547,247.33563232421875
2019-06-03,42.507850646972656,51.52076721191406,46.41225051879883,21.51288604736328,22.85250663757324,77.24365997314453,64.56218719482422,23.511768341064453,28.71154022216797,33.12994766235352,23.504131317138672,246.70664978027344
2019-06-04,43.42121505737305,52.91637802124024,46.832611083984375,21.885168075561523,23.472267150878903,78.52384948730469,66.10194396972656,24.17291259765625,28.5546875,34.23693084716797,23.524112701416016,252.0618896484375
2019-06-05,43.43984603881836,53.17864608764648,47.36835479736328,21.64300537109375,23.62065315246582,79.11537170410156,66.74273681640625,24.350086212158203,29.20561790466309,34.68254089355469,24.027517318725582,254.24522399902344
2019-06-06,43.626243591308594,53.45027160644531,47.86289596557617,22.0442008972168,23.70794677734375,79.52151489257812,66.85845184326172,24.639604568481445,29.26051521301269,35.0859489440918,24.17534065246582,255.89846801757807
2019-06-07,44.33455276489258,54.22301864624024,48.32445526123047,22.14540672302246,23.67302894592285,80.35144805908203,67.39246368408203,24.859987258911133,29.35462760925293,35.737937927246094,23.99555015563965,258.4592590332031
2019-06-10,44.29726409912109,54.68197250366211,48.340946197509766,22.210464477539062,23.873798370361328,80.58978271484375,67.48148345947266,24.9031982421875,29.252668380737305,36.103797912597656,23.83174514770508,259.6454467773437
2019-06-11,44.48366928100586,54.89273452758789,48.4975471496582,22.25383758544922,23.88252639770508,80.45734405517578,66.90294647216797,24.885915756225582,29.30756950378418,36.103797912597656,23.687915802001957,259.5824584960937
2019-06-12,44.269309997558594,54.87867736816406,48.57172393798828,21.939382553100582,23.64684295654297,80.8458251953125,67.04537963867188,24.968015670776367,29.417360305786133,35.902095794677734,23.99555015563965,259.1242370605469
2019-06-13,44.76326751708984,55.370418548583984,48.67888259887695,22.19600296020508,23.725399017333984,80.74870300292969,67.38356018066406,25.11494255065918,29.45658302307129,36.00999069213867,24.043493270874023,260.19342041015625
2019-06-14,44.84714889526367,55.492183685302734,48.70361328125,22.05143165588379,23.77777862548828,80.56330871582031,67.1165542602539,25.006912231445312,29.58206367492676,35.69572448730469,24.29519462585449,259.9059753417969
2019-06-17,45.35973358154297,55.515602111816406,48.56348037719727,22.235763549804688,23.559555053710938,80.92530059814453,66.88516235351562,24.77788734436035,29.90360641479492,35.72388458251953,24.22727394104004,260.0047607421875
2019-06-18,45.61136245727539,55.93709945678711,48.29973220825195,22.54298973083496,23.873798370361328,81.61393737792969,68.1845932006836,24.972339630126957,29.81733131408691,36.37117767333984,24.127391815185547,262.7272644042969
2019-06-19,45.66730117797851,56.04014205932617,48.4975471496582,22.517688751220703,23.830148696899418,82.34672546386719,68.13117980957031,24.83406448364257,30.013399124145508,36.50251388549805,24.31117820739746,263.3203125
2019-06-20,45.95621109008789,56.428829193115234,48.92613983154297,23.016469955444336,23.93489646911621,82.70873260498047,69.27041625976562,25.149513244628903,30.19376945495605,37.0372428894043,24.46699333190918,265.836181640625
2019-06-21,46.15053939819336,56.16755676269531,48.767520904541016,23.18279838562012,23.88138198852539,83.10595703125,68.9012222290039,25.06952667236328,29.85624122619629,36.86214065551758,24.56163024902344,265.4496765136719
2019-06-24,46.26263046264648,55.86677551269531,48.89208984375,22.974899291992188,23.784875869750977,82.6714859008789,68.76715850830078,25.1651611328125,29.7060546875,36.932743072509766,24.56968307495117,265.12469482421875
2019-06-25,45.40313720703125,55.33105850219727,48.86717987060547,22.79252243041992,23.705909729003903,82.33454132080078,68.24869537353516,25.178199768066406,29.30291557312012,36.254913330078125,24.420679092407227,262.5243835449219
2019-06-26,45.22564315795898,55.50963592529297,48.1695556640625,23.142671585083008,23.66204643249512,81.29718017578125,68.41853332519531,25.13473129272461,28.73377227783203,36.64562225341797,23.88909339904785,262.2624816894531
2019-06-27,45.54328155517578,55.85739517211914,48.26090240478515,22.97124671936035,23.872608184814453,81.86461639404297,68.4810791015625,25.21732711791992,28.970911026000977,36.73975372314453,23.92131233215332,263.1924743652344
2019-06-28,45.982364654541016,56.01716613769531,48.22768020629883,23.23750305175781,24.214773178100582,82.1395034790039,69.20516967773438,25.43033027648925,29.065767288208008,36.73504257202149,24.013940811157227,264.5468139648437
2019-07-01,46.35604476928711,56.51060485839844,48.51835632324219,23.259389877319336,24.50429916381836,82.5473403930664,69.26773071289062,25.625947952270508,29.010438919067383,37.31874084472656,23.95353126525879,266.9485778808594
2019-07-02,46.78579330444336,56.63279724121094,48.94192123413086,22.88735580444336,24.44288444519043,82.99067687988281,69.17832946777344,25.59986686706543,29.547962188720703,37.41758346557617,24.27972984313965,267.6437072753906
2019-07-03,47.0286865234375,57.12623596191406,49.54819107055664,22.978540420532227,24.63590812683105,83.70000457763672,69.56271362304688,25.730270385742188,29.974817276000977,37.70472717285156,24.448869705200195,269.7835388183594
2019-07-05,47.09408187866211,57.19202423095703,49.33225631713867,23.011369705200195,24.706090927124023,83.12366485595703,69.2856216430664,25.6129093170166,29.808815002441406,37.63412857055664,24.436786651611328,269.4765930175781
2019-07-08,46.67369079589844,57.26251602172851,49.39870834350586,23.0441951751709,24.58326530456543,82.50302124023438,68.7135009765625,25.31731414794922,29.91948509216309,37.34696960449219,24.473033905029297,267.9958801269531
2019-07-09,46.96329879760742,57.32361602783203,49.108028411865234,23.062429428100582,24.62713050842285,82.58282470703125,68.56155395507812,25.06952667236328,30.07757377624512,37.47878646850586,24.5052490234375,268.32989501953125
2019-07-10,47.49581146240234,57.53038024902344,49.42362976074219,23.357872009277344,24.53939247131348,82.8665542602539,68.40064239501953,25.017358779907227,30.24357414245605,37.77534103393555,24.56163024902344,269.6119689941406
2019-07-11,47.52382659912109,57.64786911010742,49.54819107055664,23.40529060363769,24.679765701293945,82.88427734375,68.865478515625,25.126039505004883,29.85624122619629,37.91655349731445,24.56968307495117,270.2440795898437
2019-07-12,47.86949157714844,58.310489654541016,49.68937301635742,23.50376510620117,24.84646415710449,81.962158203125,70.07221984863281,25.37381935119629,29.7376766204834,38.19427490234375,24.408597946166992,271.4538879394531
2019-07-15,47.87883377075195,58.49847412109375,49.805660247802734,23.292219161987305,24.706090927124023,82.1395034790039,69.78620147705078,25.391202926635746,29.77720260620117,38.321380615234375,24.5052490234375,271.54425048828125
2019-07-16,47.766727447509766,58.42327880859375,49.822265625,23.0441951751709,24.644672393798828,81.73162841796875,70.23313903808594,25.452068328857425,29.729774475097656,37.96363067626953,24.36429786682129,270.6684875488281
2019-07-17,47.31830978393555,57.86404800415039,49.76411819458008,22.781583786010746,24.434112548828125,81.74935913085938,68.73140716552734,25.22601890563965,29.57958221435547,37.864776611328125,24.45692253112793,268.8265075683594
2019-07-18,46.93526840209961,57.788856506347656,50.09634017944336,22.78523063659668,24.618349075317383,82.21043395996094,68.8565444946289,25.334697723388672,29.571672439575195,38.147216796875,24.67036437988281,269.81072998046875
2019-07-19,46.32801818847656,57.40821075439453,49.78074645996094,22.89100646972656,24.513072967529297,81.35922241210938,69.23197937011719,25.391202926635746,29.089479446411133,37.98245620727539,24.31194496154785,268.3118896484375
2019-07-22,46.505516052246094,57.44110107421875,49.49006652832031,22.99677848815918,24.565711975097656,81.19075775146484,69.2856216430664,25.32600212097168,29.057861328125,38.42022705078125,24.259593963623047,268.97100830078125
2019-07-23,46.68302536010742,57.83113861083984,49.84718322753906,23.05878639221191,24.820144653320312,81.69615936279297,70.16161346435547,25.84765243530273,29.342432022094727,38.63203811645508,24.106565475463867,270.8941345214844
2019-07-24,47.09408187866211,58.12251663208008,49.51497650146485,23.157262802124023,25.074573516845703,81.74051666259766,70.4655532836914,25.830263137817383,29.31871795654297,38.95214080810547,24.12669944763184,272.16717529296875
2019-07-25,46.97263717651367,57.79824447631836,49.5814094543457,22.8946533203125,24.899099349975582,81.34149169921875,70.32252502441406,25.64333724975586,29.192249298095703,38.792110443115234,24.06628799438477,270.8670349121094
2019-07-26,48.31792068481445,58.061431884765625,50.13786697387695,22.77793502807617,25.17108154296875,81.63408660888672,70.17056274414062,25.67376708984375,29.28710174560547,38.87681579589844,24.15488815307617,272.6818542480469
2019-07-29,48.04698181152344,57.77944564819336,50.22920989990234,22.68675422668457,24.978063583374023,81.97103118896484,70.0454330444336,25.58682632446289,29.397764205932617,38.8532829284668,24.27972984313965,272.18524169921875
2019-07-30,47.82277297973633,57.389408111572266,50.37870788574219,22.942068099975582,24.90787696838379,81.61638641357422,70.34934997558594,25.7563591003418,29.69025039672852,38.60380554199219,24.094480514526367,271.5171203613281
2019-07-31,47.43974685668945,56.73147964477539,49.357177734375,22.869123458862305,24.78504943847656,80.80952453613281,69.56271362304688,25.36077690124512,29.571672439575195,38.020111083984375,23.98171615600586,268.546630859375
2019-08-01,47.21554183959961,55.960784912109375,49.18277359008789,22.351186752319336,24.223546981811523,80.91590881347656,68.21293640136719,25.21732711791992,29.64281272888184,37.82711791992188,24.22738075256348,266.20819091796875
2019-08-02,46.75776672363281,55.50022888183594,49.19106674194336,22.03022575378418,24.214773178100582,80.72970581054688,67.77494049072266,24.92172622680664,29.872053146362305,37.210479736328125,24.223344802856445,264.20379638671875
2019-08-05,45.24431991577149,54.0105094909668,47.912086486816406,21.373685836791992,23.407615661621097,78.832275390625,65.89775848388672,24.452241897583008,29.30291557312012,35.65709686279297,23.877016067504883,256.2582702636719
2019-08-06,45.89828109741211,54.83292007446289,48.34396743774414,21.34815788269043,23.784875869750977,79.8519287109375,66.88996887207031,24.4826717376709,29.666528701782227,36.25019454956055,24.17502212524414,259.8518371582031
2019-08-07,45.95433807373047,55.05379104614258,48.90869903564453,21.187671661376957,23.469032287597656,79.87853240966797,66.85423278808594,24.82173728942871,29.943199157714844,36.47614288330078,24.23543167114257,260.0052795410156
2019-08-08,46.87921524047851,56.11586380004883,49.53989028930664,21.79678726196289,23.91647720336914,80.9425048828125,67.98947143554688,25.29557037353516,30.41748046875,37.37051010131836,24.48511505126953,265.1066589355469
2019-08-09,46.35604476928711,55.58952331542969,49.26582336425781,21.556058883666992,23.837512969970703,81.04004669189453,67.41737365722656,25.095605850219727,30.409570693969727,36.946868896484375,24.5133056640625,263.3008728027344
2019-08-12,45.86090850830078,54.78123092651367,48.93362045288086,21.300745010375977,23.38129615783691,80.25092315673828,66.48770141601562,24.704370498657227,30.385862350463867,36.46202087402344,24.464975357055664,260.0956420898437
2019-08-13,46.53355407714844,55.68350982666016,49.49006652832031,21.49770164489746,23.670822143554688,81.29718017578125,67.28329467773438,24.96954345703125,30.40167999267578,37.37522888183594,24.481090545654297,264.1405944824219
2019-08-14,44.87998962402344,53.94002151489258,48.709381103515625,20.65515518188477,22.79347038269043,79.03618621826172,65.22735595703125,24.178380966186523,29.927385330200195,36.22665786743164,24.27972984313965,256.3305053710937
2019-08-15,44.9547233581543,53.85073852539063,49.44022750854492,20.527496337890625,22.90752601623535,79.31108856201172,65.15583801269531,24.18707275390625,30.34633445739746,36.1607551574707,24.593849182128903,257.0077209472656
2019-08-16,45.53393173217773,54.46166610717773,50.00496673583984,20.797401428222656,23.31110382080078,80.28639221191406,66.41620635986328,24.613082885742188,30.55977439880371,36.84801483154297,24.71868896484375,260.7998046875
2019-08-19,46.24394226074219,55.14777374267578,50.50328063964844,21.256975173950195,23.54798889160156,81.05777740478516,67.04192352294922,24.808706283569336,30.836448669433597,37.40817642211914,24.87574958801269,263.9418640136719
2019-08-20,45.935646057128906,55.161869049072266,49.95514297485352,21.0782527923584,23.23214530944824,80.3661880493164,66.64863586425781,24.517446517944336,30.60719490051269,37.21989059448242,24.83547592163086,261.9194641113281
2019-08-21,46.1131477355957,56.22394561767578,50.0880241394043,21.21320915222168,23.33742332458496,80.9602279663086,67.05982208251953,24.64350891113281,30.73366928100586,37.65766143798828,25.00058937072754,264.05029296875
2019-08-22,46.0103874206543,56.23803329467773,50.353797912597656,21.11837387084961,23.49535179138184,80.56124114990234,67.15814971923828,24.47832489013672,30.88386344909668,37.56821823120117,25.024751663208008,263.9690246582031
2019-08-23,44.74919128417969,54.743629455566406,49.51497650146485,20.410778045654297,22.898752212524418,78.69926452636719,65.3614273071289,23.88712501525879,30.49652862548828,36.32551193237305,24.75896453857422,257.18829345703125
2019-08-26,45.42182922363281,55.28405380249024,50.12955856323242,20.49832344055176,23.118091583251957,79.52385711669922,65.84413146972656,23.965375900268555,30.781095504760746,36.82918930053711,25.04488945007324,260.0323486328125
2019-08-27,45.50591278076172,55.011497497558594,49.98836517333984,20.37065696716309,22.977712631225582,79.05392456054688,65.50445556640625,23.98275756835937,30.678335189819336,36.772705078125,25.089183807373047,259.01202392578125
2019-08-28,45.618011474609375,55.69760513305664,50.47005462646485,20.66245460510254,23.188278198242188,79.6302719116211,66.30895233154297,24.169679641723636,30.76529121398925,36.8056526184082,25.020727157592773,260.8359680175781
2019-08-29,46.32801818847656,56.53411102294922,50.49497222900391,20.96518325805664,23.53921699523925,80.23319244384766,67.4442138671875,24.47832489013672,30.986621856689453,37.445831298828125,25.193897247314453,264.1675720214844
2019-08-30,46.27197647094727,56.19575500488281,50.42853164672851,20.96518325805664,23.6181755065918,80.33071899414062,67.72129821777344,24.64350891113281,30.994525909423828,37.43641662597656,25.201942443847656,264.05029296875
2019-09-03,45.814208984375,55.96548461914063,50.719200134277344,20.863061904907227,23.37251853942871,79.86079406738281,66.80059814453125,24.447895050048828,31.437191009521484,36.97980880737305,25.648962020874023,262.5063171386719
2019-09-04,46.70171356201172,56.52000045776367,51.17599487304688,21.15484619140625,23.600631713867188,79.91400909423828,67.64979553222656,24.747840881347656,31.69804954528809,37.61058807373047,25.673126220703125,265.48583984375
2019-09-05,47.49581146240234,57.600887298583984,50.86039733886719,21.417461395263672,24.083175659179688,80.70310974121094,68.865478515625,24.786964416503903,31.42138671875,38.39669036865234,25.39525604248047,268.8987731933594
2019-09-06,47.39303588867188,57.74186325073242,51.02649688720703,21.530527114868164,24.074398040771484,80.92478942871094,69.00847625732422,24.88260078430176,31.46089744567871,38.36373901367188,25.294572830200195,269.1064758300781
2019-09-09,47.542510986328125,57.962738037109375,50.91023254394531,21.960920333862305,24.44288444519043,80.17998504638672,69.21409606933594,24.752185821533203,31.22376251220703,38.076602935791016,25.16972923278809,269.2418212890625
2019-09-10,47.60791397094727,57.73245620727539,50.594635009765625,22.21988296508789,24.53061866760254,80.4105453491211,69.84873962402344,24.995624542236328,30.76529121398925,37.88360595703125,25.201942443847656,269.1785888671875
2019-09-11,47.860145568847656,57.840553283691406,50.7773551940918,22.241771697998047,24.670995712280277,81.20848846435547,70.50128936767578,25.23472023010254,30.694149017333984,38.27901077270508,25.451635360717773,271.09283447265625
2019-09-12,48.000274658203125,58.11781311035156,50.98497772216797,22.103168487548828,24.80259323120117,81.18190002441406,70.54598236083984,25.43033027648925,30.87596321105957,38.48612976074219,25.50801467895508,272.0318298339844
2019-09-13,47.916202545166016,58.000335693359375,50.69430541992188,22.27824211120605,24.99561309814453,81.13758087158203,70.93038177490234,25.708545684814453,30.50442886352539,38.203704833984375,25.346923828125,271.85125732421875
2019-09-16,47.73869323730469,57.2578239440918,50.20428466796875,23.02596092224121,24.90787696838379,80.9602279663086,70.86780548095703,25.28687858581543,30.82062530517578,38.10954666137695,25.367063522338867,271.0115966796875
2019-09-17,47.78540802001953,57.605587005615234,50.478363037109375,22.704986572265625,24.93419647216797,81.08438873291016,70.83203125,25.491186141967773,31.2553825378418,38.264892578125,25.58855438232422,271.6977233886719
2019-09-18,47.72935485839844,57.57737350463867,50.56140899658203,22.595571517944336,25.02193069458008,81.07549285888672,70.72476959228516,25.50423049926757,31.16052627563477,38.26018142700195,25.69729232788086,271.8602905273437
2019-09-19,47.77607345581055,57.42230224609375,50.55311584472656,22.537206649780277,24.90787696838379,81.45677185058594,70.36720275878906,25.547704696655277,31.26327896118164,38.344913482666016,25.81810188293457,271.8421630859375
2019-09-20,47.46611785888672,56.76408386230469,50.392704010009766,22.555606842041016,24.76149559020996,81.91081237792969,69.92239379882812,25.488279342651367,31.130393981933597,37.897762298583984,25.920373916625977,270.5577697753906
2019-09-23,47.29755783081055,56.96211624145508,50.59321212768555,22.562973022460938,24.805587768554688,81.47455596923828,69.78761291503906,25.4271183013916,31.241798400878903,38.01578521728515,25.92443084716797,270.4942626953125
2019-09-24,46.58589172363281,56.353885650634766,50.80207061767578,22.205944061279297,24.56749725341797,80.72669219970703,69.3921890258789,25.20867347717285,31.20200538635254,37.6474838256836,26.22879981994629,268.37176513671875
2019-09-25,47.1196517944336,56.86781311035156,50.83548355102539,22.242748260498047,24.77031517028809,80.33494567871094,69.8415298461914,25.339744567871097,31.170185089111328,38.09606552124024,26.212574005126957,269.9590759277344
2019-09-26,46.66082000732422,56.62264251708984,51.11952209472656,21.95197105407715,24.655681610107425,79.88977813720703,69.94036865234375,25.282947540283203,31.47256660461425,38.1385612487793,26.35055160522461,269.3967590332031
2019-09-27,46.13644027709961,56.42460250854492,51.06105422973633,21.94828224182129,24.75267601013184,79.53363037109375,69.66180419921875,25.213041305541992,31.26567268371582,37.62860870361328,26.25720977783203,267.9454650878906
2019-09-30,46.37053298950195,56.910247802734375,51.31167221069336,21.79001808166504,24.69095230102539,80.24591064453125,69.76065063476562,25.4271183013916,31.30545997619629,38.025238037109375,26.273447036743164,269.1881103515625
2019-10-01,45.90233612060547,56.43402862548828,51.178009033203125,21.28575325012207,24.170677185058597,79.46241760253906,68.08918762207031,24.828577041625977,31.03490447998047,37.67109298706055,26.212574005126957,265.9862060546875
2019-10-02,45.20939254760742,55.42031097412109,50.15043640136719,20.763086318969727,23.676855087280277,78.30496215820312,66.80416870117188,24.38294982910156,30.843921661376957,36.96281433105469,25.863555908203125,261.28759765625
2019-10-03,45.64950942993164,55.68906784057617,50.50131988525391,20.98761558532715,23.77385902404785,79.00834655761719,67.2444839477539,24.470325469970703,31.20996856689453,37.41611099243164,25.92443084716797,263.4283752441406
2019-10-04,46.26751708984375,56.21242141723633,51.29497146606445,21.120119094848636,24.21476554870605,80.24591064453125,67.94541931152344,24.601396560668945,31.353212356567383,38.03468322753906,26.285615921020508,266.9930725097656
2019-10-07,46.26751708984375,55.96723556518555,50.87725067138672,20.932397842407227,24.091318130493164,79.97882843017578,67.60393524169922,24.51401710510254,31.297513961791992,37.8741455078125,26.184160232543945,265.841064453125
2019-10-08,45.51839828491211,55.377872467041016,50.392704010009766,20.57537269592285,23.61513900756836,78.45632934570312,66.56150817871094,24.085861206054688,31.146310806274418,37.18003082275391,25.94066429138184,261.7139587402344
2019-10-09,45.78996276855469,55.84936141967773,50.77700805664063,20.763086318969727,23.83558464050293,79.02611541748047,67.12765502929688,24.356739044189453,31.241798400878903,37.73248291015625,26.06647300720215,264.1993103027344
2019-10-10,46.05215072631836,56.22185134887695,50.87725067138672,21.02442169189453,24.08249855041504,79.41790008544922,67.73872375488281,24.57954978942871,31.321378707885746,37.99217224121094,26.038061141967773,265.9862060546875
2019-10-11,46.59526443481445,56.858394622802734,50.82712936401367,21.30784034729004,24.38231468200684,80.07675170898438,69.0147933959961,25.055763244628903,31.217926025390625,38.51630783081055,25.94066429138184,268.7436218261719
2019-10-14,46.49227142333984,56.8300895690918,50.57649993896485,21.296798706054688,24.41758918762207,80.04113006591797,68.8799819946289,24.87663459777832,31.26567268371582,38.4926986694336,25.77427291870117,268.4443054199219
2019-10-15,47.28820037841797,57.32988739013672,50.35930633544922,21.38513946533203,24.77031517028809,81.50126647949219,69.43714904785156,25.051389694213867,31.2895450592041,38.917667388916016,25.69310569763184,271.1020202636719
2019-10-16,47.37247467041016,57.56562805175781,50.4094123840332,21.08699417114257,24.70858764648437,81.3944320678711,69.40117645263672,25.10381507873535,31.2497615814209,38.64853286743164,25.74992179870605,270.66668701171875
2019-10-17,47.65340042114258,57.71652221679688,50.64332962036133,21.101715087890625,24.726226806640625,81.99986267089844,69.74266052246094,25.169353485107425,31.4566593170166,38.57298278808594,25.81485176086425,271.46490478515625
2019-10-18,47.100921630859375,57.60335159301758,50.743595123291016,20.99129104614257,24.78794860839844,81.6971664428711,69.1406021118164,25.12566566467285,31.759063720703125,38.20467758178711,25.90008354187012,270.2766418457031
2019-10-21,47.38184356689453,57.80610656738281,50.9106674194336,21.36673164367676,25.131858825683597,81.6081314086914,69.55397033691406,25.04702377319336,31.973901748657227,38.61547470092773,26.00153350830078,272.1088256835937
2019-10-22,46.92300033569336,57.4383430480957,50.927371978759766,21.64278984069824,25.061317443847656,81.78617858886719,70.10213470458984,24.94217300415039,31.878421783447266,38.09606552124024,26.111114501953125,271.21990966796875
2019-10-23,47.28820037841797,57.174293518066406,51.16130447387695,21.823144912719727,25.16713523864746,82.29369354248047,70.09313201904297,25.09944725036621,31.934118270874023,38.12911987304688,26.216625213623047,272.00909423828125
2019-10-24,46.75444412231445,57.14599990844727,51.33673477172851,21.73112678527832,25.131858825683597,81.87525177001953,70.1919937133789,25.17809295654297,31.814756393432617,38.68630599975586,26.3059139251709,272.4535217285156
2019-10-25,47.1196517944336,57.07999420166016,51.03597259521485,21.90780258178711,25.255313873291016,81.96424865722656,70.63230895996094,25.45333671569824,31.42483139038086,39.15376281738281,26.038061141967773,273.5691833496094
2019-10-28,47.559757232666016,57.259159088134766,50.93574142456055,21.78265380859375,25.387590408325195,82.81007385253906,70.83001708984375,25.53197479248047,31.09061050415039,39.64957046508789,25.680932998657227,275.1112976074219
2019-10-29,47.12901306152344,56.9338264465332,50.93574142456055,21.870994567871097,25.44931411743164,83.98530578613281,71.06366729736328,25.68925666809082,31.170185089111328,39.29070663452149,25.705278396606445,275.0296630859375
2019-10-30,47.260101318359375,57.287445068359375,51.169654846191406,21.425626754760746,25.43168830871582,84.45719909667969,71.3152847290039,25.71109962463379,31.400955200195312,39.53151321411133,25.93254852294922,275.8731384277344
2019-10-31,47.40057373046875,56.9809684753418,51.09446716308594,21.33360290527344,25.308225631713867,84.3592529296875,70.55143737792969,25.422754287719727,31.297513961791992,39.50790786743164,26.07458877563477,275.1383972167969
2019-11-01,47.709590911865234,57.35816955566406,51.08611297607422,21.8194637298584,25.678590774536133,84.4660873413086,72.08808898925781,25.78099822998047,31.217926025390625,39.9801025390625,26.009653091430664,277.6872863769531
2019-11-04,47.97177505493164,57.38646697998047,50.59321212768555,22.52984619140625,25.8990421295166,84.2079086303711,72.92382049560547,25.981971740722656,30.8677978515625,40.18784713745117,25.67687606811523,278.80291748046875
2019-11-05,47.99050521850586,57.471336364746094,50.760292053222656,22.559289932250977,25.996044158935547,83.61138916015625,73.07657623291016,26.02566146850586,30.334630966186523,40.140621185302734,25.413087844848636,278.4945983886719
2019-11-06,47.82195663452149,57.532623291015625,50.96915435791016,22.09920120239257,26.12831687927246,83.89629364013672,73.12152099609375,26.00818252563477,30.446027755737305,40.12175369262695,25.510486602783203,278.5580139160156
2019-11-07,48.12160110473633,57.18843460083008,50.793704986572266,22.430463790893555,26.32231903076172,84.083251953125,73.3731460571289,26.182945251464844,30.119773864746097,40.4381103515625,25.165525436401367,279.5376281738281
2019-11-08,48.252689361572266,57.21200942993164,50.760292053222656,22.33844375610352,26.313501358032227,84.69757843017578,73.47200012207031,26.28779602050781,30.064069747924805,40.66477584838867,25.06001091003418,280.2270202636719
2019-11-11,48.0279655456543,57.09415817260742,50.685096740722656,22.213298797607425,26.24295234680176,84.35034942626953,73.50792694091797,26.248477935791016,30.119773864746097,40.68365859985352,24.90579605102539,279.6918334960937
2019-11-12,48.08413314819336,57.056419372558594,50.85218811035156,22.09920120239257,26.278228759765625,84.85782623291016,73.49893951416016,26.383913040161133,29.92082023620605,40.82058334350586,24.9666690826416,280.2814025878906
2019-11-13,48.0654182434082,56.87725067138672,51.23648452758789,22.003501892089844,26.110679626464844,84.95576477050781,73.19342041015625,26.23099708557129,30.223217010498047,40.91030883789063,25.335973739624023,280.37225341796875
2019-11-14,48.28079605102539,57.1224250793457,51.21977996826172,21.94460868835449,26.16358757019043,84.96466827392578,73.42704010009766,26.392648696899418,30.525615692138672,40.86308288574219,25.425268173217773,280.7803649902344
2019-11-15,48.68344497680664,57.22615814208984,51.23648452758789,22.11391830444336,26.2341365814209,86.77205657958984,73.9662094116211,26.37080764770508,30.676803588867188,41.1936149597168,25.50642204284668,282.8122253417969
2019-11-18,48.85198593139648,57.42419052124024,51.50382232666016,21.84523200988769,26.28704833984375,86.47825622558594,73.68766021728516,26.305274963378903,30.843921661376957,41.31639099121094,25.55918502807617,283.020751953125
2019-11-19,48.88009262084961,56.79237747192383,51.43699645996094,21.52132225036621,26.339956283569336,87.06587219238281,73.62476348876953,26.248477935791016,30.90757942199707,41.39664077758789,25.494251251220703,282.9391174316406
2019-11-20,48.5804328918457,56.66036224365234,51.5539436340332,21.73848342895508,26.216495513916016,86.95013427734375,73.04061889648438,25.92081069946289,30.92349433898925,41.146392822265625,25.64846992492676,281.886962890625
2019-11-21,48.7115364074707,56.33973693847656,51.29497146606445,22.095518112182617,26.190046310424805,87.17274475097656,73.01368713378906,25.87711906433105,30.50969123840332,40.93862533569336,25.55918502807617,281.433349609375
2019-11-22,48.730255126953125,56.72636413574219,51.21143341064453,22.02190589904785,26.384042739868164,87.48434448242188,73.3911361694336,25.92081069946289,30.334630966186523,40.886695861816406,25.567296981811523,282.05926513671875
2019-11-25,48.88009262084961,57.22615814208984,51.26991271972656,22.04398536682129,26.551591873168945,88.50823211669922,73.92131042480469,26.091197967529297,30.35850143432617,41.48163986206055,25.48207664489746,284.245361328125
2019-11-26,49.03927993774414,57.61750411987305,51.6876220703125,21.8415470123291,26.52513694763184,88.43700408935547,74.136962890625,26.222261428833008,30.780258178710938,41.5194206237793,25.567296981811523,284.889404296875
2019-11-27,49.38573455810547,58.112579345703125,51.81292724609375,21.89676284790039,26.630949020385746,88.89105224609375,74.06509399414062,26.32711601257324,30.875747680664062,41.75079345703125,25.61194229125977,286.1592712402344
2019-11-29,49.21719741821289,57.7353744506836,51.79621505737305,21.67591094970703,26.586864471435547,88.5794448852539,73.72358703613281,26.23099708557129,30.75638008117676,41.62803649902344,25.587589263916016,285.097900390625
2019-12-02,48.74898910522461,57.259159088134766,51.91317367553711,21.67591094970703,26.41931915283203,88.18771362304688,72.51045227050781,25.96886444091797,30.191381454467773,41.033084869384766,25.421201705932617,282.6760559082031
2019-12-03,48.65534210205078,56.68392562866211,51.82963180541992,21.35200881958008,26.04895782470703,87.9918212890625,71.71967315673828,25.802846908569336,30.43807601928711,40.66948318481445,25.49019241333008,280.7803649902344
2019-12-04,48.90817642211914,56.99984359741211,52.17216873168945,21.6722354888916,26.295862197875977,88.8109359741211,71.99823760986328,25.859638214111328,30.59723281860352,40.83475875854492,25.68499183654785,282.5128479003906
2019-12-05,49.11418914794922,56.94326019287109,52.15545272827149,21.56917190551757,26.41931915283203,88.8109359741211,72.0162124633789,25.99071311950684,30.64497375488281,40.9858512878418,25.72963523864746,283.020751953125
2019-12-06,49.40447235107422,57.40061950683594,52.35594940185547,21.98141288757324,26.772045135498047,89.39854431152344,72.88787078857422,26.257211685180664,30.652931213378903,41.43915939331055,25.65252494812012,285.6058654785156
2019-12-09,49.21719741821289,57.471336364746094,52.39772033691406,21.95565223693848,26.71032333374023,88.77530670166016,72.60929870605469,26.204784393310547,30.69272232055664,41.22195053100586,25.5632438659668,284.7078857421875
2019-12-10,49.04863357543945,57.3723258972168,52.23064041137695,21.999818801879883,26.719135284423828,88.9712142944336,72.51943969726562,26.04750633239746,30.47786521911621,41.25501251220703,25.55918502807617,284.3905029296875
2019-12-11,49.27336883544922,57.51848983764648,52.30582809448242,21.96301651000977,26.65740966796875,89.05130767822266,72.97775268554688,26.244110107421875,30.247093200683597,41.53358459472656,25.628177642822266,285.1977844238281
2019-12-12,49.32955551147461,58.022987365722656,52.26405715942383,22.367891311645508,27.17768096923828,89.87935638427734,73.62476348876953,26.61109733581543,29.881044387817383,41.97744369506836,25.518604278564453,287.6558532714844
2019-12-13,49.21719741821289,58.07485961914063,52.447845458984375,22.19857788085937,27.080686569213867,89.81702423095703,73.42704010009766,26.405759811401367,29.912872314453125,42.25603485107422,25.71745491027832,287.8282470703125
2019-12-16,49.7041130065918,58.32946014404297,52.63164138793945,22.496721267700195,27.17768096923828,90.78749084472656,73.3911361694336,26.51935195922852,30.14365005493164,42.6337890625,26.038061141967773,289.8055419921875
2019-12-17,49.65729904174805,58.58879470825195,52.5481071472168,22.51144218444824,27.28350067138672,90.68953704833984,73.31919860839844,26.558677673339844,29.81737327575684,42.53462219238281,26.123294830322266,289.8691101074219
2019-12-18,49.99440383911133,58.64537048339844,52.46456527709961,22.59609603881836,27.16886711120605,90.81417846679688,73.01368713378906,26.52371597290039,30.23913192749023,42.52989959716797,26.22879981994629,289.8871459960937
2019-12-19,50.45323944091797,58.82925796508789,52.74860000610352,22.588733673095703,27.160043716430664,91.17032623291016,73.2114028930664,26.61546897888184,30.525615692138672,42.83682632446289,26.236921310424805,291.07550048828125
2019-12-20,50.609962463378906,58.91915130615234,53.14699172973633,22.805419921875,27.19196128845215,91.8157958984375,73.54823303222656,26.74461555480957,30.761314392089844,43.08553314208984,26.41729164123535,292.3515930175781
2019-12-23,50.47858428955078,58.78195571899414,52.919578552246094,23.039569854736328,27.129919052124023,92.18235778808594,74.15331268310547,26.81930351257324,30.57629013061523,43.20870590209961,26.17189216613769,292.7981872558594
2019-12-24,50.46918869018555,58.91440963745117,52.98695755004883,23.028417587280277,27.19196128845215,92.0661163330078,73.85528564453125,26.85004997253418,30.616512298583984,43.2229118347168,26.20870018005371,292.8074035644531
2019-12-26,50.853946685791016,59.63345336914063,53.03751373291016,23.020984649658203,27.342626571655277,92.00354766845705,74.02688598632812,26.96866226196289,30.801538467407227,43.5450439453125,26.25368881225586,294.3660888671875
2019-12-27,50.76011657714844,59.62872695922851,53.27333831787109,22.92435073852539,27.2717227935791,92.0303726196289,73.96366119384766,26.86762237548828,30.91416358947754,43.54031753540039,26.33139991760254,294.2931213378906
2019-12-30,50.23458480834961,59.24555206298828,52.995391845703125,22.85200309753418,27.19196128845215,91.47787475585938,73.62046813964844,26.78415870666504,30.89002227783203,43.28923797607422,26.327316284179688,292.67059326171875
2019-12-31,50.328426361083984,59.33069610595703,53.0459213256836,22.982152938842773,27.28058242797852,91.65785217285156,73.57533264160156,26.981842041015625,31.107213973999023,43.4266242980957,26.429563522338867,293.3816223144531
2020-01-02,50.91963195800781,60.03556060791016,52.624794006347656,23.188854217529297,27.546476364135746,91.90079498291016,74.9660873413086,26.66554832458496,30.74522018432617,44.24142074584961,26.0982723236084,296.12530517578125
2020-01-03,50.59117889404297,59.5246467590332,52.540557861328125,23.11995315551757,27.253990173339844,91.0999526977539,74.82161712646484,26.235034942626957,30.970458984375,43.74401092529297,26.15144157409668,293.88287353515625
2020-01-06,51.26686477661133,59.690216064453125,52.65005493164063,23.29985809326172,27.23627281188965,91.66682434082033,74.84869384765625,26.120813369750977,30.978513717651367,43.848236083984375,26.17597961425781,295.004150390625
2020-01-07,51.33255386352539,59.595611572265625,52.24577331542969,23.23861694335937,27.059009552001957,91.48685455322266,74.69515991210938,26.090063095092773,30.640655517578125,43.829288482666016,26.139175415039062,294.1746826171875
2020-01-08,51.698543548583984,59.77537155151367,52.43949508666992,22.855833053588867,27.23627281188965,92.08075714111328,74.94804382324219,26.182315826416016,30.793476104736328,44.29827880859375,26.12689971923828,295.74249267578125
2020-01-09,51.970699310302734,60.092323303222656,52.810089111328125,23.02425193786621,27.4046688079834,92.47669219970705,75.2641372680664,26.27896881103516,30.78544235229492,44.800418853759766,26.27005195617676,297.747802734375
2020-01-10,51.76422500610352,59.76591110229492,52.776397705078125,22.894113540649418,27.20081901550293,92.50366973876952,74.73128509521484,26.17353248596191,31.083080291748047,44.69620513916016,26.339584350585938,296.8909912109375
2020-01-13,52.25223159790039,59.95512771606445,53.12172317504883,22.90176773071289,27.38694190979004,92.1797332763672,75.34541320800781,26.511791229248047,31.46117210388184,45.25520706176758,26.49908828735352,298.93280029296875
2020-01-14,52.12084197998047,59.93621444702149,53.13856887817383,22.905593872070312,27.33376884460449,92.73764038085938,75.35444641113281,26.40196228027344,31.30831718444824,45.042030334472656,26.576799392700195,298.4770202636719
2020-01-15,52.37421417236328,59.79903030395508,53.5176010131836,22.73717880249023,27.18309211730957,93.53850555419922,75.4718246459961,26.58208274841309,31.525522232055664,45.09413909912109,26.9489860534668,299.1515808105469
2020-01-16,52.77775192260742,60.333587646484375,53.660770416259766,22.77545166015625,27.422399520874023,94.02439880371094,76.22142028808594,26.740222930908203,31.80706596374512,45.70050811767578,27.116682052612305,301.63995361328125
2020-01-17,53.1906623840332,60.54646682739258,53.75343322753906,22.629995346069336,27.50216293334961,94.02439880371094,76.23043823242188,26.85883903503418,31.8472843170166,46.0084228515625,27.304819107055664,302.5788269042969
2020-01-21,53.14373397827149,60.361961364746094,53.93872833251953,22.22424697875977,27.2717227935791,94.1233901977539,75.39054107666016,26.56889915466309,32.1690559387207,45.989479064941406,27.55430793762207,301.98638916015625
2020-01-22,53.11557388305664,60.333587646484375,53.9808349609375,22.0098876953125,27.351490020751957,94.2403793334961,74.99319458007812,26.463468551635746,31.911640167236328,46.15529251098633,27.640199661254883,302.0228271484375
2020-01-23,52.89974212646485,60.423458099365234,53.9302978515625,21.92567443847656,27.28058242797852,93.76345825195312,75.80598449707031,26.432716369628903,32.21731948852539,46.37320709228515,27.88560485839844,302.3691711425781
2020-01-24,52.261600494384766,59.58141326904297,53.55971145629883,21.67304420471191,26.934925079345703,92.1977310180664,75.45380401611328,26.243820190429688,32.1690559387207,46.15529251098633,27.95921897888184,299.68017578125
2020-01-27,51.44517135620117,58.692081451416016,53.39125442504883,21.07207679748535,26.518360137939453,91.49585723876952,74.02688598632812,25.67712020874023,32.03230285644531,45.05623626708984,27.88968849182129,294.87652587890625
2020-01-28,52.03638458251953,59.26448440551758,53.45863342285156,21.16777229309082,26.82856750488281,91.94578552246094,74.5055160522461,25.96705818176269,32.11274719238281,45.918434143066406,28.004207611083984,297.9665832519531
2020-01-29,51.95191955566406,59.23134994506836,53.18911743164063,20.94575881958008,26.784250259399418,91.6938247680664,74.90290069580078,26.05052757263184,31.943817138671875,46.0368537902832,28.07782936096191,297.7204284667969
2020-01-30,51.42639923095703,59.13201522827149,53.82080459594727,21.11417961120605,27.12104797363281,91.02796173095705,74.98414611816406,25.88798713684082,32.01622009277344,46.43478775024414,28.33959007263184,298.6867370605469
2020-01-31,50.59117889404297,59.28339767456055,53.21437072753906,20.455799102783203,26.553810119628903,89.21026611328125,73.2502212524414,25.316896438598636,31.557701110839844,45.16046905517578,28.21280097961425,293.26318359375
2020-02-03,51.1917839050293,59.70440673828125,53.21437072753906,20.187854766845703,26.73994255065918,90.0201187133789,73.2231216430664,25.848451614379883,31.58987617492676,45.757354736328125,28.30278778076172,295.4416809082031
2020-02-04,51.7266960144043,60.79243469238281,53.53444290161133,20.260581970214844,26.99696350097656,91.60385131835938,74.60486602783203,26.305320739746097,32.000125885009766,46.95589065551758,28.020566940307617,299.9446105957031
2020-02-05,51.8111572265625,61.09993362426758,53.963993072509766,21.02231216430664,27.537612915039062,93.3675308227539,75.85112762451172,26.792945861816406,31.97600555419922,47.23064422607422,28.13508987426757,303.4082946777344
2020-02-06,52.45869064331055,60.96274185180664,54.05663299560547,20.80795669555664,27.50216293334961,93.44851684570312,76.09496307373047,26.779767990112305,32.11274719238281,47.66175842285156,28.14326477050781,304.4292297363281
2020-02-07,52.42113876342773,60.69784164428711,54.12402725219727,20.662500381469727,27.4046688079834,92.71965789794922,75.5440902709961,26.39757537841797,32.12883758544922,47.22591018676758,28.053281784057617,302.8067321777344
2020-02-10,52.73081588745117,61.38375473022461,54.35143280029297,20.55914878845215,27.48443984985352,93.21456909179688,75.96854400634766,26.384397506713867,32.498878479003906,47.86545181274414,28.15962600708008,305.0672607421875
2020-02-11,52.67451858520508,61.86627960205078,54.149295806884766,20.78881454467773,27.581933975219727,93.7724609375,76.25753021240234,26.52936363220215,32.89304733276367,47.70438003540039,28.26188087463379,305.5959167480469
2020-02-12,53.35957717895508,62.50017547607422,54.12402725219727,21.068256378173828,27.599658966064453,93.88943481445312,76.970947265625,26.67433357238769,33.102195739746094,48.22074508666992,28.282331466674805,307.5648498535156
2020-02-13,53.36896133422851,62.3913688659668,54.444091796875,21.003173828125,27.59079360961914,93.44851684570312,76.53749084472656,26.57769012451172,33.30330276489258,48.09283065795898,28.597251892089844,307.2366943359375
2020-02-14,53.43465805053711,62.29678726196289,54.570430755615234,20.892166137695312,27.626245498657227,93.52050018310548,76.4381332397461,26.58208274841309,33.689422607421875,48.30128860473633,28.78948211669922,307.7289733886719
2020-02-18,53.791259765625,62.292022705078125,54.37670516967773,20.719913482666016,27.38694190979004,93.18755340576172,76.00465393066406,26.516185760498047,33.657249450683594,48.12125396728515,29.030792236328125,306.9359130859375
2020-02-19,54.035255432128906,62.57111358642578,54.3177490234375,20.99552154541016,27.59079360961914,93.61949920654295,75.9775619506836,26.586471557617188,33.18263626098633,48.6944694519043,28.71586227416992,308.4034423828125
2020-02-20,53.48157501220703,62.59479904174805,54.35986328125,20.97255516052246,27.537612915039062,93.0166015625,75.86920166015625,26.63040351867676,33.552669525146484,48.18758773803711,28.818117141723636,307.1364440917969
2020-02-21,52.66512680053711,61.63920974731445,54.45249557495117,20.723743438720703,27.2717227935791,93.07059478759766,75.48989868164062,26.507394790649418,33.72966003417969,47.10747528076172,28.764951705932617,303.97344970703125
2020-02-24,50.900875091552734,59.519927978515625,53.19753646850586,19.766796112060547,26.385417938232425,90.13709259033205,73.34052276611328,25.760587692260746,33.279170989990234,45.16046905517578,28.4295654296875,293.8920593261719
2020-02-25,49.54013442993164,57.93045425415039,52.23734664916992,18.89405632019043,25.490243911743164,87.4015884399414,70.35128021240234,24.64916038513184,32.442562103271484,43.7155876159668,27.83243751525879,284.986572265625
2020-02-26,49.4463005065918,57.47158050537109,51.94254684448242,18.32370948791504,25.30411529541016,87.39259338378906,69.8184585571289,24.5656852722168,32.1610221862793,43.91455841064453,27.550220489501957,283.9383544921875
2020-02-27,47.49435043334961,55.148887634277344,49.82848358154297,17.343795776367188,24.22282218933105,84.4231185913086,67.2265625,23.414718627929688,30.343006134033203,41.54592514038086,26.31095123291016,271.1861267089844
2020-02-28,47.63510513305664,54.79409790039063,48.843017578125,17.328481674194336,23.56694602966309,83.33430480957031,65.99833679199219,23.159927368164062,29.59489250183105,41.863319396972656,25.431602478027344,270.0467529296875
2020-03-02,49.28675842285156,56.67684555053711,51.45402526855469,18.02897071838379,24.7723331451416,87.23961639404297,68.31930541992188,24.15274810791016,31.06699562072754,44.28407287597656,26.928537368774418,281.74151611328125
2020-03-03,47.66326141357422,55.304988861083984,50.75495529174805,17.477766036987305,23.84170722961425,85.07098388671875,66.64859008789062,23.94188117980957,31.04286766052246,42.60234069824219,26.597246170043945,273.674560546875
2020-03-04,49.38059616088867,57.21614456176758,53.2480583190918,17.891170501708984,24.630521774291992,89.97512817382812,69.40300750732422,24.93470001220703,32.249507904052734,44.43092346191406,28.10645294189453,285.1778869628906
2020-03-05,47.57880783081055,55.08266067504883,52.24577331542969,17.23661231994629,23.44286346435547,87.88748931884766,66.0073471069336,24.14396095275879,31.509424209594727,43.0286865234375,27.67292594909668,275.6981506347656
2020-03-06,46.752967834472656,54.23588180541992,51.83306503295898,16.268177032470703,22.64518928527832,87.41958618164062,65.42938995361328,23.51576232910156,30.970458984375,42.11912155151367,27.447967529296875,271.1405639648437
2020-03-09,43.63736724853515,50.82041549682617,49.575782775878906,12.991575241088867,20.216703414916992,82.87537384033203,59.39669799804688,21.31485939025879,28.78242492675781,38.921478271484375,25.95511817932129,249.9659423828125
2020-03-10,45.8614616394043,53.63037109375,50.99921417236328,13.6078519821167,21.40436172485352,85.71886444091797,62.47628021240234,22.1802921295166,30.182117462158203,41.51749801635742,26.19643211364746,262.90045166015625
2020-03-11,43.890743255615234,50.69742202758789,48.49768829345703,12.888223648071287,20.24328994750977,82.44344329833984,58.809688568115234,21.12596702575684,28.565223693847656,39.5562629699707,24.879451751708984,250.08450317382807
2020-03-12,39.77099609375,45.57421875,43.94102096557617,11.280545234680176,18.05411148071289,76.2885513305664,52.72280883789063,19.092004776000977,26.111717224121097,35.69538879394531,22.36819076538086,226.1570587158203
2020-03-13,43.34644317626953,48.39363479614258,47.6806869506836,12.321709632873535,20.42941665649414,81.57962799072266,56.84093475341797,20.43187141418457,28.404340744018555,39.88312911987305,23.587011337280277,245.49038696289065
2020-03-16,38.45718383789063,42.26283645629883,44.44639205932617,10.645132064819336,17.628679275512695,73.5350341796875,50.39282989501953,18.182653427124023,23.85932159423828,34.37367248535156,20.90806579589844,218.6279296875
2020-03-17,40.12759780883789,43.89014434814453,48.1944694519043,10.71785831451416,18.58589172363281,78.15121459960938,52.71378707885742,19.3072566986084,25.30729103088379,36.713905334472656,23.582921981811523,230.43206787109372
2020-03-18,38.795021057128906,41.36875915527344,46.95634460449219,9.17908000946045,17.00826644897461,75.55966186523438,48.83046340942383,18.072824478149418,23.52950859069824,35.33060836791992,22.556331634521484,218.76463317871097
2020-03-19,39.48946380615234,42.81158065795898,45.38972473144531,9.803011894226074,17.380516052246094,74.01194763183594,48.86658477783203,18.53409194946289,23.159469604492188,35.45851135253906,21.243446350097656,219.2294921875
2020-03-20,37.74396896362305,41.53905487060547,42.4502182006836,9.898711204528809,16.76009750366211,71.16844940185547,46.41919708251953,17.870746612548828,21.848255157470703,33.83363342285156,19.5583610534668,209.7819976806641
2020-03-23,37.94442367553711,41.60750579833984,41.19397735595703,9.22402572631836,15.784937858581545,67.47205352783203,44.386009216308594,16.95974349975586,20.63419342041016,33.52457809448242,18.56032943725586,204.4182281494141
2020-03-24,40.27830505371094,45.51015090942383,43.29476165771485,10.703314781188965,17.742416381835938,72.67124938964844,50.00138473510742,18.9542293548584,22.43340301513672,36.95798873901367,20.55557441711425,222.9391937255859
2020-03-25,39.65719985961914,46.308738708496094,43.1761589050293,11.20815372467041,18.22507667541504,73.63874816894531,52.63161087036133,19.396465301513672,23.43026161193848,36.91036987304688,21.080202102661133,226.2766876220703
2020-03-26,41.91578674316406,48.224403381347656,45.5395393371582,11.893007278442385,19.36916923522949,78.530517578125,55.95349884033203,20.30746841430664,25.229475021362305,39.19612884521485,22.87716484069824,239.48887634277344
2020-03-27,40.24066162109375,46.608211517333984,45.32777786254883,11.086834907531738,18.77924346923828,76.84868621826172,53.596317291259766,19.57335662841797,25.29430770874023,37.42466735839844,23.0010929107666,232.35552978515625
2020-03-30,41.708744049072266,47.58268356323242,47.09819030761719,11.200325965881348,19.13677215576172,80.44741821289062,54.37900924682617,20.196908950805664,25.950777053833008,39.000885009765625,23.852069854736328,239.90147399902344
2020-03-31,41.63345336914063,46.62247085571289,46.1409912109375,11.372516632080078,18.60942649841309,80.09481048583984,53.70553207397461,19.91829872131348,25.12411880493164,38.27229690551758,22.88955879211425,236.32568359375
2020-04-01,39.977149963378906,44.54042816162109,45.36166000366211,10.808979988098145,17.474266052246094,77.04762268066406,51.28463745117188,19.020557403564453,23.6004581451416,36.44844818115234,21.513952255249023,225.6898651123047
2020-04-02,40.48534393310547,44.70680236816406,46.52217864990234,11.79908561706543,17.912240982055664,79.18153381347656,51.96721267700195,19.30801582336425,23.948957443237305,37.30085372924805,22.18729782104492,230.89773559570312
2020-04-03,39.666603088378906,43.927223205566406,46.88642120361328,11.67385482788086,17.554710388183594,78.46723175048828,51.27554321289063,18.84366607666016,23.746341705322266,36.724647521972656,21.394155502319336,227.5602874755859
2020-04-06,42.28281021118164,47.58268356323242,48.631439208984375,12.292181015014648,18.81500244140625,82.58136749267578,54.82495880126953,20.24555397033691,25.464506149291992,39.858055114746094,23.046537399291992,242.8446350097656
2020-04-07,42.59336853027344,48.29095458984375,48.07234954833984,12.554381370544434,19.00270271301269,81.90321350097656,54.697547912597656,20.785085678100582,25.47261047363281,39.50089645385742,22.75736618041992,243.09222412109372
2020-04-08,43.5062141418457,49.81208038330078,48.783912658691406,13.391864776611328,19.83396339416504,85.2759017944336,56.68158721923828,21.802223205566406,27.38528251647949,40.56283187866211,23.99665069580078,251.25244140625
2020-04-09,43.82618713378906,50.710479736328125,49.241336822509766,13.270546913146973,20.897611618041992,85.74610137939453,57.53708267211914,22.73975944519043,28.79547882080078,40.57234954833984,25.12852668762207,255.0758209228516
2020-04-13,43.89205932617188,50.69622421264648,48.87708282470703,13.227497100830078,20.137863159179688,84.99559783935547,55.85337448120117,22.240039825439453,27.474428176879883,40.66283416748047,24.331262588500977,252.74691772460932
2020-04-14,45.19075012207031,52.678443908691406,50.95246124267578,13.16488265991211,20.227245330810547,87.81674194335938,56.91820526123047,22.527494430541992,28.390247344970703,42.36763381958008,25.04591178894043,260.20123291015625
2020-04-15,44.76726150512695,51.52333831787109,50.1477165222168,12.546554565429688,19.351293563842773,87.36463165283203,55.34373092651367,21.49266242980957,27.296131134033203,41.44380187988281,24.21972274780273,254.67239379882807
2020-04-16,44.946067810058594,52.14130783081055,50.47809600830078,12.010411262512209,19.011642456054688,89.27252960205078,54.852272033691406,21.368831634521484,27.117834091186523,41.94858551025391,24.22385025024414,255.90098571777344
2020-04-17,45.55777359008789,53.68143844604492,51.24893569946289,13.286198616027832,20.01272392272949,91.12613677978516,57.4278678894043,22.226770401000977,27.993127822875977,42.50573348999024,25.00459861755371,262.8142395019531
2020-04-20,45.14370346069336,52.74498748779297,50.24089813232422,12.871373176574709,19.664133071899418,90.40277099609376,55.898887634277344,21.678396224975582,26.955738067626957,41.82476043701172,24.05861473083496,258.1841125488281
2020-04-21,43.72265625,51.37598037719727,49.173561096191406,12.644393920898438,19.029518127441406,87.65398406982422,54.57923126220703,21.143299102783203,26.558616638183597,40.07234954833984,23.66204261779785,250.34474182128903
2020-04-22,44.899024963378906,52.48355484008789,49.64793395996094,13.094439506530762,19.235095977783203,88.99217987060547,55.1525993347168,21.558996200561523,27.020578384399418,41.615234375,24.35190963745117,255.90098571777344
2020-04-23,45.2189826965332,52.46929931640625,49.20745086669922,13.517093658447266,19.15464782714844,89.48046875,55.589454650878906,21.70935821533203,26.71260452270508,41.32951354980469,23.942947387695312,255.88267517089844
2020-04-24,45.79304122924805,53.35820007324219,49.73264694213867,13.548401832580566,19.431737899780277,90.68307495117188,56.035404205322266,22.049875259399418,26.80986213684082,42.20572662353515,24.0916690826416,259.4493103027344
2020-04-27,46.16948318481445,54.35644912719727,49.87665557861328,13.841911315917969,20.093164443969727,91.84952545166016,57.4278678894043,22.63804817199707,27.587894439697266,42.5676383972168,24.343650817871097,263.190185546875
2020-04-28,45.331912994384766,54.570343017578125,50.15618896484375,14.158902168273926,20.307687759399418,89.99586486816406,58.50179290771485,23.05817031860352,27.612211227416992,42.00096130371094,24.434532165527344,261.9798583984375
2020-04-29,47.52463150024414,55.77299118041992,49.94442367553711,15.207709312438965,20.897611618041992,90.59266662597656,59.62123107910156,23.646345138549805,27.68515396118164,43.72480010986328,24.21145820617676,268.83819580078125
2020-04-30,47.31758880615234,55.42597961425781,49.35144805908203,14.871148109436035,20.370256423950195,90.17672729492188,58.4380989074707,22.943191528320312,27.49064445495605,43.52956771850586,23.653783798217773,266.3351135253906
2020-05-01,46.65885162353515,53.35343933105469,48.80932235717773,14.02975845336914,19.717761993408203,88.458740234375,56.67247772216797,22.46115493774414,26.64776992797852,42.33429336547851,23.083711624145508,259.2843322753906
2020-05-04,46.9317626953125,53.64341354370117,48.783912658691406,14.51502799987793,19.53899574279785,88.41352081298828,55.95349884033203,22.540760040283203,26.63156509399414,42.89622497558594,23.25721740722656,259.9994812011719
2020-05-05,47.17644119262695,53.83831024169922,48.826263427734375,14.52676486968994,19.47643280029297,90.33043670654295,56.17193603515625,22.598249435424805,26.8017578125,43.48670959472656,23.447237014770508,262.4017333984375
2020-05-06,47.04468536376953,53.82879257202149,48.29259490966797,14.147162437438965,19.056337356567383,89.43526458740234,55.39833068847656,22.20908546447754,26.307376861572266,43.82481002807617,22.64996337890625,260.6229248046875
2020-05-07,47.9293098449707,54.67493438720703,48.15705490112305,14.51502799987793,19.50324249267578,89.42622375488281,56.04451370239258,22.664581298828125,26.542409896850582,44.48196792602539,22.740842819213867,263.76788330078125
2020-05-08,48.804500579833984,55.739707946777344,49.23286437988281,15.176401138305664,19.923349380493164,89.88737487792969,57.43697738647461,23.208534240722656,27.028684616088867,45.13436126708984,23.19937896728516,268.1321716308594
2020-05-11,48.83274459838867,55.61612701416016,49.16510009765625,14.910285949707031,19.53899574279785,91.4335708618164,56.71798324584961,22.854745864868164,26.70450019836425,45.43437957763672,23.100236892700195,268.187255859375
2020-05-12,47.88224792480469,54.39921188354492,48.7500228881836,14.64808464050293,19.029518127441406,90.04109191894531,55.125301361083984,22.50537872314453,25.56986618041992,44.49625778198242,22.89781951904297,262.84185791015625
2020-05-13,47.0634994506836,53.46277618408203,48.30952835083008,13.982796669006348,18.46640968322754,89.0645523071289,53.74193572998047,22.03219223022461,25.16463661193848,43.72957229614258,22.70366859436035,258.1932678222656
2020-05-14,47.571685791015625,54.2613639831543,48.19094467163086,14.139333724975586,18.94013786315918,90.04109191894531,54.30620574951172,22.30194854736328,25.19705009460449,44.28672409057617,22.9473819732666,261.283203125
2020-05-15,48.23045349121094,54.89358901977539,48.61448287963867,14.084545135498049,18.81500244140625,90.80062866210938,54.11506652832031,22.49653625488281,25.10790061950684,44.51054000854492,22.64170265197754,262.4842224121094
2020-05-18,49.246826171875,56.97087097167969,49.38533782958984,15.235098838806152,19.780330657958984,91.5511245727539,57.68270492553711,23.52252197265625,26.331689834594727,45.60104370117188,23.571168899536133,270.4794006347656
2020-05-19,49.23740768432617,56.76646041870117,48.47895812988281,14.808536529541016,19.297664642333984,90.4479751586914,56.94552993774414,23.296985626220703,25.82110023498535,45.43437957763672,23.1828556060791,267.7012939453125
2020-05-20,50.60197067260742,57.50801467895508,49.05497741699219,15.39946746826172,19.726701736450195,90.55648040771484,58.01035690307617,23.668460845947266,26.06424140930176,46.42963409423828,23.31091690063477,272.2490234375
2020-05-21,50.24436569213867,57.71242141723633,48.51283645629883,15.15292263031006,19.664133071899418,89.88737487792969,58.1468620300293,23.44291877746582,25.934574127197266,45.782020568847656,23.0754508972168,270.3694152832031
2020-05-22,50.545501708984375,57.626861572265625,48.68225860595703,15.058996200561523,19.592628479003903,90.07727813720705,58.101356506347656,23.40753746032715,26.50189018249512,45.94866943359375,23.33156967163086,270.8829345703125
2020-05-26,50.68666458129883,58.53953552246094,48.944862365722656,15.477738380432127,20.61158561706543,89.91451263427734,60.54044342041016,24.04878807067871,27.34476089477539,45.90105056762695,23.48441505432129,274.22027587890625
2020-05-27,51.04427719116211,59.54252243041992,49.681827545166016,15.677322387695312,21.505414962768555,90.84583282470705,62.56089782714844,24.292015075683597,27.92828941345215,46.16294860839844,23.76531791687012,278.3004455566406
2020-05-28,50.56432342529297,58.81998062133789,50.122314453125,15.239017486572266,21.165756225585938,92.03034973144533,61.96931076049805,24.51755142211914,28.244365692138672,46.07247924804688,24.46757698059082,277.786865234375
2020-05-29,50.83723831176758,59.03389739990234,50.17313766479492,15.16857624053955,20.924428939819336,93.14252471923828,61.58707046508789,24.521970748901367,28.082279205322266,46.653446197509766,24.657604217529297,279.0247497558594
2020-06-01,51.420711517333984,59.594818115234375,50.52044296264648,15.434686660766602,21.165756225585938,92.22023010253906,61.723594665527344,24.69002723693848,28.641490936279297,46.639156341552734,24.950902938842773,280.1524658203125
2020-06-02,51.62775039672851,60.10345077514648,50.65597534179688,15.8651704788208,21.33558464050293,92.75370025634766,62.52448272705078,25.136680603027344,28.8278923034668,47.077266693115234,25.11200904846191,282.4721984863281
2020-06-03,51.78775024414063,61.239524841308594,50.72374725341797,16.33087730407715,22.131088256835938,92.57286834716795,64.96356964111328,25.70716857910156,29.516775131225582,47.44393539428711,25.41356468200684,286.2313232421875
2020-06-04,51.40188980102539,60.930545806884766,50.47809600830078,16.33478355407715,22.61375617980957,91.8404541015625,65.65525817871094,25.800037384033203,28.965673446655277,47.0534553527832,24.95915985107422,285.4794921875
2020-06-05,52.23945617675781,62.38987731933594,51.18116760253906,17.547958374023438,23.45395278930664,93.3233871459961,68.06706237792969,26.45897102355957,30.02736473083496,48.29158782958984,25.27724266052246,292.7962646484375
2020-06-08,53.21817779541016,63.34058380126953,51.73177719116211,18.33847999572754,23.900859832763672,93.96534729003906,69.43222045898438,26.494346618652344,30.6838436126709,48.534427642822266,25.95471954345703,296.33544921875
2020-06-09,53.08642578125,62.84621810913086,51.308231353759766,17.649707794189453,23.39138603210449,92.9888153076172,67.70301055908203,26.1715145111084,30.32722854614257,48.76301956176758,25.434223175048828,294.1257019042969
2020-06-10,52.92644882202149,62.25678253173828,51.16423416137695,16.78091812133789,22.51543426513672,92.84414672851562,66.0830078125,25.87521743774414,29.75992012023925,49.57733154296875,25.28550338745117,292.4845275878906
2020-06-11,50.489044189453125,58.99587631225586,49.22438430786133,15.1998872756958,20.674156188964844,87.68111419677734,61.44146347045898,23.87631225585937,27.92018699645996,46.734413146972656,24.29821014404297,275.62310791015625
2020-06-12,50.931339263916016,59.58055114746094,49.23286437988281,15.583399772644045,21.29983711242676,88.25076293945312,62.63368988037109,24.34065818786621,28.803579330444336,47.33917999267578,24.23624610900879,278.92388916015625
2020-06-15,51.75009536743164,60.146217346191406,49.800411224365234,15.630362510681152,21.594797134399418,88.44969177246094,63.252567291259766,24.597152709960938,29.16828727722168,47.79633331298828,24.4014835357666,281.5277709960937
2020-06-16,52.17358016967773,61.4106559753418,50.579734802246094,16.08041000366211,21.9344482421875,90.6288070678711,64.49032592773438,25.110143661499023,29.654565811157227,48.815406799316406,24.51302146911621,286.9465637207031
2020-06-17,52.23945617675781,61.24903106689453,50.50349807739258,15.532526969909668,21.603734970092773,90.53840637207033,64.02616882324219,24.90229606628418,29.306060791015625,48.80588150024414,24.43865966796875,285.75457763671875
2020-06-18,52.40884780883789,61.02561950683594,50.766090393066406,15.724287986755373,21.576919555664062,90.23097229003906,63.78953552246094,24.91998291015625,28.941356658935547,49.024932861328125,24.434532165527344,285.8646545410156
2020-06-19,52.2676887512207,60.550270080566406,50.50349807739258,15.485566139221191,21.43390464782715,91.09902954101562,63.0068588256836,24.844810485839844,28.64959716796875,48.68683242797851,23.748794555664062,284.2309265136719
2020-06-22,52.38273620605469,61.17252349853515,50.35922622680664,15.557307243347168,21.3277587890625,90.74942779541016,63.11287689208984,24.93684959411621,28.567916870117188,49.6041259765625,23.98038673400879,286.0543518066406
2020-06-23,52.72221374511719,61.65375518798828,50.28239059448242,15.573162078857422,21.42671203613281,91.13988494873048,63.12202453613281,24.99465751647949,28.46175193786621,49.96227264404297,23.73879814147949,287.37127685546875
2020-06-24,51.53404998779297,60.29584503173828,49.43725204467773,14.70908546447754,20.67111015319824,88.76081848144531,60.92806625366211,24.265405654907227,27.73489761352539,48.835330963134766,23.522192001342773,280.0408020019531
2020-06-25,51.76036834716797,60.376834869384766,49.787254333496094,14.990504264831545,21.21982192993164,89.63252258300781,61.60454177856445,24.567777633666992,28.028913497924805,49.46087646484375,23.23061180114746,283.04302978515625
2020-06-26,49.47834014892578,58.96175765991211,48.7713623046875,14.471268653869627,20.31130027770996,88.5428695678711,60.46185302734375,24.229835510253903,27.547060012817383,48.48675537109375,22.98485565185547,276.3203430175781
2020-06-29,50.39303588867188,60.0814323425293,49.6933479309082,14.665482521057127,20.53618049621582,89.34195709228516,62.44556427001953,24.7011833190918,28.020740509033203,49.01679229736328,23.41806411743164,280.3815612792969
2020-06-30,50.95882797241211,60.84853744506836,50.0604362487793,15.002392768859863,20.815031051635746,90.86746978759766,62.80207443237305,25.056909561157227,28.42909240722656,49.895416259765625,23.50553321838379,283.9731140136719
2020-07-01,52.2224235534668,61.463157653808594,50.103118896484375,14.637738227844238,20.63512420654297,91.56663513183594,62.5186653137207,25.11026954650879,29.204944610595703,49.97658920288086,24.05536842346191,285.9621887207031
2020-07-02,52.05268478393555,61.706146240234375,50.35922622680664,14.800251960754396,20.662111282348636,92.25676727294922,63.058048248291016,25.581619262695312,29.10694694519043,50.26786804199219,24.117849349975582,287.5370178222656
2020-07-06,53.09941101074219,63.16888046264648,50.6068000793457,14.843852043151855,21.05790328979492,93.1920394897461,63.96305465698242,25.94624328613281,29.13960838317871,51.14649963378906,23.822105407714844,291.975830078125
2020-07-07,52.948516845703125,62.17784881591797,51.06778717041016,14.372177124023438,20.62613105773925,92.3838882446289,62.73808670043945,25.955137252807617,28.66592597961425,50.61168670654297,23.726306915283203,288.9645080566406
2020-07-08,53.42001724243164,62.84012222290039,50.939727783203125,14.360283851623535,20.842018127441406,92.3929672241211,62.73808670043945,25.586069107055664,28.649600982666016,51.43778610229492,23.93873405456543,291.17462158203125
2020-07-09,53.486026763916016,62.7686653137207,50.53849792480469,13.650792121887209,20.40124893188477,91.6665496826172,61.3759880065918,25.345945358276367,28.551589965820312,51.624019622802734,23.617998123168945,289.5169677734375
2020-07-10,54.41014099121094,63.51670455932617,51.469024658203125,14.086796760559082,21.10287857055664,91.44862365722656,62.17131805419922,25.78616523742676,28.58426094055176,51.60968780517578,24.063703536987305,292.4730529785156
2020-07-13,53.31629180908203,62.71148300170898,51.392189025878906,14.011483192443848,21.192832946777344,91.96619415283205,62.427276611328125,25.78616523742676,28.13508415222168,50.54005432128906,24.088695526123047,289.9405822753906
2020-07-14,53.84435272216797,63.33564758300781,52.14344024658203,14.502975463867188,21.30077171325684,93.79132843017578,63.78022003173828,26.435375213623047,28.41275215148925,51.12261962890625,24.313627243041992,293.6979675292969
2020-07-15,54.16496658325195,64.24089813232422,52.186126708984375,14.8161039352417,21.723556518554688,95.00811004638672,65.40740203857422,26.88004302978516,28.543420791625977,51.39958953857422,24.217823028564453,296.39617919921875
2020-07-16,54.25926971435547,64.06938171386719,52.2971076965332,14.7487211227417,21.723556518554688,94.85374450683594,65.42567443847656,26.968976974487305,28.20857620239257,50.76448822021485,24.526065826416016,295.4200134277344
2020-07-17,54.13668441772461,63.76923370361328,52.57882690429688,14.542613983154297,21.543643951416016,96.15225982666016,65.81877899169922,27.195751190185547,28.6005916595459,51.01280212402344,25.08006477355957,296.2764892578125
2020-07-20,54.78733825683594,64.7888412475586,52.04953384399414,14.300833702087402,21.444700241088867,96.13409423828124,65.01432800292969,26.9600830078125,28.331085205078125,52.3164176940918,24.75099754333496,298.6708679199219
2020-07-21,54.52329635620117,64.88888549804688,52.50199890136719,15.164899826049805,21.86747360229492,96.0705108642578,65.87361907958984,27.195751190185547,28.339252471923828,51.791141510009766,24.863466262817383,299.30633544921875
2020-07-22,54.57988739013672,65.44636535644531,52.92031097412109,14.97861385345459,21.86747360229492,96.93315887451172,66.40381622314453,27.51146507263184,28.68225860595703,52.20657730102539,25.24668312072754,301.0099792480469
2020-07-23,53.6934814453125,64.46484375,53.10811233520508,14.9508695602417,21.885469436645508,96.497314453125,66.20269012451172,27.426977157592773,28.535261154174805,50.85044479370117,25.275840759277344,297.41845703125
2020-07-24,53.60860824584961,64.57920837402344,53.0398063659668,14.867630958557127,21.83149528503418,95.43489074707033,65.6724853515625,27.333600997924805,28.420921325683597,50.23445892333984,25.109220504760746,295.5028991699219
2020-07-27,53.97637939453125,64.97941589355469,53.30446243286133,14.883489608764648,21.651592254638672,96.15225982666016,65.94674682617188,27.729352951049805,28.755765914916992,51.02711868286133,24.80514144897461,297.65789794921875
2020-07-28,53.42001724243164,64.33621215820312,53.50080108642578,14.629810333251951,21.597620010375977,96.0432586669922,65.48966979980469,27.12015914916992,29.335617065429688,50.43022537231445,25.180036544799805,295.7699890136719
2020-07-29,53.91036224365234,64.98894500732422,53.577632904052734,14.935016632080078,22.00240898132324,97.05120849609376,66.48611450195312,27.34249687194824,29.890958786010746,51.16082763671875,25.29667091369629,299.4075927734375
2020-07-30,54.06124496459961,64.9365463256836,53.577632904052734,14.348394393920898,21.606618881225582,96.3792495727539,65.81877899169922,26.813343048095703,29.645965576171875,51.44733810424805,25.29667091369629,298.3393249511719
2020-07-31,54.81563186645508,65.27482604980469,53.52642440795898,14.281013488769531,21.615610122680664,95.82534790039062,65.57194519042969,26.84001922607422,29.613290786743164,52.73184967041016,25.33832740783691,300.6968688964844
2020-08-03,54.86277770996094,65.13666534423828,53.381290435791016,14.332538604736328,21.678579330444336,96.81513214111328,65.8461685180664,26.68883514404297,29.13960838317871,54.03067779541016,25.063400268554688,302.787353515625
2020-08-04,55.211692810058594,65.66075897216797,54.04717254638672,14.681340217590332,21.588624954223636,96.3883285522461,66.01073455810547,27.066797256469727,29.57244682312012,54.16915512084961,25.33832740783691,303.9569702148437
2020-08-05,55.12681579589844,66.46122741699219,53.93619537353515,14.835923194885254,21.885469436645508,96.8332748413086,67.27226257324219,27.46255111694336,29.35195541381836,54.369720458984375,25.0134220123291,305.8447265625
2020-08-06,56.579010009765625,66.78519439697266,53.92765045166016,14.717015266418455,21.8764762878418,96.31568908691406,67.5282211303711,27.34694480895996,29.40911865234375,55.13373947143555,25.15920639038086,307.8892517089844
2020-08-07,56.51300811767578,66.8852310180664,54.21791076660156,14.73682975769043,22.34423065185547,96.62445068359376,68.68006134033203,27.44031524658203,29.809297561645508,54.31240463256836,25.61323928833008,308.1103210449219
2020-08-10,56.324405670166016,67.68571472167969,54.499637603759766,15.192651748657228,22.50614547729492,96.29754638671876,70.37120819091797,27.707120895385746,29.76029396057129,54.159610748291016,25.60491371154785,309.0311584472656
2020-08-11,55.485145568847656,67.55229187011719,54.12400817871094,15.141125679016112,22.767004013061523,95.68914794921876,70.74602508544922,27.658206939697266,29.18861389160156,53.18548202514648,25.050905227661133,306.4802551269531
2020-08-12,56.14522552490234,68.44804382324219,54.82402038574219,15.291743278503418,22.70403861999512,97.29637908935548,70.97457885742188,27.82273292541504,29.55612564086914,54.39360046386719,25.413299560546875,310.7532043457031
2020-08-13,56.428131103515625,68.41944885253906,54.781349182128906,14.994471549987791,22.560117721557617,97.16925048828124,70.5997543334961,27.818283081054688,29.213109970092773,54.4174690246582,25.37164688110352,310.1915283203125
2020-08-14,56.418701171875,68.41470336914062,54.7728157043457,15.137162208557127,22.65006446838379,96.97857666015624,70.87401580810547,27.849414825439453,29.2866153717041,54.3792839050293,25.15087890625,310.2007141113281
2020-08-17,56.48470687866211,69.29613494873047,55.08013534545898,15.049962043762209,22.27226448059082,97.5506362915039,70.54491424560547,27.97391891479492,29.547956466674805,54.742183685302734,25.1175537109375,311.18609619140625
2020-08-18,56.993919372558594,69.72496032714844,55.30210113525391,14.859699249267578,22.128345489501957,97.52337646484376,70.16098022460938,27.85831069946289,29.51528549194336,54.947509765625,25.00508499145508,311.8583374023437
2020-08-19,56.833614349365234,69.39618682861328,54.8667106628418,14.689271926879885,22.119348526000977,97.20557403564452,69.97814178466797,27.77826499938965,28.910934448242188,54.88064956665039,24.93010711669922,310.5598449707031
2020-08-20,57.54085922241211,69.29137420654297,54.75573348999024,14.372177124023438,21.91245651245117,96.8968276977539,69.60336303710938,27.680442810058597,29.221281051635746,55.61125183105469,24.7093448638916,311.5267944335937
2020-08-21,57.28624725341797,69.64871215820312,54.892333984375,14.281013488769531,21.86747360229492,96.99671936035156,69.88670349121094,27.52035903930664,29.31929016113281,56.3179817199707,24.75099754333496,312.63189697265625
2020-08-24,57.98406600952149,70.70645904541016,55.361854553222656,14.673413276672363,22.38920021057129,96.55178833007812,71.14826202392578,28.00504493713379,29.36012077331543,56.80503463745117,24.967601776123047,315.79986572265625
2020-08-25,58.530982971191406,70.9399185180664,55.24234390258789,14.46730613708496,22.45216941833496,97.20557403564452,71.0568618774414,27.893875122070312,29.449960708618164,57.09154891967773,24.73017120361328,316.90496826171875
2020-08-26,60.53010559082031,71.64032745361328,55.31063461303711,14.162103652954102,22.34423065185547,97.08750915527344,71.09339904785156,28.18735885620117,29.24578094482422,58.25190734863281,24.45525360107422,320.0821533203125
2020-08-27,59.79458236694336,71.25437927246094,55.65210723876953,14.189849853515623,22.722028732299805,97.85028076171876,71.349365234375,28.11176490783691,29.63778686523437,58.29965972900391,24.534393310546875,320.7819519042969
2020-08-28,59.93603515625,71.7213363647461,56.147247314453125,14.443522453308104,22.81197929382324,98.06822204589844,72.02581787109375,28.44526672363281,29.86646270751953,58.81060028076172,24.60521125793457,322.85406494140625
2020-08-31,59.65314102172851,71.51167297363281,55.985050201416016,14.130393028259276,22.542125701904297,98.3042984008789,71.12996673583984,28.00949478149414,29.605121612548828,58.99683380126953,24.6801815032959,321.6845092773437
2020-09-01,60.14347457885742,72.25971221923828,56.044803619384766,14.035264015197754,22.60508728027344,97.42350769042967,71.85214233398438,28.79654884338379,29.55612564086914,60.12376022338867,24.396936416625977,324.71435546875
2020-09-02,61.42594909667969,73.26026153564453,57.060691833496094,13.96788215637207,22.928918838500977,99.37579345703124,73.04053497314453,29.450204849243164,30.217649459838867,60.6585807800293,25.155044555664062,329.4110717773437
2020-09-03,59.34194946289063,70.93516540527344,56.07895660400391,13.86483097076416,22.578105926513672,96.66983032226562,70.99285888671875,28.636472702026367,29.7112979888916,57.20137023925781,24.87179183959961,318.074462890625
2020-09-04,58.25750732421875,70.11565399169922,55.95089340209961,13.8212308883667,22.74901008605957,95.97972106933594,71.15738677978516,28.654258728027344,29.605121612548828,56.403926849365234,24.73017120361328,315.47760009765625
2020-09-08,56.72045516967773,69.19607543945312,54.7728157043457,13.317845344543455,22.16431999206543,94.39971923828124,69.82273864746094,28.1162109375,29.229448318481445,53.85400390625,24.592708587646484,306.8578491210937
2020-09-09,57.3994026184082,70.50160217285156,55.56673431396485,13.409012794494627,22.38920021057129,96.0705108642578,70.90143585205078,28.84101676940918,29.547956466674805,55.61125183105469,24.917619705200195,312.9173583984375
2020-09-10,56.55071640014648,69.49149322509766,54.8837890625,12.917518615722656,22.074363708496097,94.59950256347656,69.99642944335938,28.56977081298828,29.13144302368164,54.35540008544922,24.488571166992188,307.48394775390625
2020-09-11,56.37155151367188,69.59630584716797,55.19112014770508,12.92940902709961,22.2272891998291,94.97179412841795,70.9471435546875,28.93439483642578,29.03343772888184,53.9399642944336,24.546894073486328,307.6405944824219
2020-09-14,56.58845138549805,70.3348159790039,55.5496711730957,13.028499603271484,22.53312873840332,96.33386993408205,71.9070053100586,29.352378845214844,29.743959426879883,55.0716667175293,24.88429069519043,311.692626953125
2020-09-15,57.59743881225586,70.91133880615234,55.47283554077149,12.933372497558594,22.2272891998291,96.46101379394533,71.9527359008789,29.494672775268555,30.13597679138184,55.616024017333984,25.050905227661133,313.2673645019531
2020-09-16,56.97506332397461,70.51588439941406,55.22527694702149,13.452611923217772,22.479156494140625,96.29754638671876,72.68402862548828,29.51691246032715,30.33198356628418,54.75650024414063,25.017581939697266,312.024169921875
2020-09-17,55.92835235595703,69.52483367919922,54.87525177001953,13.472429275512695,22.24527359008789,95.97972106933594,72.83029174804688,29.734792709350582,29.662288665771484,54.30286407470703,24.813478469848636,309.27984619140625
2020-09-18,55.39085006713867,68.55762481689453,54.37156677246094,13.321813583374023,22.20030403137207,95.83443450927734,72.01667785644531,29.223426818847656,29.07427215576172,53.366943359375,24.376108169555664,305.7192077636719
2020-09-21,54.74260330200195,67.56734466552734,53.95678329467773,12.880247116088867,21.644052505493164,94.0640106201172,69.6260757446289,28.23966407775879,28.296213150024418,53.810577392578125,24.224441528320312,302.3166809082031
2020-09-22,55.800968170166016,68.9949722290039,54.274532318115234,12.747295379638672,21.463157653808597,93.86345672607422,70.31436157226562,28.29327964782715,28.6330680847168,54.662445068359375,24.37568664550781,305.39556884765625
2020-09-23,54.46855163574219,67.8633804321289,53.45869064331055,12.171167373657228,20.98378562927246,92.89710235595705,69.05709838867188,27.46230697631836,27.811458587646484,52.95871353149414,24.001779556274418,298.3131103515625
2020-09-24,54.57250595092773,67.83472442626953,53.85373306274414,12.167141914367676,21.02901077270508,92.4321746826172,69.1580810546875,27.65888023376465,27.942920684814453,53.25542831420898,24.27065658569336,299.1082763671875
2020-09-25,55.30013656616211,68.71806335449219,54.13713455200195,12.15908432006836,21.246082305908203,93.91814422607422,70.19507598876953,27.90459442138672,28.485177993774418,54.528438568115234,24.66977310180664,303.9439392089844
2020-09-28,56.03721237182617,70.1552505493164,54.746856689453125,12.4451322555542,21.752588272094727,94.76597595214844,71.46147155761719,28.355825424194336,28.9781436920166,55.57171630859375,24.7327938079834,308.99224853515625
2020-09-29,56.09391021728515,69.61092376708984,54.38616943359375,12.102681159973145,21.481246948242188,94.64746856689452,70.82825469970703,28.145845413208008,28.83025932312012,55.38507843017578,24.72439193725586,307.3095092773437
2020-09-30,56.13172149658203,70.17912292480469,55.04742431640625,12.06641960144043,21.77067756652832,96.1607894897461,70.64472961425781,28.43177032470703,28.9781436920166,55.84928131103515,24.94706153869629,309.639404296875
2020-10-01,56.93494415283203,71.09587097167969,55.35659790039063,11.695765495300291,21.806856155395508,95.8326187133789,70.43367004394531,28.02968978881836,29.45467567443848,56.43792724609375,25.19913482666016,311.6273498535156
2020-10-02,55.81041717529297,70.79507446289062,55.04742431640625,11.808571815490724,21.97870826721191,94.95743560791016,71.2228775024414,28.27987289428711,29.93121719360352,55.00700759887695,25.49742317199707,308.66864013671875
2020-10-05,56.727046966552734,71.73091888427734,55.41670227050781,12.16311264038086,22.340496063232425,96.90836334228516,72.3700180053711,28.820451736450195,30.095537185668945,56.213008880615234,25.816720962524418,314.14227294921875
2020-10-06,55.536380767822266,70.40355682373047,55.0560188293457,11.981812477111816,22.114381790161133,95.62294006347656,71.48902130126953,28.45858383178711,29.8408317565918,55.34199523925781,26.035186767578125,309.67645263671875
2020-10-07,55.94272613525391,72.01261901855469,55.6485710144043,12.151025772094728,22.48520851135254,97.4280014038086,73.06746673583984,29.19126510620117,29.92299461364746,56.3565788269043,26.19483184814453,315.0669250488281
2020-10-08,56.67034912109375,72.48533630371094,56.01783752441406,12.606287002563477,22.7927360534668,97.90203857421876,73.79244232177734,29.48612403869629,30.424177169799805,56.64850234985352,26.67377662658691,317.85919189453125
2020-10-09,57.01054000854492,73.23973846435547,56.45580673217773,12.4048433303833,22.819868087768555,98.7863540649414,74.06776428222656,29.713972091674805,30.342021942138672,57.51472091674805,26.669574737548828,320.6976623535156
2020-10-12,58.51305770874024,74.21379852294922,57.10848617553711,12.4370756149292,23.073118209838867,99.4609603881836,74.48992156982422,29.66482353210449,30.49812126159668,59.08442306518555,26.83762550354004,325.8569030761719
2020-10-13,58.56975936889648,74.19947814941406,57.065547943115234,12.243690490722656,22.62993049621582,98.70430755615234,73.66397094726562,29.40123748779297,29.98051071166992,58.70635986328125,26.652767181396484,323.7303771972656
2020-10-14,57.87047958374024,73.37821197509766,56.773563385009766,12.296062469482422,22.41285896301269,98.1299819946289,74.07696533203125,29.48612403869629,29.63543701171875,58.39529037475586,26.619159698486328,321.6962280273437
2020-10-15,57.42632675170898,73.65035247802734,56.807918548583984,12.4451322555542,22.584701538085938,97.41889190673828,74.34307861328125,29.40123748779297,29.775102615356445,58.13207626342773,26.60235595703125,321.2987365722656
2020-10-16,57.43577575683594,72.98190307617188,56.82508850097656,12.16311264038086,22.60279655456543,98.38521575927734,74.88451385498047,29.60674476623535,29.668306350708008,57.964576721191406,26.88804244995117,321.10455322265625
2020-10-19,56.40575408935547,72.08428192138672,56.086551666259766,11.905264854431152,22.259096145629883,96.82630920410156,73.9576416015625,29.262744903564453,29.19998550415039,56.90214920043945,26.66117286682129,316.2225952148437
2020-10-20,56.81209945678711,72.66200256347656,56.02643966674805,12.046273231506348,22.439987182617188,96.95394897460938,74.34307861328125,29.329757690429688,29.397167205810547,57.09835052490234,26.82081794738769,317.4893493652344
2020-10-21,57.76653289794922,72.26569366455078,56.07796478271485,11.816630363464355,22.322412490844727,96.47075653076172,73.59056854248047,29.21807098388672,29.29035758972168,57.01222229003906,26.749399185180664,316.88836669921875
2020-10-22,58.1445198059082,72.4136962890625,56.05219650268555,12.304121017456056,22.76559829711914,97.92941284179688,74.19625091552734,29.37889862060547,29.0849552154541,56.74422073364258,27.12750625610352,318.6265563964844
2020-10-23,58.69260025024414,73.04876708984375,56.15523147583008,12.243690490722656,22.83795738220215,98.2940673828125,74.48992156982422,29.48612403869629,29.27392578125,56.68200302124024,27.203134536743164,319.7083740234375
2020-10-26,57.40742492675781,71.64497375488281,55.43388366699219,11.804546356201172,22.322412490844727,97.20010375976562,72.6269760131836,28.74897003173828,28.92063331604004,55.45207977294922,27.19473457336425,313.80010986328125
2020-10-27,57.775970458984375,71.6115493774414,55.28788375854492,11.651447296142578,21.915395736694336,96.53459930419922,71.03934478759766,28.47644805908203,28.5509090423584,55.72964859008789,27.173723220825195,312.7183837890625
2020-10-28,55.50802993774414,69.34832000732422,53.67338562011719,11.16395664215088,21.3546199798584,93.47142791748048,68.7083740234375,27.672283172607425,27.918270111083984,53.365509033203125,26.38388442993164,302.02996826171875
2020-10-29,56.90659332275391,69.7876205444336,53.65620803833008,11.50640869140625,21.51742935180664,92.70565032958984,69.70868682861328,28.24413108825684,28.238697052001957,54.25564193725586,26.45530891418457,305.0996398925781
2020-10-30,55.94272613525391,68.26447296142578,53.4672737121582,11.570870399475098,21.580739974975582,92.67830657958984,69.6260757446289,28.22626304626465,28.05794715881348,53.05442810058594,26.20743751525879,301.91900634765625
2020-11-02,55.91435623168945,68.7514877319336,54.31747055053711,11.965697288513184,21.987749099731445,94.34662628173828,71.50739288330078,29.164457321166992,28.74810028076172,53.18843460083008,26.78300666809082,305.3031311035156
2020-11-03,56.74594879150391,70.26509094238281,55.210594177246094,11.897209167480469,22.47616958618164,95.72319793701172,73.61808776855469,29.62015724182129,29.19998550415039,54.12643432617188,27.16952514648437,310.6935729980469
2020-11-04,59.19343948364258,71.75956726074219,55.2363510131836,11.913325309753418,22.213869094848636,99.97150421142578,72.85639190673828,29.115310668945312,29.28214836120605,56.23214340209961,26.762006759643555,317.6372985839844
2020-11-05,60.33687210083008,73.1585922241211,55.63998794555664,11.913325309753418,22.75655174255371,100.17206573486328,74.572509765625,30.303695678710938,29.38894844055176,57.97892761230469,27.001468658447266,323.83203125
2020-11-06,60.19511413574219,72.93892669677734,55.897605895996094,11.655475616455078,22.575658798217773,100.20853424072266,74.6458969116211,30.379648208618164,29.27392578125,58.18473052978515,26.942651748657227,323.7581787109375
2020-11-09,59.684837341308594,72.70018768310547,55.768798828125,13.319393157958984,24.429834365844727,101.14752197265624,77.18795776367188,31.06317901611328,30.046236038208008,57.76356506347656,27.442604064941406,327.82635498046875
2020-11-10,59.49583053588867,72.4423599243164,56.86803436279297,13.750479698181152,24.55645751953125,101.4392547607422,78.54615020751953,31.42952919006348,30.210559844970703,56.686790466308594,27.837526321411133,327.3455810546875
2020-11-11,60.03446960449219,73.07740020751953,57.35752487182617,13.609469413757324,24.456966400146484,101.3116226196289,77.88542175292969,30.960430145263672,30.44061279296875,58.03157424926758,27.94255828857422,329.7772521972656
2020-11-12,59.694278717041016,72.09859466552734,57.20295333862305,13.170328140258787,24.04994773864746,100.93785095214844,76.99523162841797,30.30815696716309,30.128398895263672,57.51472091674805,27.49302291870117,326.57818603515625
2020-11-13,60.58256149291992,73.26837921142578,57.99302673339844,13.64975929260254,24.44791984558105,102.2141571044922,78.70216369628906,30.83087539672852,30.81855583190918,58.00285720825195,27.766101837158203,331.0994567871094
2020-11-16,60.96998596191406,74.22811889648438,58.52547073364258,14.548192024230955,24.99060440063477,102.04094696044922,80.62016296386719,31.438461303710938,31.01573944091797,58.56279754638672,28.047588348388672,335.2323608398437
2020-11-17,60.75265884399414,73.91297912597656,58.113258361816406,14.697260856628418,24.95442771911621,101.37545013427734,80.40908813476562,31.32230567932129,31.032176971435547,58.23736190795898,27.497217178344727,333.429443359375
2020-11-18,60.13842391967773,73.4068603515625,57.314598083496094,14.270201683044434,24.71926689147949,99.48833465576172,80.05119323730469,31.06317901611328,30.5063419342041,57.61521530151367,26.959457397460938,329.4166564941406
2020-11-19,60.506961822509766,73.76972961425781,57.46916198730469,14.503877639770508,24.80066299438477,99.4154052734375,80.25308227539062,31.1927547454834,30.555639266967773,58.079437255859375,26.690576553344727,330.8036804199219
2020-11-20,60.3652229309082,73.38298034667969,57.10848617553711,14.42733097076416,24.58358764648437,99.1875,79.52809143066406,31.16593360900879,30.35023307800293,57.48121643066406,26.69478416442871,328.538330078125
2020-11-23,60.39356231689453,74.1899185180664,57.12565231323242,15.446629524230955,25.04486846923828,98.93223571777344,80.8587646484375,31.425058364868164,30.251644134521484,57.46685409545898,26.6989860534668,330.5076599121094
2020-11-24,61.63150024414063,75.29288482666016,57.512115478515625,16.240314483642578,25.922212600708008,99.22394561767578,82.27201080322266,32.20689392089844,30.235212326049805,58.26607894897461,26.98467254638672,335.8334045410156
2020-11-25,61.62202835083008,75.38360595703125,57.477760314941406,15.861595153808594,25.83176040649414,98.85929107666016,81.64797973632812,31.871824264526367,30.30914688110352,58.3905143737793,27.05609130859375,335.31561279296875
2020-11-27,62.0189208984375,75.54593658447266,57.46916198730469,15.67626953125,25.7503604888916,99.7709503173828,81.51032257080078,32.03712463378906,30.251644134521484,58.70158004760742,26.78720474243164,336.24951171875
2020-11-30,61.80159759521485,75.08757019042969,57.46059036254883,14.810070037841797,25.216724395751957,100.04444122314452,80.78534698486328,31.7154598236084,29.988725662231445,59.0940055847168,26.400691986083984,334.76092529296875
2020-12-01,62.93555450439453,75.64619445800781,57.9672737121582,14.878558158874512,25.60564422607422,100.88314056396484,80.58345794677734,32.063926696777344,30.366662979125977,59.85014343261719,26.58554458618164,338.4222106933594
2020-12-02,63.521446228027344,75.17351531982422,57.486358642578125,15.362021446228027,25.88603401184082,101.63980865478516,80.6935806274414,31.65290069580078,30.046236038208008,59.75921249389648,26.762006759643555,339.1342468261719
2020-12-03,63.23794174194336,75.38360595703125,57.63232803344727,15.523175239562988,25.895076751708984,101.5121841430664,80.9046401977539,31.43400001525879,30.26807403564453,59.72093963623047,26.48471450805664,339.0417175292969
2020-12-04,63.29465866088867,75.45523071289062,58.078895568847656,16.36923599243164,26.211639404296875,102.59705352783205,81.86824035644531,32.06839370727539,30.6706657409668,60.31914520263672,26.220041275024418,341.9635009765625
2020-12-07,63.69155883789063,75.28334045410156,57.85562896728515,15.986495971679688,26.03075218200684,101.96803283691406,81.4736328125,31.85841178894043,30.366662979125977,60.4914436340332,26.36707878112793,341.26080322265625
2020-12-08,63.597049713134766,75.12577056884766,58.1733627319336,16.224199295043945,26.021705627441406,102.74291229248048,81.86824035644531,32.03712463378906,30.22699737548828,60.687644958496094,26.287261962890625,342.2593994140625
2020-12-09,62.84105682373047,75.05412292480469,57.94149017333984,16.260456085205078,25.95838928222656,102.38736724853516,82.05177307128906,32.05499267578125,29.94764518737793,59.52472686767578,26.24104881286621,339.18963623046875
2020-12-10,62.87885665893555,74.9873046875,57.68385314941406,16.760034561157227,26.00361061096191,102.2141571044922,81.27173614501953,31.85841178894043,29.78332138061523,59.61086654663086,26.10660552978516,339.0788269042969
2020-12-11,63.256866455078125,74.62918853759766,57.81268310546875,16.566650390625,25.74131774902344,101.81302642822266,81.4644546508789,31.675243377685547,29.79975700378418,59.4864387512207,26.14861488342285,338.6811218261719
2020-12-14,63.05840301513672,74.73902893066406,57.58940505981445,15.986495971679688,25.442842483520508,101.0472640991211,80.40908813476562,31.273170471191406,29.58613586425781,59.701786041259766,26.014175415039062,337.16485595703125
2020-12-15,63.57811737060547,75.7464828491211,57.72681427001953,16.300743103027344,25.876991271972656,102.1412353515625,81.52869415283203,31.840545654296875,30.10375022888184,60.697227478027344,26.5267276763916,341.7231140136719
2020-12-16,63.521446228027344,76.24305725097656,57.83844757080078,16.220170974731445,25.922212600708008,101.84040069580078,81.02392578125,31.751190185546875,30.11196517944336,61.10879898071289,26.220041275024418,342.2593994140625
2020-12-17,63.36078643798828,76.76349639892578,58.20771026611328,16.14362144470215,25.99456787109375,102.93435668945312,81.5195083618164,32.1175422668457,30.465267181396484,61.5921516418457,26.396486282348636,344.17333984375
2020-12-18,63.41749954223633,76.39105224609375,58.33652877807617,15.873685836791992,25.768451690673828,103.01641845703124,81.52869415283203,32.260501861572266,29.93942642211914,61.37678909301758,26.16962432861328,342.799072265625
2020-12-21,62.87515640258789,75.52812194824219,57.70785140991211,15.567484855651855,26.11581420898437,101.98567199707033,81.03659057617188,32.08943176269531,29.66977882385254,61.43819808959961,25.85271453857422,341.5733947753906
2020-12-22,62.288333892822266,75.20282745361328,57.30083465576172,15.30618381500244,25.8612060546875,101.6744384765625,80.65880584716797,31.89188575744629,29.87784194946289,61.97063827514648,25.8018741607666,340.9976806640625
2020-12-23,62.647987365722656,75.365478515625,57.49135208129883,15.645052909851074,26.288583755493164,101.7476577758789,81.08265686035156,31.93677520751953,29.594877243041992,61.50055313110352,25.75102806091309,341.3041687011719
2020-12-24,62.71424865722656,75.52332305908203,57.777122497558594,15.563399314880373,26.324960708618164,102.04058837890624,81.09190368652344,32.138824462890625,29.886159896850582,61.90829086303711,25.93321418762207,342.63189697265625
2020-12-28,63.84059143066406,76.38436889648438,58.236087799072266,15.465413093566896,26.45226287841797,102.29689025878906,81.1932601928711,32.01310729980469,30.127519607543945,62.6086311340332,26.04760360717773,345.575439453125
2020-12-29,63.783782958984375,76.40828704833984,58.06288909912109,15.363348007202148,26.361331939697266,102.78206634521484,80.70484924316406,31.93677520751953,29.89448356628418,62.31121826171875,26.043371200561523,344.9161682128906
2020-12-30,63.35788345336914,76.86750793457031,58.00227737426758,15.604228973388672,26.47954368591309,102.76376342773438,81.22093963623047,32.376792907714844,30.060932159423828,62.27763748168945,26.174711227416992,345.4082336425781
2020-12-31,63.86899566650391,76.91056823730469,58.409278869628906,15.473581314086914,26.80689811706543,103.8439483642578,81.5987319946289,32.50251007080078,30.42713165283203,62.3687858581543,26.564489364624023,347.1632385253906
2021-01-04,62.92249298095703,76.26000213623047,57.777122497558594,15.498075485229492,26.44316673278809,103.39539337158205,79.62671661376953,32.19269943237305,29.445070266723636,61.351844787597656,25.895078659057617,342.4369812011719
2021-01-05,63.14963912963867,76.8292465209961,57.777122497558594,16.192140579223633,26.561384201049805,104.14603424072266,80.40998840332031,32.91558074951172,29.41178703308105,61.74998474121094,25.890846252441406,344.7954406738281
2021-01-06,62.84674835205078,77.61376953125,57.8204231262207,16.6861515045166,27.73440933227539,105.5740737915039,82.3266830444336,34.262550354003906,29.27029800415039,60.6850814819336,26.53483390808105,346.8567199707031
2021-01-07,63.67965316772461,79.11100006103516,57.64723205566406,16.931116104125977,28.1345157623291,106.94718933105467,82.77825164794922,34.51848220825195,29.36184501647949,62.3208122253418,26.187419891357425,352.01025390625
2021-01-08,63.87842178344727,80.74221801757812,57.932987213134766,16.910701751708984,28.1163272857666,107.45980072021484,82.57550048828125,34.352352142333984,29.6780948638916,62.7237434387207,26.407730102539062,354.01580810546875
2021-01-11,62.74264907836914,79.23538970947266,57.43940353393555,17.17608070373535,28.207260131835938,107.96327209472656,82.54786682128906,34.352352142333984,29.17874526977539,62.20568084716797,26.161998748779297,351.6295166015625
2021-01-12,61.72991561889648,80.44564056396484,57.24887847900391,17.776247024536133,28.49823951721191,106.79157257080078,83.36800384521484,34.78787612915039,29.20371627807617,61.90829086303711,26.02218437194824,351.7037658691406
2021-01-13,61.947601318359375,80.44085693359375,57.33548355102539,17.63743019104004,28.48006248474121,107.08448791503906,82.64923095703125,34.43317031860352,29.603200912475582,62.30162811279297,26.530593872070312,352.65093994140625
2021-01-14,61.59740447998047,79.92901611328125,57.03239822387695,18.16001510620117,28.607364654541016,106.74578094482422,82.93489837646484,34.316436767578125,29.78629302978516,61.754791259765625,26.428911209106445,351.4159240722656
2021-01-15,61.796173095703125,79.31192016601562,56.83321762084961,17.453706741333008,28.1345157623291,107.07532501220705,81.85674285888672,33.82703399658203,30.24403190612793,61.12160110473633,26.68735694885254,348.8531799316406
2021-01-19,62.913028717041016,79.76158905029297,56.58209991455078,17.80481719970703,28.207260131835938,107.8809051513672,82.12398529052734,33.94377517700195,30.044286727905277,61.91787338256836,26.585676193237305,351.59234619140625
2021-01-20,64.89115905761719,81.26840209960938,56.68600463867188,17.870147705078125,28.089046478271484,108.47591400146484,82.63078308105469,34.05601501464844,30.66847419738769,63.14586639404297,26.742433547973636,356.4579772949219
2021-01-21,65.1278076171875,81.64631652832031,56.4954948425293,17.265905380249023,27.78897476196289,107.96327209472656,81.9857406616211,33.55763244628906,30.568605422973636,63.96133804321289,26.585676193237305,356.7829284667969
2021-01-22,65.15621185302734,81.36886596679688,56.34827423095703,17.17608070373535,27.58891868591309,107.64288330078124,81.5618667602539,33.395999908447266,30.643510818481445,63.716705322265625,26.62380599975586,355.5200500488281
2021-01-25,65.53479766845703,81.67024230957031,56.9111557006836,17.000524520874023,27.388872146606445,108.34776306152344,81.00895690917969,33.220890045166016,30.918163299560547,64.24913024902344,27.15763664245605,356.92218017578125
2021-01-26,66.42449951171875,81.61762237548828,57.42206954956055,16.63715934753418,27.170631408691406,107.94498443603516,80.26255798339844,32.76292037963867,31.23441505432129,64.29231262207031,26.88648223876953,356.3651123046875
2021-01-27,64.2759780883789,79.10145568847656,56.45220565795898,16.41261100769043,26.37042808532715,104.66780853271484,78.6683578491211,31.797590255737305,30.83493423461914,63.07869338989258,26.161998748779297,347.6553039550781
2021-01-28,64.50313568115234,79.35020446777344,56.66869354248047,16.6044979095459,26.861461639404297,106.19654846191406,79.83868408203125,32.345359802246094,30.918163299560547,63.33774566650391,26.47551727294922,350.6451416015625
2021-01-29,63.30109786987305,77.49895477294922,55.499629974365234,16.053329467773438,26.324960708618164,105.2994384765625,78.1154556274414,31.716773986816406,30.593576431274418,61.84590530395508,26.331466674804688,343.62548828125
2021-02-01,64.48418426513672,79.51285552978516,55.55159759521485,16.16764259338379,26.670503616333008,105.70220947265624,78.9263687133789,32.08943176269531,31.28435516357422,63.39533233642578,26.458568572998047,349.34527587890625
2021-02-02,65.46853637695312,81.2014389038086,55.9239616394043,16.343202590942383,27.316123962402344,106.00431060791016,80.603515625,32.51149368286133,31.41752052307129,64.25393676757812,26.67464637756348,354.2850646972656
2021-02-03,66.3487548828125,80.74700927734375,56.01055908203125,17.041351318359375,27.470705032348636,105.253662109375,80.65880584716797,32.5743408203125,31.29267120361328,64.03327178955078,26.58991241455078,354.56365966796875
2021-02-04,66.74629974365234,81.6080551147461,56.41755676269531,17.229154586791992,28.0799560546875,105.69305419921876,81.5250015258789,32.457603454589844,31.467449188232425,65.0550308227539,26.79751205444336,358.5935974121094
2021-02-05,67.58866119384766,82.38778686523438,56.94580841064453,17.37613296508789,28.089046478271484,105.88530731201172,82.00418090820312,33.01435852050781,31.57563209533691,64.91111755371094,26.94156074523925,360.0049133300781
2021-02-08,67.85368347167969,82.8565902709961,57.16228103637695,18.102861404418945,28.452783584594727,106.01345825195312,82.70452117919922,33.28824615478516,31.642223358154297,65.59227752685547,26.73395538330078,362.6048583984375
2021-02-09,68.08084869384766,82.39735412597656,57.11033248901367,17.91097640991211,28.46187210083008,106.16908264160156,82.91647338867188,33.04130172729492,31.78369140625,65.5155258178711,26.772092819213867,362.3634643554687
2021-02-10,68.72444915771484,81.58412170410156,57.04970932006836,18.253921508789062,28.46187210083008,106.361328125,82.7874526977539,33.005374908447266,32.00008773803711,65.4195785522461,26.87801170349121,362.2055969238281
2021-02-11,68.8001708984375,81.35929870605469,56.798587799072266,17.972211837768555,28.370939254760746,106.56272888183594,82.61235809326172,33.03681564331055,31.941829681396484,66.13912200927734,26.725486755371097,362.7905578613281
2021-02-12,69.09359741210938,81.47412872314453,56.88518142700195,18.23758888244629,28.66192054748535,107.35910034179688,83.21135711669922,33.37803268432617,31.93350982666016,66.47970581054688,26.530593872070312,364.5827026367187
2021-02-16,69.42486572265625,81.12012481689453,56.78126907348633,18.69485855102539,29.15295791625977,106.29727172851562,83.12841033935547,33.31519317626953,31.59227752685547,66.2638168334961,26.23402214050293,364.266845703125
2021-02-17,69.62361145019531,81.58892059326172,56.98908996582031,18.97248649597168,29.298450469970703,106.68170928955078,82.89801788330078,33.29722213745117,31.61725425720215,65.67863464355469,26.255210876464844,364.3504943847656
2021-02-18,69.2828598022461,81.61286163330078,56.95446395874024,18.54379653930664,29.125673294067383,106.01345825195312,82.48336029052734,33.090694427490234,31.60060691833496,65.35723876953125,26.411964416503903,362.7998352050781
2021-02-19,68.60140228271484,81.13923645019531,56.2357063293457,18.854082107543945,29.47122573852539,104.73189544677734,83.83795166015625,33.69681930541992,31.70047950744629,65.26129150390625,26.0179500579834,362.1591491699219
2021-02-22,68.32694244384766,79.42674255371094,56.28767395019531,19.50732040405273,29.7440185546875,104.48472595214844,84.1052017211914,33.82703399658203,31.88357162475586,63.82223510742188,25.50953865051269,359.3735046386719
2021-02-23,68.85697174072266,78.90534210205078,56.3655891418457,19.82986068725586,29.925878524780277,104.310791015625,84.36320495605469,33.94377517700195,32.00008773803711,63.64473724365234,25.721370697021484,359.8099365234375
2021-02-24,68.98001098632812,79.73287963867188,56.33097076416016,20.532094955444336,30.507850646972656,105.0339584350586,85.95741271972656,34.240116119384766,32.14988327026367,64.6185302734375,25.420568466186523,363.77484130859375
2021-02-25,67.47509002685547,76.76705169677734,55.71612548828125,20.13606834411621,29.953161239624023,103.98125457763672,84.3724365234375,33.449886322021484,31.625564575195312,62.359188079833984,25.191781997680664,355.00933837890625
2021-02-26,67.74009704589844,77.0875473022461,54.81552505493164,19.658388137817383,29.380290985107425,103.08416748046876,83.49703216552734,33.02334213256836,31.07627868652344,62.69016647338867,24.72573471069336,353.1800537109375
2021-03-01,69.47216796875,78.895751953125,55.36973571777344,20.168725967407227,30.298707962036133,104.42979431152344,85.63489532470703,33.85845947265625,31.109582901000977,64.70966339111328,25.272279739379883,361.7413330078125
2021-03-02,68.9610824584961,77.98688507080078,55.27449035644531,20.058494567871097,30.18958854675293,104.1277313232422,85.38610076904297,34.04703903198242,30.918163299560547,63.68312072753906,25.196016311645508,358.9185485839844
2021-03-03,67.97673797607422,76.15474700927734,55.01469039916992,20.352445602416992,30.426013946533203,102.8095245361328,85.47822570800781,33.710304260253906,30.53531646728516,62.08096694946289,24.899438858032227,354.1644287109375
2021-03-04,67.85368347167969,74.54269409179688,54.81552505493164,20.83829689025879,30.08047103881836,101.42726135253906,84.11441802978516,33.05476379394531,30.31061363220215,60.70906448364258,24.878257751464844,349.7816467285156
2021-03-05,69.44379425048828,75.01626586914062,56.02787780761719,21.61810111999512,30.65334129333496,103.4594497680664,86.10484313964844,33.81356430053711,30.6601619720459,61.85552215576172,25.284988403320312,356.2164611816406
2021-03-08,68.5162353515625,75.10714721679688,56.27034759521485,21.65892601013184,31.044353485107425,103.20316314697266,87.0079345703125,34.26703643798828,30.80996322631836,60.35888671875,25.640872955322266,354.4429931640625
2021-03-09,69.2828598022461,77.9438247680664,56.2183837890625,21.279232025146484,30.76246833801269,103.80731964111328,86.64854431152344,34.478065490722656,31.15950965881348,62.41194915771485,25.97982215881348,359.5035095214844
2021-03-10,69.57630157470703,78.34087371826172,56.95446395874024,21.81815719604492,31.389894485473636,104.04533386230467,87.92943572998047,35.048282623291016,31.467449188232425,62.16251373291016,26.157764434814453,361.7413330078125
2021-03-11,70.89190673828125,79.54154205322266,56.8159065246582,21.826318740844727,31.29895782470703,104.67698669433594,87.99393463134766,35.23685836791992,31.93350982666016,63.49125671386719,26.0899715423584,365.4090270996094
2021-03-12,70.69316101074219,79.77593994140625,57.28352737426758,21.871227264404297,31.61723518371582,104.90579986572266,89.17343139648438,35.33116149902344,32.4827880859375,63.03554534912109,26.441625595092773,365.9012145996094
2021-03-15,71.19478607177734,80.84746551513672,57.53465270996094,21.62218475341797,31.43536758422852,105.62899017333984,89.91984558105469,35.37156295776367,32.84897994995117,63.70710754394531,26.78056526184082,368.0831909179687
2021-03-16,71.9425048828125,80.01033782958984,57.60392379760742,21.005687713623047,31.10801124572754,105.56491088867188,88.63898468017578,35.07971954345703,32.84897994995117,64.18680572509766,26.8144588470459,367.6189880371094
2021-03-17,71.95197296142578,81.13447570800781,57.517337799072266,21.16900062561035,31.31714630126953,105.18043518066406,89.66185760498047,35.394012451171875,32.799049377441406,64.134033203125,26.37807273864746,368.8725280761719
2021-03-18,70.7594223022461,79.1492919921875,57.28352737426758,20.21772003173828,31.4808349609375,104.96074676513672,89.57888793945312,35.19645690917969,32.59098052978516,62.35438537597656,26.280628204345703,363.5055847167969
2021-03-19,71.37460327148438,79.62287139892578,57.482688903808594,20.221799850463867,31.11710929870605,105.3360595703125,88.89698791503906,35.0213508605957,32.15821075439453,62.16731262207031,26.3526554107666,362.83294677734375
2021-03-22,71.97480010986328,80.14701843261719,58.089542388916016,20.02788352966309,30.71613883972168,106.25281524658205,88.84708404541016,35.04299545288086,32.5129280090332,63.38972091674805,26.314666748046875,365.7301635742187
2021-03-23,71.44380187988281,79.39481353759766,58.333309173583984,19.73492813110352,30.28685760498047,105.17807006835938,87.29418182373047,34.31254959106445,32.61379623413086,62.99555206298828,26.70735740661621,362.8515625
2021-03-24,69.642333984375,78.2209701538086,58.10694885253906,20.230056762695312,30.396461486816406,105.05863189697266,87.93199157714844,34.560546875,32.47089767456055,62.23123550415039,26.715890884399418,361.0070495605469
2021-03-25,69.30097198486328,78.9061050415039,58.67286682128906,20.304330825805664,30.907947540283203,105.49956512451172,89.33698272705078,35.06102752685547,32.748291015625,62.19279098510742,27.001876831054688,363.0378723144531
2021-03-26,68.5424575805664,79.56250762939453,59.70894241333008,20.80770492553711,31.392017364501957,107.49290466308594,90.88060760498048,35.93124008178711,33.54682159423828,63.77428817749024,27.09151268005371,368.8882446289063
2021-03-29,69.2441177368164,79.12650299072266,60.30968475341797,20.56014060974121,31.118017196655277,107.99812316894533,90.89909362792967,35.80949783325195,33.47116470336914,63.44260025024414,27.381763458251957,368.7019348144531
2021-03-30,69.2441177368164,79.90267181396484,59.66540145874024,20.38272285461425,31.337217330932617,107.0244140625,91.29659271240234,35.7057991027832,33.328277587890625,62.84172821044922,27.13419914245605,367.7237548828125
2021-03-31,69.51908111572266,80.5255355834961,59.47385787963867,20.242433547973636,31.099748611450195,107.23571014404295,91.0007553100586,35.52995300292969,33.19378662109375,63.841583251953125,27.33480834960937,369.2142333984375
2021-04-01,70.7137451171875,81.17233276367188,59.18654251098633,20.758190155029297,31.48335266113281,106.91419219970705,91.30581665039062,35.84105682373047,33.72334289550781,65.12503814697266,27.30920028686523,373.2014465332031
2021-04-05,72.20236206054688,83.0169448852539,59.94401931762695,20.2630615234375,31.729963302612305,107.65824127197266,92.4334945678711,36.28294372558594,33.89986038208008,66.47101593017578,27.60798454284668,378.5580139160156
2021-04-06,72.38249969482422,83.37628173828125,60.19650268554688,20.20942687988281,31.666025161743164,107.24486541748048,92.21166229248048,36.36410140991211,33.983917236328125,66.18739318847656,27.753108978271484,378.3344421386719
2021-04-07,72.94193267822266,83.12715911865234,60.04849243164063,20.279571533203125,31.82130241394043,107.00603485107422,91.78646850585938,35.737361907958984,34.02594375610352,66.53831481933594,27.71896743774414,378.7722473144531
2021-04-08,72.95143127441406,83.52003479003906,60.10943603515625,20.0155029296875,31.83043670654297,107.17139434814452,92.00830841064452,35.78244400024414,33.85784149169922,67.49970245361328,27.6976261138916,380.57025146484375
2021-04-09,72.93244171142578,84.31535339355469,60.00495529174805,19.88346672058105,32.10443878173828,108.34718322753906,92.90489959716795,36.093563079833984,33.90826416015625,68.14865112304688,27.667755126953125,383.3370971679687
2021-04-12,72.6385269165039,84.85675048828125,60.32710266113281,19.72667694091797,32.24143981933594,108.4574203491211,93.24691009521484,36.21981430053711,34.10999298095703,67.82176971435547,27.693359375,383.4768981933594
2021-04-13,72.73332977294922,85.7527084350586,60.00495529174805,19.74730682373047,31.94002723693848,108.9075164794922,92.79398345947266,36.13414001464844,34.31172180175781,68.46109771728516,28.022016525268555,384.6133117675781
2021-04-14,71.98428344726562,84.90946197509766,59.95272064208984,20.29607391357422,32.131839752197266,108.89833068847656,92.91414642333984,36.39566040039063,34.10158920288086,67.73524475097656,28.145801544189453,383.2998962402344
2021-04-15,72.90402221679688,85.51795196533203,60.43157958984375,20.131032943725582,32.10443878173828,110.76305389404295,93.2839126586914,36.82399368286133,34.74882125854492,68.89852905273438,28.4573974609375,387.41741943359375
2021-04-16,72.85658264160156,86.17912292480469,60.77983474731445,19.970111846923828,32.332786560058594,111.5897979736328,93.48725128173828,37.2703742980957,34.799259185791016,68.88411712646484,28.687889099121097,388.7123107910156
2021-04-19,72.4488754272461,85.21131134033203,60.54475784301758,19.94948005676269,32.24143981933594,111.61734771728516,93.09901428222656,37.09903717041016,34.908531188964844,68.31208801269531,28.542768478393555,386.8025512695313
2021-04-20,72.06013488769531,84.13809204101562,60.8756217956543,19.421348571777344,31.63861846923828,112.04908752441406,92.072998046875,36.74283981323242,35.29519271850586,67.70640563964844,28.90557861328125,383.9706115722656
2021-04-21,72.18340301513672,85.25922393798828,61.18033218383789,19.66891288757324,32.0770378112793,113.37183380126952,93.33009338378906,37.410152435302734,35.45489883422852,68.38898468017578,28.66228485107422,387.6036987304687
2021-04-22,71.65242004394531,84.31535339355469,60.72760009765625,19.437849044799805,31.720827102661133,112.86662292480467,92.85869598388672,36.77891540527344,35.3036003112793,67.58621978759766,28.4573974609375,384.0636901855469
2021-04-23,72.48682403564453,85.19692993164062,60.57087326049805,19.615272521972656,32.31451416015625,113.61067199707033,93.8754653930664,37.38309860229492,35.50533676147461,68.59569549560547,28.418989181518555,388.2279052734375
2021-04-26,72.6385269165039,85.57064819335938,59.89178085327149,19.74730682373047,32.442378997802734,113.2248764038086,93.5981674194336,37.60403823852539,35.58098602294922,68.94661712646484,28.25678443908691,389.0383911132813
2021-04-27,72.34459686279297,85.47003173828125,59.84822845458984,19.986618041992188,32.6981201171875,112.57266235351562,94.3746109008789,37.50483703613281,35.58098602294922,68.77837371826172,28.039100646972656,388.9544677734375
2021-04-28,73.00828552246094,85.36941528320312,59.89178085327149,20.67567443847656,32.82599258422852,112.2328109741211,94.18048095703124,37.60854721069336,35.45489883422852,68.1390380859375,28.00067710876465,388.8427429199219
2021-04-29,75.02788543701172,85.39337921142578,60.52733612060547,20.90673065185547,33.4105339050293,111.78268432617188,94.84600067138672,37.84299850463867,35.71547317504883,68.08134460449219,28.25678443908691,391.32073974609375
2021-04-30,74.00386810302734,85.72396850585938,60.579586029052734,20.378591537475582,33.118255615234375,111.45201873779295,94.21746826171876,37.44171905517578,35.95083236694336,67.15360260009766,28.478744506835938,388.7495422363281
2021-05-03,73.61511993408203,85.31671142578125,61.07585525512695,20.93973731994629,33.28266143798828,112.71965789794922,95.18802642822266,38.00081253051758,35.75749969482422,66.96611022949219,28.474470138549805,389.5880737304687
2021-05-04,72.95143127441406,84.42555236816406,60.762428283691406,20.95211601257324,33.547542572021484,112.83905792236328,95.6039810180664,38.415626525878906,35.5389404296875,65.76438903808594,28.36776733398437,387.18450927734375
2021-05-05,72.80918884277344,84.16204833984375,60.718875885009766,21.62878799438477,33.82154846191406,113.04114532470705,95.69639587402344,38.902591705322266,35.01780700683594,65.60574340820312,27.889698028564453,387.3056640625
2021-05-06,73.66252136230469,84.34410095214844,61.50245666503906,21.740190505981445,34.32389068603516,113.1881332397461,96.36192321777344,39.23174285888672,35.1859130859375,66.2643051147461,28.10311508178711,390.39849853515625
2021-05-07,74.22193908691406,85.10111999511719,61.50245666503906,22.128040313720703,34.50655746459961,113.96891021728516,97.37869262695312,39.6195068359375,35.614601135253906,66.83153533935547,28.188495635986328,393.2397766113281
2021-05-10,72.79969787597656,83.58710479736328,61.97260665893555,22.13629531860352,34.479156494140625,114.11591339111328,97.47111511230467,39.44365692138672,35.7743034362793,65.144287109375,28.474470138549805,389.3458557128906
2021-05-11,72.59110260009766,82.64322662353516,61.43281173706055,21.5669002532959,33.86721420288086,112.88499450683594,96.02916717529295,39.574405670166016,35.35403060913086,64.94721221923828,28.12446594238281,385.8709716796875
2021-05-12,71.16887664794922,79.84517669677734,60.61441421508789,21.670053482055664,33.5201416015625,111.8194351196289,93.72756958007812,38.57794952392578,34.49665069580078,63.12055206298828,27.46712875366211,377.6730651855469
2021-05-13,71.6808853149414,80.4105453491211,61.46764755249024,21.405981063842773,34.059017181396484,112.82991027832033,95.48377990722656,39.16861724853515,34.933746337890625,63.95696640014648,27.996408462524418,382.2098388671875
2021-05-14,73.09362030029297,81.80477905273438,61.7375373840332,22.07027816772461,34.597904205322266,113.39938354492188,96.80559539794922,39.63753128051758,35.26156234741211,65.36538696289062,28.132999420166016,388.078857421875
2021-05-17,72.51525115966797,81.65624237060547,61.65047836303711,22.5819091796875,34.66183090209961,113.1881332397461,96.50981903076172,39.98472595214844,35.27838134765625,64.88471221923828,27.90250968933105,387.0914001464844
2021-05-18,71.77569580078125,81.01901245117188,61.45893859863281,22.057899475097656,34.177757263183594,113.2248764038086,95.10482788085938,39.5428581237793,35.34561538696289,64.36553955078125,27.89824485778809,383.75628662109375
2021-05-19,71.88947296142578,80.33866882324219,61.25869369506836,21.509138107299805,33.967681884765625,113.03196716308594,94.56871032714844,38.938663482666016,35.21113204956055,64.59146118164062,27.85128593444824,382.7501831054687
2021-05-20,73.12208557128906,81.1627426147461,61.82460784912109,21.47612762451172,33.98594665527344,114.21694946289062,94.7812957763672,38.96119689941406,35.64822006225586,65.82687377929688,28.094587326049805,386.8677673339844
2021-05-21,72.87555694580078,80.75550842285156,61.833309173583984,21.521509170532227,34.32389068603516,114.2353057861328,95.24347686767578,39.04687881469727,35.58938217163086,65.46636199951172,28.23971176147461,386.5510559082031
2021-05-24,74.2029800415039,81.55562591552734,62.01615524291992,21.736064910888672,34.48830032348633,114.34555053710938,95.83504486083984,39.3940544128418,35.97604751586914,66.629638671875,28.188495635986328,390.4916687011719
2021-05-25,74.18402099609375,81.81433868408203,62.03356170654297,21.29457664489746,34.1412239074707,114.0056610107422,95.54851531982422,39.060394287109375,36.076904296875,66.64885711669922,27.84701919555664,389.6252746582031
2021-05-26,74.66758728027344,82.5953140258789,61.90297317504883,21.4843807220459,34.24169158935547,113.34429168701172,95.85352325439452,39.07393264770508,36.16096496582031,66.64405059814453,27.85128593444824,390.39849853515625
2021-05-27,74.95201110839844,82.92591857910156,61.51989364624024,21.500885009765625,34.63443374633789,113.09626007080078,97.16609954833984,39.385040283203125,36.11894607543945,66.29314422607422,27.663475036621097,390.6034240722656
2021-05-28,74.70549011230469,82.81092834472656,61.65047836303711,21.542139053344727,34.6983642578125,113.53718566894533,97.16609954833984,39.344459533691406,36.36269760131836,66.5286865234375,27.812875747680664,391.3021240234375
2021-06-01,74.7529067993164,82.65280151367188,61.441524505615234,22.371479034423828,34.908443450927734,111.6724624633789,97.54508209228516,39.89453887939453,36.98472213745117,66.2018051147461,27.64213752746582,390.9574279785156
2021-06-02,74.52536010742188,82.26952362060547,61.66788864135742,22.788209915161133,34.96324157714844,111.45201873779295,97.26776885986328,39.56087875366211,37.49746322631836,66.65849304199219,27.787261962890625,391.57232666015625
2021-06-03,74.02281188964844,81.29212188720703,62.05098724365234,22.8501033782959,35.04544448852539,111.79187774658205,97.05516815185548,39.55187225341797,37.42181015014648,66.03837585449219,27.95372772216797,390.1190490722656
2021-06-04,75.08477783203125,81.94371795654297,62.268653869628906,23.00276565551757,35.13677978515625,112.15011596679688,97.36943817138672,39.63753128051758,37.45544052124024,67.30742645263672,27.91104888916016,393.68701171875
2021-06-07,75.47351837158203,81.94371795654297,62.16416549682617,22.903736114501957,34.908443450927734,112.5542984008789,96.69469451904295,39.155086517333984,37.8084716796875,67.29301452636719,27.96226119995117,393.3050231933594
2021-06-08,75.25543975830078,82.60490417480469,61.64176177978515,23.101791381835938,34.817108154296875,112.20523834228516,96.9442367553711,39.22723007202149,38.01020431518555,67.29782104492188,27.72323226928711,393.3888549804687
2021-06-09,75.17958068847656,82.14974212646484,61.34576034545898,22.95738220214844,34.48830032348633,113.2891845703125,95.95520782470705,38.92062759399414,38.05222702026367,67.34587097167969,27.97079849243164,392.8019409179687
2021-06-10,75.58728790283203,82.53782653808594,61.72884368896485,22.92849922180176,34.0864143371582,115.22738647460938,95.48377990722656,38.68616485595703,38.43888854980469,67.84101104736328,28.15434837341309,394.62786865234375
2021-06-11,75.6726303100586,82.98821258544922,61.76366424560547,22.8501033782959,34.30562210083008,114.40983581542967,95.67790985107422,38.8304557800293,38.195125579833984,68.24478912353516,28.21836853027344,395.2799987792969
2021-06-14,76.1751480102539,83.01213836669922,61.72884368896485,22.751073837280277,33.94941329956055,114.5108871459961,95.24347686767578,38.352500915527344,38.413673400878906,68.93698120117188,28.278125762939453,396.1650695800781
2021-06-15,75.73899841308594,82.57137298583984,61.58082962036133,23.184310913085938,34.01335525512695,114.54763793945312,95.65017700195312,38.27134323120117,38.06062316894531,68.51397705078125,28.36349868774414,395.4383850097656
2021-06-16,75.07527923583984,82.60969543457031,60.762428283691406,23.060529708862305,33.97681427001953,114.1067352294922,94.74434661865234,37.84751510620117,37.71600341796875,68.14383697509766,27.9366512298584,393.2304992675781
2021-06-17,75.38818359375,82.92112731933594,60.980098724365234,22.27657890319824,32.97212600708008,114.97935485839844,93.2839126586914,37.004356384277344,37.85890197753906,68.93217468261719,28.090314865112305,393.0999755859375
2021-06-18,74.50637817382812,82.48511505126953,59.90047454833984,21.61641502380371,32.17750549316406,113.66580200195312,92.072998046875,36.40467071533203,37.26211166381836,68.3024673461914,27.360422134399418,387.7970581054687
2021-06-21,75.22923278808594,83.12088775634766,60.58751678466797,22.53758811950684,32.92852020263672,115.0315170288086,94.09813690185548,37.16046905517578,38.00235748291016,69.03445434570312,27.714866638183597,393.34869384765625
2021-06-22,75.87513732910156,83.90301513671875,60.675140380859375,22.68764305114746,32.9835205078125,115.28050994873048,94.20012664794922,37.30990982055664,37.83316040039063,69.66050720214844,27.547107696533203,395.4515686035156
2021-06-23,75.79914093017578,84.55079650878906,60.29832077026367,22.75016593933105,33.04771423339844,114.8009796142578,93.98685455322266,37.06990051269531,37.71471405029297,69.58349609375,27.25460624694824,394.9749755859375
2021-06-24,76.51153564453125,84.83869934082031,60.59626388549805,22.94607162475586,33.46036148071289,115.39117431640624,94.71940612792967,37.18764114379883,37.53705596923828,70.02169799804688,27.22879219055176,397.31158447265625
2021-06-25,76.60653686523438,85.3760986328125,61.06071472167969,23.06694984436035,33.86381530761719,115.9167938232422,94.9048843383789,37.192169189453125,37.80777359008789,69.9398422241211,27.521297454833984,398.7228393554687
2021-06-28,77.47090911865234,85.39527893066406,61.11327362060547,22.28749656677246,33.61623001098633,116.0920181274414,94.40412902832033,37.192169189453125,37.8246955871582,70.6718521118164,27.697662353515625,399.5265502929687
2021-06-29,77.052978515625,85.60641479492188,60.84163284301758,22.17912101745605,33.49702453613281,116.22111511230467,94.21869659423828,37.17405319213867,37.79931640625,71.1871337890625,27.250301361083984,399.7415771484375
2021-06-30,76.91049194335938,85.673583984375,61.314823150634766,22.454225540161133,33.643741607666016,116.14733123779295,94.95121002197266,37.27367782592773,37.50321960449219,71.1100845336914,27.198680877685547,400.0780029296875
2021-07-01,77.48040771484375,86.158203125,61.13081741333008,22.84603881835937,33.9096565246582,117.18018341064452,95.62812042236328,37.47747421264648,37.65550231933594,71.23046875,27.495485305786133,402.2930603027344
2021-07-02,78.02184295654297,86.9163589477539,61.279781341552734,22.79601669311523,33.872989654541016,118.30522918701172,95.77647399902344,37.53179931640625,37.83316040039063,72.16956329345703,27.538503646850582,405.3680419921875
2021-07-06,77.83184051513672,87.01712799072266,61.025638580322266,22.054075241088867,33.341148376464844,118.19457244873048,94.85848236083984,36.97480010986328,38.17155456542969,72.44406127929688,27.65464401245117,404.6295776367187
2021-07-07,77.71786499023438,86.96914672851562,61.34988784790039,21.69561004638672,33.38698959350586,118.9415283203125,95.8042984008789,37.3597297668457,38.36613464355469,72.83895111083984,27.83531379699707,406.0597839355469
2021-07-08,76.86299133300781,86.7531967163086,61.12204360961914,21.570560455322266,32.71760177612305,118.28678131103516,94.46903228759766,36.8525390625,38.33229064941406,72.15030670166016,27.75357818603516,402.7510681152344
2021-07-09,77.54690551757812,87.5641098022461,61.47257232666016,22.029062271118164,33.66209030151367,118.69255065917967,95.96192932128906,37.57708740234375,38.83990097045898,72.81487274169922,27.78799629211425,407.0504150390625
2021-07-12,78.09783172607422,88.16390991210938,61.37617874145508,21.99572372436523,33.99219512939453,118.92311096191406,96.09173583984376,37.699363708496094,39.17829513549805,72.87266540527344,27.878326416015625,408.5084533691406
2021-07-13,77.89834594726562,87.10829162597656,61.3586311340332,21.82898712158203,33.625396728515625,118.81242370605467,95.16447448730467,37.35519027709961,38.67068862915039,73.17125701904297,27.66754913330078,407.11572265625
2021-07-14,77.84136199951172,86.94994354248047,61.90195083618164,21.17875099182129,33.46952438354492,118.7017593383789,95.15521240234376,37.27821350097656,39.00909805297851,73.7105941772461,27.9084415435791,407.7232971191406
2021-07-15,77.29043579101562,86.47969055175781,62.156097412109375,20.882801055908203,33.57956314086914,118.28678131103516,95.34066772460938,37.282745361328125,39.06831741333008,73.10381317138672,28.222450256347656,406.3306884765625
2021-07-16,76.8060073852539,85.41448974609375,62.25248718261719,20.29091453552246,33.12106704711914,118.60953521728516,94.4968719482422,36.72120666503906,39.11061477661133,72.38143920898438,28.50634765625,403.1435852050781
2021-07-19,75.63768005371094,84.43562316894531,62.06845474243164,19.5739803314209,32.194923400878906,117.36461639404295,92.52180480957033,35.93326950073242,38.50149154663086,71.38459014892578,28.0546932220459,397.1900939941406
2021-07-20,76.49256896972656,85.99508666992188,62.085968017578125,19.83658218383789,32.99269104003906,118.7939910888672,95.1088409423828,36.3408203125,39.19522476196289,72.44406127929688,28.175138473510746,402.8819580078125
2021-07-21,77.12893676757812,86.78678894042969,61.92824172973633,20.528507232666016,33.561222076416016,118.98764038085938,96.01757049560548,36.73932266235352,39.076778411865234,73.14234924316406,27.86542320251465,406.143798828125
2021-07-22,77.3949203491211,87.16107177734375,61.823089599609375,20.29925537109375,33.19442367553711,119.86369323730467,95.66521453857422,36.75291442871094,38.79759216308594,73.68170928955078,27.9084415435791,406.9943542480469
2021-07-23,79.31365203857422,87.9383773803711,62.56794357299805,20.224225997924805,33.24945068359375,121.2469482421875,96.07320404052734,37.01103591918945,39.15290451049805,74.41372680664062,28.265464782714844,411.1814575195313
2021-07-26,79.72209930419922,88.59097290039062,62.67309188842773,20.72441291809082,33.4420166015625,120.4631118774414,96.02684020996094,37.32349395751953,39.15290451049805,74.37518310546875,28.27407455444336,412.1908264160156
2021-07-27,78.772216796875,87.69367218017578,62.80454254150391,20.53266906738281,33.43284225463867,121.025634765625,95.4983139038086,37.37330627441406,39.465938568115234,73.67207336425781,28.760141372680664,410.3121948242187
2021-07-28,79.3896484375,87.41056823730469,62.25248718261719,20.72024345397949,33.38698959350586,121.45906066894533,95.27576446533205,37.48199081420898,39.22905731201172,73.58058166503906,28.54076766967773,410.1440124511719
2021-07-29,78.5347671508789,88.39423370361328,62.55917739868164,20.920316696166992,33.75379180908203,121.75416564941406,96.02684020996094,37.894081115722656,39.11061477661133,73.9225082397461,28.61819076538086,411.8450317382813
2021-07-30,78.26880645751953,86.5756607055664,62.664344787597656,20.58686065673828,33.48785781860352,121.86479949951172,95.84139251708984,38.04804992675781,39.23751449584961,73.87434387207031,28.377307891845703,409.8449401855469
2021-08-02,78.08831787109375,86.8251724243164,62.40143203735352,20.43263435363769,33.49702453613281,122.03079986572266,95.18304443359376,37.58614730834961,39.25444412231445,73.60948181152344,28.596689224243164,408.985107421875
2021-08-03,77.73688507080078,87.46815490722656,62.68186569213867,20.782764434814453,33.872989654541016,123.72759246826172,96.42556762695312,37.9755973815918,39.41518020629883,74.08142852783203,28.760141372680664,412.3123168945313
2021-08-04,77.95532989501953,86.61885833740234,61.86689758300781,20.22005271911621,33.5887336730957,123.20194244384766,95.11813354492188,37.61332321166992,39.28826904296875,74.230712890625,28.717130661010746,410.28424072265625
2021-08-05,78.66773986816406,87.448974609375,62.16484451293945,20.44930648803711,34.02887725830078,122.69477081298828,95.5632095336914,37.5589714050293,39.601295471191406,74.64005279541016,29.031137466430664,412.8824462890625
2021-08-06,78.66773986816406,86.85397338867188,62.16484451293945,20.63687324523925,34.71660614013672,122.59334564208984,96.00830078125,38.10239791870117,39.53361129760742,74.57745361328125,29.013935089111328,413.5648193359375
2021-08-09,78.52526092529297,86.73401641845703,62.39268493652344,20.345104217529297,34.80830764770508,123.0636215209961,95.62812042236328,38.057106018066406,39.35596084594727,74.33666229248047,29.005327224731445,413.2282409667969
2021-08-10,78.67724609375,87.07470703125,62.839599609375,20.70356178283691,35.17509841918945,122.77777099609376,96.60174560546876,38.6322135925293,38.93295669555664,73.80209350585938,29.03544235229492,413.7423095703125
2021-08-11,78.8292236328125,87.3290023803711,63.049903869628906,20.866130828857425,35.57856750488281,121.56050872802734,97.8535385131836,39.17563629150391,39.14445877075195,73.81173706054688,29.306434631347656,414.7704162597656
2021-08-12,78.97168731689453,87.36737823486328,63.0148811340332,20.84528923034668,35.64274215698242,122.51956939697266,97.6680908203125,39.11223602294922,39.279823303222656,74.23554229736328,29.33655166625977,416.0134582519531
2021-08-13,79.01920318603516,87.11788177490234,63.54064178466797,20.599365234375,35.37683868408203,123.28495025634766,97.3620834350586,39.14845657348633,39.54207992553711,74.64005279541016,29.54302024841309,416.7705078125
2021-08-16,79.15216827392578,86.7148208618164,63.9087028503418,20.22005271911621,35.285133361816406,124.68665313720705,97.69589233398438,38.9537353515625,39.584381103515625,74.97718048095703,29.72369766235352,417.75189208984375
2021-08-17,78.49676513671875,84.65633392333984,63.94374084472656,20.01164054870605,35.03754806518555,126.1621322631836,96.6388168334961,38.505409240722656,39.6605110168457,74.3559341430664,29.740896224975582,415.0134887695313
2021-08-18,77.89834594726562,84.9586410522461,63.14632034301758,19.59481811523437,34.6065673828125,124.24400329589844,95.5817642211914,38.057106018066406,39.24597930908203,73.33016204833984,29.590341567993164,410.4710998535156
2021-08-19,77.90782928466797,84.41643524169922,63.65455627441406,19.08629989624023,34.34980773925781,124.80653381347656,94.91412353515624,37.71747589111328,39.57592391967773,74.04769134521484,29.710790634155277,411.1066589355469
2021-08-20,78.58226776123047,85.22734069824219,63.75971603393555,19.12797737121582,34.56072235107422,125.51659393310548,95.16447448730467,37.93936538696289,39.76203918457031,75.0012435913086,30.080713272094727,414.3778991699219
2021-08-23,79.53213500976562,86.326171875,63.55815887451172,19.84491729736328,34.8449821472168,125.5626983642578,95.9433822631836,38.26541519165039,39.6097526550293,75.96922302246094,29.69358253479004,418.02294921875
2021-08-24,79.78858947753906,86.93553161621094,63.0761947631836,20.17420768737793,35.05589294433594,125.1200714111328,96.42556762695312,38.505409240722656,39.31365966796875,75.88253784179688,29.50000762939453,418.6865539550781
2021-08-25,79.91207122802734,87.27142333984375,62.97105026245117,20.328428268432617,35.46852493286133,124.77886962890624,97.0468292236328,38.68203353881836,39.2713508605957,75.83919525146484,29.55592536926269,419.5651245117187
2021-08-26,79.21866607666016,86.46531677246094,62.68186569213867,20.019981384277344,35.2943000793457,124.29010772705078,96.62026977539062,38.41485977172851,39.29673385620117,75.3624267578125,29.482807159423828,417.0882873535156
2021-08-27,80.47248077392578,87.25222778320312,62.90092849731445,20.553516387939453,35.7619514465332,124.15178680419922,97.28790283203124,38.92203521728515,39.61821746826172,76.0896224975586,29.474193572998047,420.8174743652344
2021-08-30,81.0234146118164,87.90958404541016,63.181339263916016,20.311756134033203,35.25763320922852,124.85261535644533,97.17664337158205,38.88128280639648,40.10044479370117,76.90829467773438,29.517210006713867,422.66802978515625
2021-08-31,81.3273696899414,88.12073516845703,63.32157516479492,20.17420768737793,35.21177291870117,124.68665313720705,96.90775299072266,38.76806640625,40.33731460571289,76.5037612915039,29.482807159423828,422.0418090820313
2021-09-01,81.73580932617188,88.11593627929688,63.65455627441406,19.878257751464844,35.010032653808594,124.72352600097656,96.53682708740234,38.6684455871582,41.03103256225586,76.52303314208984,29.869945526123047,422.2661437988281
2021-09-02,81.18490600585938,88.11112976074219,63.89991760253906,20.382617950439453,35.12923812866211,126.06069946289062,97.57536315917967,38.91751480102539,41.225616455078125,76.44116973876953,30.14093780517578,423.5653076171875
2021-09-03,81.18490600585938,88.05834197998047,63.82106399536133,20.26590156555176,34.9091682434082,126.19898986816406,96.98190307617188,38.65939712524414,41.225616455078125,76.74453735351562,29.891447067260746,423.4624938964844
2021-09-07,81.37484741210938,88.31744384765625,63.08496856689453,20.14502716064453,34.698272705078125,125.46124267578124,95.30357360839844,38.40579605102539,40.76877975463867,76.7638168334961,29.49570655822754,421.9483642578125
2021-09-08,80.95691680908203,88.418212890625,63.62826156616211,19.886594772338867,34.6157341003418,125.40592956542967,95.43340301513672,38.03899002075195,41.01411437988281,76.47007751464844,30.02479553222656,421.4343566894531
2021-09-09,80.55797576904297,88.30304718017578,63.26020050048828,19.92828369140625,34.71660614013672,123.95811462402344,94.96975708007812,38.05257415771485,40.14274597167969,76.18111419677734,29.861337661743164,419.6305847167969
2021-09-10,80.03556823730469,87.76084899902344,62.988563537597656,19.91994857788086,34.45985412597656,122.82388305664062,94.5432357788086,38.04351425170898,39.63513946533203,75.42984771728516,29.444091796875,416.3218994140625
2021-09-13,80.23502349853516,87.97677612304688,63.14632034301758,20.490991592407227,34.854156494140625,122.06768035888672,94.79359436035156,38.034461975097656,39.855098724365234,75.45392608642578,29.392475128173828,417.3874206542969
2021-09-14,79.54161834716797,87.68408203125,62.85713958740234,20.195051193237305,34.386505126953125,122.0492706298828,93.6530532836914,37.61785125732422,39.77049255371094,75.35762023925781,29.29353713989257,415.1349182128906
2021-09-15,79.93106842041016,88.2502670288086,63.08496856689453,20.949493408203125,34.71660614013672,122.84231567382812,94.68231201171876,38.0163459777832,39.92277526855469,76.01737213134766,29.254817962646484,418.6024169921875
2021-09-16,79.85507202148438,88.65332794189453,62.8746452331543,20.71190643310547,34.6157341003418,122.52877044677734,94.03323364257812,37.6042594909668,39.9989128112793,76.06071472167969,29.00963592529297,417.9388122558594
2021-09-17,78.97168731689453,88.34143829345703,62.53289794921875,20.55767822265625,34.45985412597656,122.6486358642578,93.03179168701172,36.82990264892578,39.63513946533203,74.87602233886719,28.56227684020996,413.86767578125
2021-09-20,77.3846206665039,86.32554626464844,61.908599853515625,19.92991828918457,33.66047286987305,121.36878967285156,91.96478271484376,36.122188568115234,39.36375427246094,73.51221466064453,28.50983238220215,406.96673583984375
2021-09-21,77.06112670898438,86.45529174804688,61.83807373046875,19.976320266723636,33.61442947387695,121.55389404296876,91.48106384277344,36.03577423095703,39.37224960327149,73.5411605834961,28.43181610107422,406.5823364257813
2021-09-22,77.02304077148438,87.63262939453125,62.014408111572266,20.5922794342041,34.17620849609375,121.75747680664062,92.2066421508789,36.408729553222656,39.704044342041016,74.54942321777344,28.41448211669922,410.5484924316406
2021-09-23,77.81277465820312,88.52165985107422,62.24366760253906,21.313701629638672,35.014259338378906,122.6366195678711,93.6206283569336,36.92723083496094,39.50836563110352,75.54805755615234,28.26278686523437,415.5366516113281
2021-09-24,78.45027923583984,88.85321807861328,62.27012252807617,21.474018096923828,35.198455810546875,122.13692474365234,93.81598663330078,36.87265396118164,39.05748748779297,75.60111999511719,28.232444763183597,416.22119140625
2021-09-27,78.44078063964844,89.32897186279297,61.98794555664063,22.237632751464844,35.67734146118164,120.39710235595705,93.90901184082033,37.1591911315918,38.41091537475586,74.86782836914062,27.89872360229492,415.03033447265625
2021-09-28,76.52827453613281,87.60859680175781,61.256103515625,22.31357192993164,35.08794021606445,118.33341979980467,92.82061767578124,36.699825286865234,38.18122482299805,72.6486587524414,27.547657012939453,406.6666870117187
2021-09-29,76.46167755126953,87.69510650634766,61.81161117553711,22.31357192993164,35.11556625366211,119.2680892944336,92.9229507446289,36.54972839355469,38.42793273925781,72.55699157714844,27.907384872436523,407.3511962890625
2021-09-30,76.22378540039062,86.23424530029297,60.70058059692383,21.97606468200684,34.5629997253418,117.8059310913086,91.01590728759766,35.98119354248047,37.81541061401367,72.0359878540039,27.686351776123047,402.3724365234375
2021-10-01,77.50831604003906,86.88298797607422,60.85929107666016,22.714365005493164,35.13398361206055,117.83367919921876,92.2624740600586,36.55427551269531,38.223758697509766,73.1214370727539,27.686351776123047,407.154296875
2021-10-04,75.83368682861328,86.19580078125,60.665321350097656,23.085628509521484,34.8300666809082,116.03836822509766,91.7601318359375,36.39508056640625,38.26629638671875,71.42813873291016,28.0677490234375,401.903564453125
2021-10-05,76.96598815917969,86.54179382324219,60.97393035888672,23.220626831054688,35.51156997680664,116.73243713378906,92.7834243774414,36.71800994873047,37.968536376953125,72.44603729248047,27.998403549194336,406.0853576660156
2021-10-06,77.09915924072266,86.81570434570312,61.564720153808594,22.97593307495117,35.54841613769531,116.51961517333984,93.19271850585938,36.649784088134766,38.33435821533203,72.91880798339844,28.43181610107422,407.7731018066406
2021-10-07,77.43218994140625,88.1660385131836,61.83807373046875,23.15312957763672,35.760231018066406,118.06504821777344,93.91831970214844,37.127349853515625,38.37688827514648,73.58455657958984,28.280118942260746,411.2986145019531
2021-10-08,77.05160522460938,87.76238250732422,61.76752853393555,23.86611557006836,35.93520736694336,117.47278594970705,93.90901184082033,36.92266845703125,37.96002578735352,73.3095932006836,28.072084426879883,410.5484924316406
2021-10-11,75.89078521728516,87.40678405761719,61.74987411499024,23.77751922607422,35.57603454589844,116.55660247802734,93.155517578125,36.92723083496094,38.01107406616211,72.90435791015625,27.6906795501709,407.5761413574219
2021-10-12,75.18668365478516,88.0987777709961,61.77634048461914,23.79861259460449,35.46552658081055,115.99210357666016,92.84852600097656,36.97726440429688,38.521514892578125,72.5280532836914,27.87704467773437,406.5729370117187
2021-10-13,75.53874206542969,88.5312728881836,61.89097213745117,23.77751922607422,35.262916564941406,116.17718505859376,93.04389190673828,37.25470352172851,38.742713928222656,72.97189331054688,28.20210647583008,408.03564453125
2021-10-14,76.60440826416016,89.45872497558594,62.58755874633789,24.068622589111328,35.852325439453125,117.84294891357422,94.8020477294922,38.1598014831543,39.28718948364258,74.61695861816406,28.54883575439453,414.8990173339844
2021-10-15,76.42362213134766,90.8282699584961,62.43765640258789,24.186752319335938,36.38646697998047,118.42595672607422,95.71369171142578,38.27350997924805,39.304195404052734,75.21517944335938,28.46648597717285,418.0588684082031
2021-10-18,77.0135269165039,91.9383544921875,62.06731414794922,24.2036247253418,36.39567565917969,117.6208267211914,95.77882385253906,38.2462158203125,39.37224960327149,75.85198974609375,28.19344520568848,419.2965393066406
2021-10-19,77.75569152832031,91.6788558959961,62.093780517578125,24.47784996032715,36.75484848022461,119.16629791259766,96.34628295898438,38.44633865356445,39.5509147644043,76.60456848144531,28.54883575439453,422.53131103515625
2021-10-20,77.90792083740234,91.6115493774414,62.455299377441406,24.676137924194336,37.0495491027832,120.86907196044922,96.95094299316406,38.7556266784668,40.15493392944336,76.39228820800781,28.99958610534668,424.1909790039063
2021-10-21,78.13629150390625,92.95711517333984,62.37592697143555,24.220497131347656,36.89298629760742,121.35955047607422,97.14630889892578,38.65556335449219,40.28255081176758,76.68656921386719,28.99958610534668,425.2972717285156
2021-10-22,76.48072052001953,92.62551879882812,62.86091613769531,24.448320388793945,37.40871047973633,121.85000610351562,97.49049377441406,38.58279037475586,40.57179641723633,76.4212646484375,29.146947860717773,424.8566589355469
2021-10-25,76.81371307373047,94.92253112792967,62.81680679321289,24.806922912597656,37.3626594543457,121.99808502197266,97.7137451171875,38.96939468383789,40.6909065246582,76.67208862304688,29.02125358581543,427.1350402832031
2021-10-26,76.128662109375,94.93694305419922,63.03726959228515,24.95036506652832,37.39029312133789,122.59959411621094,97.10909271240234,39.07854843139648,40.87806701660156,76.88920593261719,29.17728614807129,427.51947021484375
2021-10-27,75.91932678222656,95.14839935302734,62.66691207885742,24.233158111572266,36.77326583862305,121.62789154052734,95.97417449951172,38.51911163330078,40.5803108215332,76.82164764404297,28.98224639892578,425.62548828125
2021-10-28,76.16669464111328,96.41223907470705,62.88736343383789,24.406129837036133,37.22452545166016,122.64588165283205,97.17420196533205,38.90117263793945,41.17582702636719,77.59354400634766,29.172950744628903,429.7322998046875
2021-10-29,76.40457916259766,96.66212463378906,62.82563400268555,24.245813369750977,37.0771713256836,123.83967590332033,97.20211029052734,38.71468353271485,40.68239212036133,77.9263916015625,28.99958610534668,430.6043090820313
2021-11-01,76.52827453613281,98.43535614013672,62.922630310058594,24.663476943969727,37.09559631347656,123.69158935546876,97.47187042236328,38.80564498901367,40.77598190307617,77.81063079833984,29.10360336303711,431.3450622558594
2021-11-02,76.53778839111328,97.77218627929688,63.34587097167969,24.431446075439453,37.18769073486328,124.4689483642578,97.79747009277344,39.246829986572266,41.158809661865234,78.49569702148438,29.129608154296875,433.0890197753906
2021-11-03,76.81371307373047,99.531005859375,63.936668395996094,24.22893714904785,37.3258171081543,125.20001983642578,97.58352661132812,39.65618515014648,41.39701843261719,78.95397186279297,29.02125358581543,435.7330932617187
2021-11-04,77.11819458007812,100.87171173095705,63.99837493896485,24.26269149780273,36.83772659301758,124.33936309814452,97.97423553466795,39.633445739746094,40.92911148071289,80.18900299072266,28.86089134216309,437.7864990234375
2021-11-05,77.73666381835938,101.52045440673828,64.36872100830078,24.5791015625,36.85615158081055,122.95126342773438,98.9696044921875,39.94272232055664,41.02268981933594,80.60388946533203,29.133947372436523,439.3054504394531
2021-11-08,77.39411926269531,100.08362579345705,63.85729598999024,24.80270195007324,37.05875778198242,123.68234252929688,99.37892150878906,40.443016052246094,41.014190673828125,81.03805541992188,28.700532913208008,439.680419921875
2021-11-09,77.20381927490234,98.2335205078125,64.0777359008789,24.90395164489746,36.85615158081055,123.22889709472656,99.6300811767578,40.62949752807617,41.16731643676758,80.70521545410156,28.847898483276367,438.2271728515625
2021-11-10,76.32847595214844,97.86830139160156,64.271728515625,24.245813369750977,36.79167938232422,123.58052825927734,99.07191467285156,40.35205841064453,40.96313095092773,79.3736801147461,29.081926345825195,434.7017211914063
2021-11-11,76.17622375488281,97.60400390625,64.22762298583984,24.338626861572266,36.89298629760742,123.21964263916016,98.66259765625,40.67498397827149,40.98015594482422,79.74517822265625,28.904237747192383,434.8423461914063
2021-11-12,77.28946685791016,97.9307632446289,64.22762298583984,24.27956771850586,36.975868225097656,123.83039855957033,99.44402313232422,40.97972106933594,40.99717330932617,80.71485900878906,28.88689994812012,438.1239318847656
2021-11-15,77.50831604003906,97.8490753173828,64.53624725341797,24.482067108154297,36.975868225097656,123.06231689453124,99.6300811767578,40.793243408203125,41.22687149047851,80.63285064697266,29.26830291748047,438.27392578125
2021-11-16,76.92789459228516,99.3916244506836,64.13064575195312,24.520038604736328,36.93902969360352,123.58052825927734,99.64867401123048,40.67952728271485,40.97164535522461,81.48191833496094,29.129608154296875,440.0086669921875
2021-11-17,76.6329345703125,100.02595520019533,63.98956680297851,24.14456367492676,36.51539993286133,123.75636291503906,99.0533218383789,40.41118621826172,41.2438850402832,81.2358627319336,29.15561294555664,438.9397277832031
2021-11-18,76.08108520507812,101.16004180908205,63.76029968261719,24.00111961364746,36.33121490478515,123.80264282226562,98.8486785888672,40.23835372924805,41.2353744506836,82.04633331298828,29.003921508789062,440.4306335449219
2021-11-19,75.82417297363281,101.59733581542967,63.53105545043945,23.064525604248047,35.93520736694336,123.05307006835938,98.35564422607422,40.16558456420898,41.014190673828125,82.64454650878906,29.16861724853516,439.64300537109375
2021-11-22,74.90122985839844,101.34264373779295,64.03363800048828,23.4737606048584,36.44172286987305,122.49779510498048,98.6253890991211,40.229248046875,40.81000900268555,81.72311401367188,29.3463191986084,438.4053039550781
2021-11-23,74.70142364501953,100.60740661621094,64.4569091796875,24.19518661499023,37.0127067565918,122.62738037109376,98.79283905029295,40.27018737792969,41.2438850402832,81.53495788574219,29.37665557861328,438.9866333007813
2021-11-24,74.80607604980469,100.81404876708984,64.26290893554688,24.431446075439453,36.92982864379883,122.5810775756836,98.68121337890624,39.98365020751953,41.796871185302734,82.12836456298828,29.393993377685547,440.15869140625
2021-11-26,73.43595123291016,98.0653305053711,63.45167922973633,23.448450088500977,35.70497131347656,122.12764739990234,96.01138305664062,39.2968635559082,40.66538619995117,80.07801818847656,28.9345703125,430.3417663574219
2021-11-29,74.06391906738281,99.58865356445312,63.61040878295898,23.583452224731445,35.81548309326172,122.46078491210938,96.17884063720705,39.47879409790039,41.17582702636719,82.08011627197266,29.3636531829834,435.6205139160156
2021-11-30,71.71372985839844,98.24312591552734,61.97914505004883,23.03077888488769,34.95900344848633,120.0546875,93.74156951904295,38.50091552734375,40.31657409667969,81.39506530761719,28.5054931640625,427.1444091796875
2021-12-01,70.05813598632812,96.46990203857422,61.67934799194336,22.78608512878418,34.57220458984375,119.8418426513672,92.43921661376952,38.109771728515625,39.78911972045898,80.2806625366211,28.55750846862793,422.4000854492187
2021-12-02,71.23799133300781,97.84426879882812,62.331878662109375,23.448450088500977,35.603668212890625,120.42488098144533,95.18345642089844,38.88752746582031,40.87806701660156,81.01878356933594,28.92157745361328,428.86962890625
2021-12-03,71.07624816894531,95.94131469726562,63.10779571533203,23.26282119750977,35.023468017578125,120.6469497680664,95.07183837890624,38.80110168457031,40.67388534545898,79.66315460205078,29.21195411682129,425.137939453125
2021-12-06,72.2465591430664,97.03694152832033,64.21882629394531,23.6087646484375,35.557621002197266,121.33177185058594,96.68118286132812,39.36963653564453,41.26089859008789,80.42057037353516,29.658376693725582,430.1730041503906
2021-12-07,72.98872375488281,99.3003387451172,64.35987854003906,24.161434173583984,36.19307327270508,122.89572143554688,97.66722869873048,39.97000503540039,41.99253082275391,83.2282943725586,29.879417419433597,439.071044921875
2021-12-08,73.52156829833984,99.55020904541016,64.15708923339844,24.15721702575684,35.99967575073242,123.82117462158205,97.90910339355467,40.13828659057617,42.17119216918945,83.60939025878906,29.84907341003418,440.2337646484375
2021-12-09,72.941162109375,97.8250503540039,64.33345031738281,23.97159194946289,35.92599868774414,124.1080322265625,97.60211944580078,39.91542053222656,41.63522720336914,82.70726776123047,29.81006622314453,437.2613830566406
2021-12-10,72.97921752929688,98.50743103027344,65.41801452636719,24.148778915405277,35.962833404541016,124.54297637939452,98.00212860107422,40.16102981567383,41.8479118347168,84.3667984008789,29.970430374145508,441.3775939941406
2021-12-13,72.59862518310547,95.97013092041016,66.27333068847656,23.47798156738281,35.57603454589844,125.71826171875,96.98816680908205,39.91997146606445,42.40939712524414,83.11249542236328,30.338829040527344,437.4676513671875
2021-12-14,72.4083251953125,95.41268920898438,66.3174057006836,23.38094520568848,35.78784942626953,125.20930480957033,96.06719207763672,39.87904357910156,41.94148635864258,81.74722290039062,30.156795501708984,434.4579162597656
2021-12-15,73.16952514648438,96.62369537353516,66.9875717163086,23.26703453063965,35.889156341552734,127.77272033691406,96.9044189453125,39.9654541015625,42.56253433227539,83.913330078125,30.650882720947266,441.2462768554687
2021-12-16,73.06485748291016,94.49005126953124,67.46370697021484,23.414697647094727,36.34041976928711,128.53155517578125,96.95094299316406,40.37479019165039,42.72417068481445,81.53495788574219,30.80691719055176,437.3551025390625
2021-12-17,72.76988983154297,93.8460922241211,66.30859375,22.937965393066406,35.53919982910156,127.6338882446289,95.29509735107422,39.86994934082031,42.579551696777344,80.98981475830078,30.34316062927246,432.7003784179687
2021-12-20,72.26171875,92.33106994628906,66.32814025878906,22.65377426147461,34.84888458251953,126.86099243164062,93.76840209960938,39.15774154663086,42.30068588256836,80.02653503417969,30.371994018554688,428.099365234375
2021-12-21,73.63467407226562,94.72297668457033,66.23936462402344,23.299076080322266,35.57065963745117,127.39047241210938,95.63591766357422,39.65144348144531,42.54093170166016,82.05172729492188,30.328310012817383,435.7019958496094
2021-12-22,73.81582641601562,96.45075225830078,66.65660095214844,23.44864845275879,35.73722839355469,128.87684631347656,95.90670776367188,39.96685409545898,42.96136474609375,83.12474060058594,30.45935440063477,440.0584411621094
2021-12-23,74.47370910644531,97.78865051269533,66.80755615234375,23.46146583557129,35.92229080200195,129.40635681152344,97.0365753173828,40.36912536621094,42.83266830444336,83.5887222290039,30.45499420166016,442.7965087890625
2021-12-27,75.19832611083984,98.74156951904295,67.5177993774414,23.97428703308105,36.29244613647461,130.77195739746094,98.063720703125,40.97711563110352,43.70785140991211,85.3819351196289,30.60350608825684,449.0630798339844
2021-12-28,75.16018676757812,98.78488159179688,67.8995590209961,23.957195281982425,36.310943603515625,130.42825317382812,98.5586166381836,41.214820861816406,43.8966178894043,84.93727111816406,30.87870407104492,448.6961059570313
2021-12-29,74.78834533691406,98.9822006225586,68.21026611328125,23.803346633911133,36.2646713256836,131.17140197753906,98.73600006103516,41.38395309448242,44.16260528564453,85.00977325439453,31.04469490051269,449.27001953125
2021-12-30,75.10298919677734,98.62606048583984,67.9972152709961,23.658048629760746,36.19990158081055,131.44082641601562,98.38117218017578,41.2376708984375,44.359954833984375,84.44910430908203,31.15826416015625,448.0280151367187
2021-12-31,74.06371307373047,98.39024353027344,68.45886993408203,23.71788024902344,36.1351318359375,130.88343811035156,98.80136108398438,41.4205207824707,44.45433807373047,84.03825378417969,31.26746940612793,446.8989562988281
2022-01-03,74.57857513427734,101.21527099609376,68.44999694824219,24.45292091369629,36.57929611206055,129.5364227294922,97.98902130126952,40.8811149597168,44.04248046875,84.83576202392578,30.95733070373535,449.48638916015625
2022-01-04,74.41648864746094,100.59925079345705,68.91165924072266,25.299070358276367,37.54166793823242,127.82709503173828,99.95923614501952,41.38395309448242,43.870880126953125,83.9367446899414,30.861236572265625,449.3359375
2022-01-05,72.54773712158203,97.88491821289062,68.84951782226562,25.294797897338867,37.10675811767578,126.9167022705078,99.00680541992188,41.37937927246094,42.44655990600586,81.35572052001953,30.8437614440918,440.7076721191406
2022-01-06,72.8719253540039,97.6298370361328,68.66307067871094,25.85889434814453,37.6527099609375,125.44890594482422,99.46434783935548,40.85825347900391,42.49802780151367,80.94487762451172,30.524879455566406,440.2936096191406
2022-01-07,72.88143920898438,96.0031509399414,68.73410034179688,26.21359634399414,38.09687423706055,124.8079605102539,99.43633270263672,40.82168960571289,42.27495193481445,80.2005386352539,30.75639533996582,438.5530090332031
2022-01-10,72.42378997802734,95.416015625,68.19253540039062,26.13240432739257,37.96732711791992,126.08992004394533,98.3158187866211,40.40569686889648,42.02611541748047,80.21504211425781,30.55546188354492,438.0072326660156
2022-01-11,73.32955932617188,96.33522033691406,68.11263275146484,27.02128791809082,38.30046463012695,127.09320831298828,98.9040985107422,40.84911346435547,41.957481384277344,81.17688751220703,30.28026008605957,441.9967041015625
2022-01-12,73.42491912841797,96.9705047607422,68.1392593383789,27.07256507873535,38.32822036743164,126.73091888427734,99.2215805053711,41.260536193847656,42.06902694702149,81.55870819091797,30.376367568969727,443.1917419433594
2022-01-13,72.66214752197266,95.02136993408205,68.26355743408203,26.93581771850586,38.18016052246094,124.76148223876952,99.43633270263672,40.94054412841797,41.92315673828125,79.44652557373047,30.524879455566406,437.0851745605469
2022-01-14,72.99585723876953,94.57861328125,68.3878402709961,27.56829261779785,37.78226089477539,124.54784393310548,98.83872985839844,40.59312057495117,41.43408584594727,80.11834716796875,30.31520652770996,437.263916015625
2022-01-18,72.1091537475586,92.78827667236328,67.4023666381836,27.679405212402344,36.940185546875,122.80136108398438,97.69953155517578,40.05827713012695,41.15093612670898,78.19467163085938,29.952640533447266,429.5201416015625
2022-01-19,71.98521423339844,91.1135025024414,67.82852172851562,27.478553771972656,36.32019805908203,122.29969024658205,96.60702514648438,39.95771408081055,40.618953704833984,77.10233306884766,30.088058471679688,425.0602111816406
2022-01-20,71.27013397216797,89.45310974121094,67.38462829589844,27.226415634155277,36.08885955810547,121.50078582763672,95.37447357177734,39.37715148925781,40.25857925415039,76.10665130615234,30.12737274169922,420.35552978515625
2022-01-21,68.85789489746094,86.83021545410156,67.43789672851562,26.68795394897461,35.348575592041016,120.2745361328125,94.4967269897461,38.41718292236328,40.23284530639648,74.59380340576172,30.070581436157227,412.1037292480469
2022-01-24,69.36324310302734,87.87454223632812,67.2159423828125,26.8674373626709,35.45035934448242,119.87507629394533,95.0383071899414,38.44003677368164,40.31865310668945,74.98046875,29.782283782958984,413.8538818359375
2022-01-25,67.94259643554688,86.387451171875,66.4701919555664,27.91016960144043,35.598426818847656,119.1040267944336,94.10456085205078,38.09261703491211,40.20710372924805,73.24529266357422,29.314897537231445,408.8011169433594
2022-01-26,66.95100402832031,85.96875,65.9641342163086,27.86316299438477,35.69095993041992,118.48162078857422,93.2828369140625,37.69491958618164,39.53784942626953,73.6754379272461,29.074649810791016,407.7755126953125
2022-01-27,67.02727508544922,83.88484191894531,66.40803527832031,28.166580200195312,35.367088317871094,118.7881851196289,92.4518051147461,37.82291793823242,38.82568359375,73.16795349121094,29.332365036010746,405.7619018554687
2022-01-28,68.94371032714844,85.71367645263672,67.1893081665039,28.04692268371582,35.82976150512695,121.21279907226562,93.0960922241211,38.04234313964844,40.17278289794922,76.36764526367188,29.686187744140625,415.8391723632813
2022-01-31,70.50736236572266,89.01033782958984,67.44678497314453,28.17085266113281,36.144378662109375,121.9095230102539,94.06719207763672,38.604610443115234,40.618953704833984,78.28651428222656,30.24968910217285,423.3289489746094
2022-02-01,71.1175765991211,89.54937744140625,67.38462829589844,29.175119400024418,36.64406967163086,122.23469543457033,95.36512756347656,39.19887924194336,40.34439086914063,78.48951721191406,29.84781265258789,426.1893310546875
2022-02-02,72.53820037841797,89.0151596069336,68.19253540039062,29.26914978027344,36.89391326904297,123.87895965576172,96.02810668945312,39.3222885131836,41.03939437866211,79.12750244140625,30.288997650146484,430.3293762207031
2022-02-03,67.6851577758789,86.29118347167969,68.21026611328125,28.99136734008789,36.486759185791016,123.34941864013672,94.4967269897461,38.63661193847656,40.618953704833984,76.83165740966797,30.153587341308597,420.2144470214844
2022-02-04,67.85677337646484,88.74564361572266,67.3757553100586,29.444360733032227,37.10675811767578,122.9035415649414,93.47892761230467,37.99663162231445,40.06123352050781,77.14100646972656,29.91333770751953,422.19049072265625
2022-02-07,66.67452239990234,88.56275939941406,67.50003051757812,29.820425033569336,37.2177963256836,122.68988800048828,93.55363464355467,37.80921173095703,40.06983184814453,76.62865447998047,29.869651794433597,420.83544921875
2022-02-08,66.64590454101562,89.80923461914062,67.75751495361328,29.17939758300781,37.73599243164063,123.69316864013672,94.4874038696289,38.394325256347656,39.70944213867188,77.57600402832031,29.891496658325195,424.2980041503906
2022-02-09,68.52420806884766,90.99799346923828,67.7752685546875,29.42299461364746,37.97657775878906,124.65000915527344,95.78533935546876,39.23087310791016,40.67043685913086,79.29668426513672,30.02254295349121,430.5081176757813
2022-02-10,67.54214477539062,89.4290542602539,67.04727172851562,29.239227294921875,37.64346694946289,122.69916534423828,94.21662139892578,39.00230407714844,39.51211166381836,77.22317504882812,29.262470245361328,422.7737731933594
2022-02-11,66.0833511352539,86.85908508300781,66.80755615234375,30.08966064453125,37.116004943847656,120.99913024902344,92.77860260009766,38.398902893066406,38.97154235839844,74.8644790649414,29.27994155883789,414.4371643066406
2022-02-14,66.09291076660156,87.35478973388672,66.6211166381836,29.38025283813477,36.6995964050293,119.76359558105467,92.43311309814452,38.08347702026367,38.55112075805664,74.84030151367188,29.03096389770508,413.0822448730469
2022-02-15,67.01776123046875,89.30873107910156,66.73651885986328,29.072568893432617,37.19929122924805,121.11058807373048,93.82443237304688,38.78289031982422,38.73987579345703,76.8074951171875,28.89554786682129,419.7440185546875
2022-02-16,66.5505599975586,89.56380462646484,66.8608169555664,29.307605743408203,37.227046966552734,121.29641723632812,94.3193130493164,39.06630706787109,38.84284210205078,76.73016357421875,28.961071014404297,420.2144470214844
2022-02-17,64.77713012695312,87.1670913696289,67.3757553100586,29.260595321655277,36.30168914794922,119.34556579589844,92.59185028076172,38.398902893066406,38.50822067260742,74.4343032836914,28.978546142578125,411.2381286621094
2022-02-18,64.27182006835938,86.6280746459961,67.50003051757812,29.08110809326172,36.29244613647461,118.4537353515625,91.82617950439452,38.334903717041016,38.33660888671875,73.6802978515625,28.92612648010254,408.5753173828125
2022-02-22,63.61394500732422,84.10140228271484,66.97623443603516,28.61102104187012,36.10736083984375,118.15646362304688,90.93910217285156,37.79091644287109,38.233646392822266,72.998779296875,28.89554786682129,404.1906127929687
2022-02-23,62.546085357666016,81.29082489013672,66.43468475341797,28.90589904785156,35.478118896484375,117.56193542480467,89.26766967773438,37.30635452270508,37.73599243164063,71.1717529296875,28.406309127807617,397.0208129882813
2022-02-24,64.30043029785156,83.14851379394531,65.28939056396484,28.67940330505371,35.05246353149414,118.03570556640624,90.4068603515625,37.1966438293457,38.38809585571289,73.60294342041016,28.63346290588379,402.9956359863281
2022-02-25,65.33967590332031,84.79444885253906,67.39350128173828,29.43580436706543,36.181396484375,121.6494140625,92.56383514404295,38.554317474365234,39.34907531738281,74.60344696044922,29.52020263671875,411.8873291015625
2022-02-28,65.2634048461914,85.3912124633789,66.49683380126953,30.162303924560547,35.64469146728516,120.72972869873048,93.27349853515624,38.115478515625,38.67122650146485,74.46813201904297,29.673084259033203,410.8335266113281
2022-03-01,64.44344329833984,84.09660339355469,66.10619354248047,30.465726852416992,34.3306884765625,120.06087493896484,91.8822021484375,37.23778533935547,38.59402084350586,72.97945404052734,29.41535758972168,404.5763244628906
2022-03-02,64.9964599609375,85.86287689208984,66.80755615234375,31.16229248046875,35.219024658203125,121.87237548828124,93.84310913085938,38.05604553222656,39.28043746948242,74.55995178222656,29.773550033569336,412.0191345214844
2022-03-03,64.31949615478516,83.91854095458984,67.34910583496094,31.247774124145508,35.10798263549805,122.49478912353516,93.94580078125,38.10176849365234,39.70944213867188,73.67062377929688,30.2977352142334,409.9678039550781
2022-03-04,63.3946647644043,82.58543395996094,67.35799407958984,32.14948272705078,34.450984954833984,123.10790252685548,93.7403793334961,37.96920394897461,40.0440788269043,72.38009643554688,30.966062545776367,406.636962890625
2022-03-07,61.28753280639648,78.53797912597656,66.1328125,32.623836517333984,33.19249725341797,120.96199035644533,91.22856903076172,36.65266799926758,39.31476211547851,69.73139190673828,31.36794090270996,394.6496276855469
2022-03-08,61.134986877441406,78.70159149169922,64.34833526611328,33.136653900146484,32.99817657470703,118.49090576171876,90.66829681396484,36.46522903442383,38.96297454833984,69.39307403564453,30.88306999206543,391.6576232910156
2022-03-09,62.96559524536133,81.23304748535156,64.78335571289062,32.123836517333984,34.21038055419922,120.72972869873048,92.31172943115234,37.59435272216797,39.61507034301758,72.13843536376953,30.66465759277344,402.15826416015625
2022-03-10,62.4984130859375,81.81059265136719,64.17078399658203,33.10673522949219,33.92353057861328,120.68328857421876,92.19034576416016,37.69491958618164,39.75236129760742,70.87689208984375,30.86996841430664,400.34228515625
2022-03-11,61.373348236083984,80.23686218261719,63.42500686645508,32.84178161621094,33.68293762207031,119.78216552734376,91.45267486572266,37.41607284545898,39.35765838623047,69.62989807128906,30.76512908935547,395.2519226074219
2022-03-14,60.65827178955078,78.89893341064453,63.76238250732422,31.858884811401367,34.108604431152344,120.62757110595705,91.76081848144533,37.36122131347656,39.11741256713867,68.33937072753906,30.730186462402344,392.36322021484375
2022-03-15,61.82146835327149,81.54106903076172,65.1917495727539,30.69221305847168,34.58978271484375,123.03360748291016,93.21746826171876,37.79091644287109,39.42630386352539,70.63525390625,31.123321533203125,400.991455078125
2022-03-16,63.52814102172851,84.32279968261719,65.26276397705078,30.55118751525879,35.56140899658203,124.51065826416016,94.45005798339844,38.38518142700195,39.86389923095703,72.93109893798828,31.066537857055664,409.8831481933594
2022-03-17,64.21463012695312,85.72809600830078,65.71554565429688,31.602466583251957,36.00558090209961,126.48007202148438,95.66393280029295,39.12116622924805,40.43019104003906,73.44829559326172,31.19758415222168,415.0112609863281
2022-03-18,65.05364990234375,87.53285217285156,65.86647033691406,31.572555541992188,36.08885955810547,127.26042938232422,96.02810668945312,39.3588752746582,40.52456665039063,74.95148468017578,30.931123733520508,419.5567321777344
2022-03-21,64.44477081298828,86.79972076416016,65.9511947631836,32.84528732299805,36.05356216430664,127.16349029541016,96.2445068359375,39.686031341552734,40.31661224365234,74.80909729003906,31.137800216674805,419.43408203125
2022-03-22,65.64913940429688,88.95429229736328,66.44170379638672,32.60368728637695,36.63880920410156,127.19145965576172,96.76917266845705,39.90169143676758,40.34249877929688,75.88410949707031,31.181774139404297,424.3420104980469
2022-03-23,64.75064849853516,87.8504867553711,65.90660858154297,33.16455841064453,35.96065902709961,124.90837860107422,95.84165954589844,39.71814727783203,39.8851318359375,74.71709442138672,31.22574806213379,418.877197265625
2022-03-24,65.81167602539062,88.53495788574219,66.37036895751953,33.246524810791016,36.24863815307617,126.39936065673828,96.57243347167967,40.51655960083008,40.19579315185547,76.65886688232422,31.546754837036133,425.1914978027344
2022-03-25,66.12709045410156,88.38070678710938,66.92329406738281,33.97565078735352,36.713138580322266,126.9864730834961,97.17202758789062,40.970821380615234,40.67041015625,76.61530303955078,32.00408172607422,427.2678833007813
2022-03-28,66.33739471435547,90.73772430419922,67.19976043701172,33.134361267089844,36.61094665527344,127.90904998779295,97.20013427734376,40.78727340698242,41.18817901611328,77.52565002441406,32.210750579833984,430.3070983886719
2022-03-29,67.49398803710938,92.3187026977539,67.79728698730469,33.04806900024414,36.69454574584961,128.66384887695312,98.0995101928711,41.13141632080078,42.39628982543945,79.17205047607422,32.50978088378906,435.6303405761719
2022-03-30,67.01605224609375,90.9160614013672,67.84188842773438,33.43205261230469,36.4344482421875,128.91542053222656,97.98709869384766,40.99375534057617,42.16330337524414,78.11642456054688,32.77802276611328,432.9404602050781
2022-03-31,65.7447509765625,89.17121124267578,67.68135833740234,32.97903823852539,35.598358154296875,127.65740966796876,96.4787368774414,40.447715759277344,41.69731140136719,76.9590835571289,32.74283599853516,426.2768249511719
2022-04-01,66.23222351074219,89.28205871582031,68.35914611816406,33.246524810791016,35.50546646118164,128.66384887695312,95.72924041748048,40.87446594238281,42.525726318359375,76.73150634765625,33.200164794921875,427.4850158691406
2022-04-04,68.05793762207031,91.28719329833984,68.14512634277344,33.2896728515625,35.3475341796875,127.59215545654295,95.60745239257812,40.88362884521485,42.39628982543945,78.18904113769531,32.94511032104492,431.1470642089844
2022-04-05,67.18811798095703,89.1470947265625,68.20753479003906,32.76762771606445,35.124568939208984,127.86241149902344,94.2489776611328,40.55785369873047,42.430809020996094,76.54266357421875,33.15178680419922,425.70111083984375
2022-04-06,65.93592834472656,86.87201690673828,69.07260131835938,32.96177673339844,34.8830451965332,129.81002807617188,93.51821899414062,40.089820861816406,43.06076049804688,74.73163604736328,33.8114013671875,421.4443664550781
2022-04-07,65.36239624023438,87.31546020507812,69.91093444824219,33.393218994140625,34.845890045166016,132.30747985839844,93.8367691040039,40.35137176513672,42.70694732666016,74.84783935546875,33.72784805297852,423.5679931640625
2022-04-08,65.07564544677734,86.5105209350586,70.20524597167969,34.31217956542969,35.19890213012695,133.0995635986328,93.31211853027344,40.59914779663086,42.86228561401367,73.80189514160156,33.84218215942383,422.4354248046875
2022-04-11,64.23445129394531,84.90544128417969,69.91986083984375,33.28104019165039,35.04098129272461,130.4530029296875,93.01232147216795,40.39724349975586,42.27548599243164,71.94245147705078,33.38045883178711,415.2149963378906
2022-04-12,63.7087516784668,85.09342956542969,69.93770599365234,33.833282470703125,34.66010284423828,129.18568420410156,92.86241912841795,40.40642929077149,42.14603805541992,71.62286376953125,33.50798416137695,413.6766357421875
2022-04-13,64.6454849243164,87.20941162109375,70.3301010131836,34.33806228637695,34.66010284423828,129.81935119628906,93.73370361328124,41.00293731689453,42.318626403808594,72.77532196044922,33.442020416259766,418.4146118164063
2022-04-14,63.54624557495117,85.98995208740234,70.31227111816406,34.45024108886719,34.26992416381836,129.19497680664062,93.63065338134766,40.86527633666992,42.07699966430664,71.00787353515625,33.45961380004883,413.2047119140625
2022-04-18,63.3359603881836,86.250244140625,69.73258209228516,34.955020904541016,34.474300384521484,127.76921081542967,93.30274963378906,40.902000427246094,41.97345352172851,71.24031066894531,33.279319763183594,413.3746337890625
2022-04-19,64.59769439697266,88.75186157226562,70.79385375976562,34.67027282714844,34.94807815551758,128.989990234375,94.99848175048828,41.28742599487305,42.8536491394043,72.57678985595703,33.49478530883789,420.0475463867187
2022-04-20,61.7970085144043,87.60948944091797,71.85514831542969,34.80401611328125,35.18961334228516,130.72325134277344,95.51376342773438,41.5489616394043,43.66481399536133,72.50898742675781,33.76742172241211,419.736083984375
2022-04-21,60.0381965637207,86.76115417480469,71.79271697998047,33.69954299926758,34.632225036621094,129.27886962890625,94.5394287109375,40.86985778808594,43.38004684448242,71.279052734375,33.208961486816406,413.4595031738281
2022-04-22,58.61394882202149,84.74638366699219,70.66898345947266,32.875484466552734,33.60105514526367,124.5635986328125,92.21597290039062,39.341896057128906,42.60340118408203,69.28401947021484,32.65049362182617,402.1144714355469
2022-04-25,59.41688537597656,85.35851287841797,70.98114013671875,31.78827476501465,33.65679931640625,125.40226745605467,92.21597290039062,39.23177337646485,42.4049186706543,70.32511901855469,32.42622375488281,404.44580078125
2022-04-26,57.4669075012207,81.03975677490234,69.88418579101562,31.83141708374023,32.811431884765625,123.1937484741211,90.20172882080078,38.6260871887207,41.74046325683594,67.70541381835938,32.10082244873047,392.7327270507813
2022-04-27,56.1860466003418,81.04938507080078,70.14282989501953,32.297367095947266,32.78356170654297,122.9234848022461,90.53898620605467,39.19506072998047,41.490211486816406,68.707763671875,31.946908950805664,393.8370361328125
2022-04-28,58.43233871459961,82.71231079101562,71.17735290527344,33.2767333984375,33.20160675048828,124.6194839477539,91.5601806640625,39.81451416015625,42.24959564208984,71.45820617675781,32.3031005859375,403.78515625
2022-04-29,56.45369720458984,78.50921630859375,69.2420654296875,32.42247772216797,32.058963775634766,121.41382598876952,89.13367462158203,39.016109466552734,40.21305084228515,68.48017883300781,31.335678100585938,388.8629455566406
2022-05-02,58.01175308227539,79.65641021728516,68.3323974609375,32.940216064453125,32.06825256347656,120.65904235839844,89.321044921875,38.89680862426758,39.16889190673828,69.52127838134766,31.01466560363769,391.2037658691406
2022-05-03,58.16469955444336,79.45877838134766,68.13619995117188,33.863487243652344,32.486289978027344,121.04109191894533,89.91129302978516,39.33271789550781,39.64350509643555,69.64234924316406,31.133398056030277,392.9970397949219
2022-05-04,60.1624641418457,81.79167175292969,69.67015075683594,35.26997756958008,33.48029708862305,123.72490692138672,92.51577758789062,40.60831832885742,40.1095085144043,72.08772277832031,31.82818031311035,404.96490478515625
2022-05-05,57.9448471069336,77.20777893066406,68.3502426147461,34.739295959472656,32.5048713684082,121.3206787109375,90.09864044189452,39.351070404052734,39.08260345458984,68.62062072753906,31.502784729003903,390.5713195800781
2022-05-06,56.75,76.22931671142578,68.42157745361328,35.77475357055664,32.27263259887695,120.93860626220705,89.48969268798828,38.78668594360352,38.68565368652344,68.06858825683594,31.753427505493164,388.2400207519531
2022-05-09,55.27797317504883,72.98060607910156,68.39482879638672,32.81509780883789,31.501575469970703,117.80750274658205,87.32553100585938,37.56155776977539,36.88209915161133,65.43435668945312,31.515968322753903,375.80963134765625
2022-05-10,55.5265007019043,72.76370239257812,67.92214965820312,33.1127815246582,31.222883224487305,118.2268524169922,86.75403594970703,37.32753753662109,36.06230545043945,66.43186950683594,31.133398056030277,376.6779479980469
2022-05-11,54.52283477783203,70.15603637695312,67.62783813476562,33.55716323852539,30.934907913208008,117.44406127929688,85.96707153320312,37.34589385986328,36.01053237915039,64.33514404296875,31.3576602935791,370.6940307617187
2022-05-12,55.1154670715332,70.6380386352539,67.61001586914062,33.69954299926758,30.70265388488769,118.58096313476562,86.1263427734375,37.27706146240234,36.27804565429688,63.67176055908203,31.041051864624023,370.3070068359375
2022-05-13,56.4058952331543,73.41921997070312,68.62669372558594,34.85147476196289,31.14856719970703,119.8389892578125,87.22247314453125,37.850624084472656,37.18413543701172,65.78785705566406,31.41042900085449,379.1603088378906
2022-05-16,56.042667388916016,71.83343505859375,68.93883514404297,35.77043914794922,30.888442993164062,120.7242660522461,87.10067749023438,37.78178787231445,36.88209915161133,65.206787109375,31.50717544555664,377.621826171875
2022-05-17,57.26617431640625,73.64576721191406,68.46617126464844,36.18461990356445,31.715240478515625,122.38300323486328,89.07747650146484,38.85092544555664,37.279056549072266,67.09529113769531,31.83258628845215,385.3896484375
2022-05-18,55.39268112182617,68.83052062988281,64.06050109863281,35.25703048706055,30.842004776000977,119.22396087646484,85.76095581054688,37.64414596557617,36.19174957275391,64.0252456665039,31.52476501464844,369.85400390625
2022-05-19,55.316200256347656,68.87870788574219,62.9189567565918,35.127586364746094,30.637630462646484,119.48487854003906,84.99272918701172,37.91028594970703,36.12271881103515,63.3231086730957,31.45880699157715,367.58880615234375
2022-05-20,55.4595832824707,67.67853546142578,63.05274200439453,35.278594970703125,30.581892013549805,120.93860626220705,84.07459259033203,37.81851196289063,36.545555114746094,63.46354293823242,31.546754837036133,367.749267578125
2022-05-23,56.29119110107422,68.18463897705078,64.35481262207031,36.21049880981445,31.57589530944824,122.00092315673828,85.4517822265625,38.511375427246094,37.02017593383789,64.92107391357422,31.9249210357666,374.6297912597656
2022-05-24,54.293418884277344,66.43012237548828,65.40716552734375,36.34856033325195,31.5108699798584,122.3643569946289,85.40495300292969,38.29111862182617,37.45164489746094,63.95745468139648,32.56254196166992,371.7699890136719
2022-05-25,55.01988220214844,68.30513763427734,65.4250259399414,37.09926986694336,31.761690139770508,122.32708740234376,85.90149688720703,38.460899353027344,37.65874862670898,64.70316314697266,32.54055404663086,375.0545654296875
2022-05-26,56.35810470581055,71.65509796142578,66.12065124511719,37.50913238525391,32.495582580566406,122.84894561767578,87.6440658569336,39.16752624511719,37.6156005859375,66.25755310058594,32.632904052734375,382.5486145019531
2022-05-27,57.562496185302734,74.11329650878906,66.88761138916016,38.19511413574219,33.04367446899414,124.8897705078125,89.44287109375,40.085227966308594,38.67702102661133,68.49955749511719,33.143001556396484,391.93988037109375
2022-05-31,57.524261474609375,74.48926544189453,66.41494750976562,37.62130355834961,32.950782775878906,123.22168731689452,88.72145080566406,39.47496032714844,38.15924835205078,68.01049041748047,32.68567657470703,389.74072265625
2022-06-01,56.86471557617188,73.7132339477539,65.54985809326172,38.23394775390625,32.421260833740234,121.45113372802734,88.17807006835938,39.08034896850586,37.74504089355469,67.80709838867188,32.632904052734375,386.5883483886719
2022-06-02,58.2507209777832,75.96906280517578,66.50411224365234,38.11313629150391,32.86717987060547,122.41096496582033,89.86444854736328,40.158653259277344,38.31459045410156,69.44864654541016,32.8527717590332,393.9502258300781
2022-06-03,56.98897171020508,73.74699401855469,65.83527374267578,38.617919921875,32.393394470214844,120.97586822509766,89.5177993774414,39.76862335205078,37.83133316040039,67.7877426147461,32.6944694519043,387.4849853515625
2022-06-06,57.27573394775391,74.4844741821289,65.86199951171875,38.57479095458984,32.486289978027344,120.99449920654295,89.89253997802734,40.14488983154297,37.71915817260742,67.7926025390625,32.83958053588867,388.6647338867187
2022-06-07,57.68675231933594,74.30130004882812,66.20983123779297,39.726707458496094,32.73711395263672,122.56939697265624,91.10110473632812,40.433963775634766,38.15924835205078,68.60123443603516,33.0374641418457,392.3929748535156
2022-06-08,57.533817291259766,73.86267852783203,65.39824676513672,39.8129997253418,32.16114807128906,121.6002426147461,89.45222473144531,39.5942611694336,37.244537353515625,67.82646942138672,32.39105224609375,388.1268005371094
2022-06-09,55.76546859741211,72.52750396728516,64.41725158691406,38.93286895751953,31.35294914245605,118.85121154785156,87.69091796875,38.658203125,36.39022064208984,66.01544952392578,31.61271095275879,378.8959655761719
2022-06-10,54.20739364624024,69.6354751586914,64.1407699584961,38.27276992797851,30.21959114074707,116.94086456298828,85.10514068603516,37.474369049072266,35.527278900146484,63.47806167602539,31.37086296081543,367.9096374511719
2022-06-13,51.64565658569336,66.42050170898438,62.7584228515625,36.27521514892578,29.3184814453125,113.39974975585938,82.54750061035156,36.0106315612793,33.818660736083984,60.6646728515625,29.92851448059082,353.9408264160156
2022-06-14,51.50228118896485,66.36746215820312,62.0181999206543,36.34425354003906,29.06765937805176,112.31876373291016,82.34137725830078,35.735321044921875,33.57703399658203,61.047210693359375,29.172176361083984,352.874267578125
2022-06-15,52.65888214111328,68.23282623291016,62.08062744140625,35.541770935058594,29.392799377441406,113.45565032958984,83.13773345947266,35.72614669799805,34.345054626464844,62.33526992797851,29.361251831054688,357.9049987792969
2022-06-16,50.73759078979492,64.89252471923828,61.60795974731445,33.5399055480957,28.649620056152344,111.78759765625,80.36459350585938,34.43677520751953,33.5252571105957,59.79789352416992,28.793994903564453,346.0597229003906
2022-06-17,51.46404647827149,65.60108184814453,61.38499069213867,31.70629501342773,28.733226776123047,111.72238159179688,80.15848541259766,34.37712097167969,33.72373580932617,60.34506988525391,28.5257568359375,346.80572509765625
2022-06-21,51.82815933227539,67.47750854492188,63.02302551269531,33.348873138427734,29.306659698486328,114.73006439208984,81.62077331542969,34.896907806396484,34.3517951965332,61.88068771362305,29.06874656677246,355.5361022949219
2022-06-22,51.91439056396485,67.3470687866211,62.97810363769531,32.01387405395508,29.24128532409668,116.32093811035156,81.16909790039062,34.44873809814453,34.90852355957031,61.61851501464844,29.374589920043945,354.8915405273437
2022-06-23,52.55637741088867,68.40510559082031,64.2000961303711,30.827207565307617,29.129213333129883,118.93181610107422,80.75506591796875,33.97747039794922,35.595726013183594,62.54093933105469,30.066076278686523,358.370361328125
2022-06-24,54.5589714050293,71.01396179199219,65.45805358886719,31.232940673828125,30.203229904174805,120.90638732910156,83.57801818847656,35.326595306396484,36.36993408203125,64.78877258300781,30.589115142822266,369.764404296875
2022-06-27,54.04156112670898,70.26995849609375,65.27833557128906,32.14912033081055,30.100500106811523,121.35558319091795,83.38040161132812,35.035518646240234,36.23944854736328,64.35183715820312,30.83733367919922,368.3519287109375
2022-06-28,52.47013854980469,67.4630355834961,64.40675354003906,33.017303466796875,29.80163955688477,119.24065399169922,82.41118621826172,34.66127014160156,35.74360656738281,62.4244270324707,30.72208404541016,360.8254699707031
2022-06-29,52.63302612304688,67.4098892211914,64.81111907958984,31.86990165710449,29.63353729248047,120.27940368652344,81.9312973022461,34.41178131103516,35.5174446105957,62.55066680908203,30.7442569732666,360.5315856933594
2022-06-30,52.00061798095703,66.41948699951172,64.85602569580078,31.198041915893555,29.37203598022461,120.00801849365234,82.18536376953125,34.00518798828125,35.54353713989258,61.71562576293945,31.085561752319336,357.6025390625
2022-07-01,52.52763748168945,67.64179229736328,65.79051208496094,31.66485023498535,29.773624420166016,121.35558319091795,82.90049743652344,34.245452880859375,36.17855453491211,61.85640335083008,31.84796905517578,361.38470458984375
2022-07-05,53.74452209472656,69.15393829345703,65.36817932128906,30.40838050842285,29.67089462280273,120.65371704101562,81.65839385986328,33.557029724121094,36.03066635131836,62.6331901550293,30.761985778808597,362.0672607421875
2022-07-06,53.75410461425781,68.9268798828125,65.55689239501953,29.88921356201172,29.596176147460938,121.46788787841795,82.12889099121094,33.769561767578125,36.00457000732422,63.17208862304688,31.081132888793945,363.2900695800781
2022-07-07,54.597312927246094,70.70478820800781,65.61978149414062,30.966815948486328,30.025785446166992,121.98255157470705,83.09810638427734,34.06987380981445,36.03066635131836,64.47805786132812,31.05010986328125,368.7310791015625
2022-07-08,54.33860397338867,70.71443939208984,65.50299072265625,30.9537296295166,29.960411071777344,122.34754180908205,82.72171783447266,33.73722076416016,35.86539459228516,64.50719451904297,30.94815254211425,368.42779541015625
2022-07-11,52.690528869628906,68.7771224975586,65.41313171386719,30.65706253051757,29.717586517333984,122.0387191772461,82.16654205322266,33.64480972290039,35.86539459228516,63.61873245239258,31.143186569213867,364.2190246582031
2022-07-12,52.66177749633789,68.36162567138672,65.22441864013672,30.059362411499023,29.530807495117188,120.48526763916016,81.9124755859375,33.58013153076172,35.63922500610352,62.74971389770508,30.99248504638672,360.9961242675781
2022-07-13,52.42223358154297,68.92205810546875,65.26936340332031,30.011371612548828,29.26930046081543,119.31550598144533,80.91503143310547,33.38608169555664,35.44784927368164,62.58464431762695,30.863937377929688,359.1002197265625
2022-07-14,51.76108169555664,68.86406707763672,65.32325744628906,29.444211959838867,28.708948135375977,118.9692611694336,80.45394134521484,32.771583557128906,35.09989929199219,63.157527923583984,30.863937377929688,358.2281494140625
2022-07-15,53.092960357666016,69.97526550292969,65.53892517089844,29.924118041992188,29.680233001708984,121.84217834472656,81.71487426757812,33.284427642822266,35.665321350097656,64.26931762695312,30.92156219482422,365.0721435546875
2022-07-18,52.824668884277344,70.17817687988281,64.90096282958984,30.609066009521484,29.568159103393555,119.26870727539062,81.22554779052734,33.36297607421875,35.31736755371094,63.64787292480469,30.49159812927246,362.0577392578125
2022-07-19,54.70270919799805,72.32805633544922,65.5838394165039,31.551416397094727,30.455394744873047,121.29943084716795,84.12379455566406,34.37944412231445,36.29164123535156,65.5898208618164,30.686635971069336,371.84027099609375
2022-07-20,55.6034049987793,73.51654052734375,65.14356231689453,31.856813430786133,30.56745719909668,120.10159301757812,84.77305603027344,34.43950271606445,36.10896301269531,66.61422729492188,30.27884101867676,374.2101135253906
2022-07-21,55.57465362548828,75.19778442382812,65.34123992919922,31.298383712768555,30.76358795166016,122.00125885009766,85.38470458984375,34.92924118041992,36.48301696777344,67.55121612548828,30.358619689941406,378.0206604003906
2022-07-22,53.64870071411133,74.76297760009766,65.77252197265625,31.040985107421875,30.586143493652344,121.4959487915039,85.11180877685547,34.67975234985352,36.761375427246094,66.61907958984375,30.77528381347656,374.513427734375
2022-07-25,53.46665191650391,74.12043762207031,66.09600067138672,32.17965316772461,30.78226661682129,122.13227081298828,85.51644134521484,34.8229866027832,36.7874755859375,66.19670867919922,31.160919189453125,374.9683837890625
2022-07-26,52.39348602294922,71.73381805419922,65.94324493408203,31.887351989746097,30.3526554107666,122.75926971435548,85.05534362792969,34.58734893798828,36.85706329345703,65.1237564086914,31.34708023071289,370.5322265625
2022-07-27,54.60688781738281,74.44896697998047,66.39252471923828,32.607208251953125,30.819618225097656,123.52664184570312,86.37272644042969,35.003173828125,37.05713272094727,67.92504119873047,31.373680114746097,380.1535339355469
2022-07-28,53.98406219482422,75.7292251586914,67.45278930664062,32.79044723510742,31.04376792907715,124.31270599365234,88.17941284179688,35.622283935546875,38.42285919189453,68.95914459228516,32.499549865722656,384.9215393066406
2022-07-29,54.0128173828125,78.6666030883789,66.93163299560547,34.21269989013672,31.482709884643555,123.90095520019533,89.99551391601562,36.098175048828125,38.57073211669922,70.01750183105469,32.778804779052734,390.533203125
2022-08-01,53.936153411865234,79.05792236328125,67.76726531982422,33.50593948364258,31.221210479736328,122.98388671875,90.089599609375,35.807106018066406,38.22278594970703,69.86703491210938,32.81426239013672,389.3767395019531
2022-08-02,53.84992218017578,78.516845703125,67.22815704345703,33.42740249633789,30.875659942626957,122.54402160644533,89.13921356201172,35.44209671020508,37.71825408935547,69.37181091308594,32.747772216796875,386.8079528808594
2022-08-03,55.14347076416016,80.43000030517578,67.6684341430664,32.46760177612305,31.34262084960937,123.66699981689452,89.9766845703125,35.47906875610352,37.87483978271485,71.21665954589844,32.95166778564453,392.8651428222656
2022-08-04,55.38302612304688,80.75851440429688,67.21916198730469,31.263486862182617,31.23988914489746,123.05874633789062,90.3060302734375,35.50216293334961,37.90962600708008,71.54198455810547,33.02259826660156,392.5997314453125
2022-08-05,54.70270919799805,79.38163757324219,67.06641387939453,31.882991790771484,31.464031219482425,123.0119400024414,90.44720458984376,35.62690353393555,38.03141784667969,71.37688446044922,32.90291213989258,391.9362182617187
2022-08-08,55.01890182495117,79.7391357421875,67.03047943115234,32.048770904541016,31.44535255432129,123.3020477294922,90.41895294189452,35.82558822631836,38.30977630615234,70.7700424194336,32.95166778564453,391.4811706542969
2022-08-09,54.48232650756836,78.46852111816406,66.93163299560547,32.611568450927734,31.604124069213867,122.9277572631836,90.089599609375,35.6500244140625,38.614234924316406,70.06120300292969,33.31957244873047,389.9266052246094
2022-08-10,56.015411376953125,80.68121337890625,67.42582702636719,32.847164154052734,32.313907623291016,124.26596069335938,92.06565856933594,36.66184997558594,39.13616943359375,71.97404479980469,33.465850830078125,398.11663818359375
2022-08-11,56.07291030883789,80.27056884765625,67.26409912109375,33.977108001708984,32.696815490722656,123.4611358642578,92.55496978759766,36.786598205566406,38.95348739624024,71.69245147705078,33.46141815185547,398.11663818359375
2022-08-12,57.06941986083984,82.08710479736328,67.84813690185547,34.23452377319336,33.210479736328125,125.04265594482422,93.9476318359375,37.47964096069336,39.6146125793457,73.11981201171875,34.00661849975586,404.8563232421875
2022-08-15,57.2706413269043,82.65235137939453,68.52204132080078,33.567012786865234,33.201141357421875,125.66964721679688,94.17345428466795,37.45654296875,39.7885856628418,73.58102416992188,34.29030990600586,406.524658203125
2022-08-16,57.38562774658203,83.5654525756836,69.29476928710938,33.48847961425781,33.44395446777344,125.33275604248048,94.59689331054688,37.66444396972656,39.63200378417969,73.38196563720703,34.38782501220703,407.3209228515625
2022-08-17,56.27413177490234,82.66686248779297,69.09709930419922,33.7677001953125,33.27585220336914,124.6028289794922,93.84413146972656,37.14697265625,39.51891708374024,72.85763549804688,34.3302001953125,404.4297790527344
2022-08-18,56.18790054321289,82.6427001953125,69.33072662353516,34.67515182495117,33.31321716308594,124.05071258544922,94.22052001953124,37.26249313354492,39.24925231933594,73.2363052368164,34.458740234375,405.6051635742187
2022-08-19,55.277618408203125,80.93726348876953,69.1061019897461,34.66643142700195,32.65011978149414,124.38758850097656,93.00665283203124,36.57868576049805,38.86650085449219,71.90607452392578,34.441009521484375,400.1547546386719
2022-08-22,53.69662094116211,78.69075012207031,68.40522003173828,34.60098648071289,31.93099975585937,122.75926971435548,91.23760223388672,35.99653244018555,38.05751419067383,69.90098571777344,33.971160888671875,391.8224487304687
2022-08-23,53.23669052124024,78.91300201416016,68.10871124267578,35.84873962402344,31.80025100708008,121.0467758178711,91.406982421875,36.35229110717773,37.4833869934082,69.71651458740234,33.76726531982422,390.87445068359375
2022-08-24,53.552879333496094,79.25116729736328,68.27943420410156,36.28937149047851,31.968355178833008,121.1964874267578,91.7081069946289,36.43083190917969,37.77914810180664,69.76020050048828,33.8736457824707,392.1257629394531
2022-08-25,54.597312927246094,80.19810485839844,68.59392547607422,36.56858444213867,32.46333694458008,122.53469848632812,93.1101531982422,37.25786209106445,38.361961364746094,70.93994903564453,34.08197784423828,397.6615905761719
2022-08-26,52.85341262817383,77.14476776123047,66.89569091796875,36.14104080200195,31.49205017089844,119.11898040771484,89.88260650634766,36.11665725708008,37.38770294189453,67.9104995727539,33.55893325805664,384.20111083984375
2022-08-29,52.44139099121094,76.734130859375,66.78787994384766,36.68637466430664,31.26790809631348,118.2861328125,89.47795867919922,35.862548828125,37.06584167480469,67.0123291015625,33.66088104248047,381.6608276367187
2022-08-30,51.9814682006836,75.87899017333984,66.09600067138672,35.4429931640625,31.09980010986328,117.50003051757812,88.18883514404297,35.2757682800293,36.53520584106445,66.31321716308594,33.16887283325195,377.470947265625
2022-08-31,52.10603332519531,75.13015747070312,65.691650390625,35.12015914916992,30.866315841674805,116.75140380859376,87.4454574584961,34.841461181640625,36.40472412109375,65.66751861572266,32.95166778564453,374.5987548828125
2022-09-01,52.58512115478515,75.81617736816406,66.06004333496094,34.25632095336914,30.9597110748291,118.66980743408205,87.56777954101562,34.384056091308594,36.53520584106445,65.34709930419922,33.42596435546875,375.7742004394531
2022-09-02,51.58861541748047,75.1205062866211,65.19745635986328,34.88456344604492,30.71689224243164,116.96662902832033,86.72088623046875,34.351715087890625,35.90888977050781,64.49747467041016,33.06692123413086,371.8118591308594
2022-09-06,50.946624755859375,74.9659194946289,64.82907104492188,34.56172561645508,30.64217567443848,117.07894134521484,86.86203002929688,34.245452880859375,36.282936096191406,64.07024383544922,33.1511344909668,370.4089050292969
2022-09-07,51.97188949584961,77.26554870605469,65.99714660644531,34.16035079956055,31.24923324584961,118.98797607421876,88.25469207763672,35.192604064941406,36.978851318359375,65.09463500976562,34.1883544921875,377.0633544921875
2022-09-08,51.84733200073242,77.98541259765625,65.82644653320312,34.308677673339844,31.80025100708008,121.05611419677734,88.51818084716797,35.534507751464844,37.0832405090332,65.3179702758789,34.161766052246094,379.5278625488281
2022-09-09,53.2941780090332,79.46376037597656,66.47340393066406,35.16377639770508,32.08975982666016,122.12293243408205,89.66617584228516,36.070457458496094,37.43989181518555,66.60936737060547,34.299171447753906,385.4240112304687
2022-09-12,53.572052001953125,80.48797607421875,66.73395538330078,35.809471130371094,32.35126876831055,122.93708801269533,90.2025375366211,36.4077377319336,37.7530517578125,67.67743682861328,34.6271858215332,389.5663757324219
2022-09-13,50.63042068481445,76.33797454833984,64.50559997558594,34.90638732910156,31.14649772644043,118.87567138671876,86.80558776855469,35.10943984985352,36.31774139404297,64.0848159790039,33.7052001953125,372.6271362304687
2022-09-14,50.7166633605957,77.31868743896484,64.47865295410156,35.89235305786133,31.05310440063477,118.94119262695312,86.6362075805664,34.67975234985352,35.87410354614258,64.3178482055664,33.98003387451172,374.0489501953125
2022-09-15,50.496280670166016,76.92254638671875,63.939544677734375,34.96745300292969,31.155832290649418,119.6056137084961,85.73285675048828,34.22235107421875,35.0911979675293,62.83709335327149,33.13340377807617,369.80224609375
2022-09-16,49.95970153808594,76.30416107177734,64.09228515625,34.22142028808594,30.875659942626957,119.26870727539062,83.94501495361328,33.6817741394043,35.09989929199219,62.487552642822266,33.00929260253906,366.9810485839844
2022-09-19,50.24776077270508,77.3837661743164,64.51823425292969,34.24171447753906,31.225845336914062,118.62609100341795,85.08430480957031,34.23933792114258,35.03318405151367,62.99711227416992,33.4515380859375,369.8270263671875
2022-09-20,49.46999740600586,76.0717544555664,64.16552734375,34.00355911254883,30.76581573486328,117.23556518554688,84.02537536621094,33.588844299316406,34.11149215698242,62.627227783203125,32.96512222290039,365.5819396972656
2022-09-21,48.2601318359375,74.27079010009766,63.92134475708008,33.50518798828125,30.127403259277344,115.2907257080078,82.9096908569336,32.85471725463867,33.61114501953125,61.64898681640625,32.514400482177734,359.20477294921875
2022-09-22,48.0872917175293,72.55695343017578,63.83092498779297,33.386112213134766,29.62042999267578,115.90142822265624,81.6616439819336,32.459774017333984,33.295135498046875,61.02114486694336,32.39836120605469,356.18756103515625
2022-09-23,47.155887603759766,70.88668823242188,62.74565505981445,31.08392906188965,29.151010513305664,115.30951690673828,80.12995910644531,31.79533576965332,32.88256072998047,60.22298431396485,32.02350997924805,350.2196655273437
2022-09-26,46.387725830078125,70.72694396972656,62.7908821105957,30.320941925048828,28.69097328186035,114.2102508544922,79.28846740722656,31.279584884643555,31.9959774017334,59.80442810058594,31.251480102539062,346.7550354003906
2022-09-27,46.138065338134766,70.94963073730469,61.70562362670898,30.66052627563477,28.568925857543945,113.86263275146484,79.02374267578125,31.34928131103516,31.57463836669922,59.882301330566406,30.724899291992188,345.86993408203125
2022-09-28,47.71280670166016,72.8667984008789,62.44721603393555,32.0189094543457,29.132232666015625,116.35238647460938,80.76343536376953,32.157752990722656,32.171539306640625,60.51499176025391,31.055131912231445,352.6753234863281
2022-09-29,46.55095672607422,70.34930419921875,61.41622161865234,32.0189094543457,28.76608657836914,115.3752899169922,79.36412048339844,31.68382453918457,31.276172637939453,58.9381217956543,29.810068130493164,345.308349609375
2022-09-30,45.98442840576172,68.96468353271484,60.34905624389648,31.76311492919922,28.503210067749023,113.78746032714844,78.3240737915039,31.600187301635746,31.60974502563477,57.80899810791016,29.23439598083496,339.96856689453125
2022-10-03,47.27111053466797,69.03246307373047,61.38909530639648,33.55811309814453,29.273059844970703,116.12689971923828,80.68779754638672,32.627037048339844,32.197872161865234,59.60002136230469,30.091209411621097,348.9442443847656
2022-10-04,48.72103500366211,71.44344329833984,62.32060623168945,35.00028610229492,30.36211204528809,118.8233871459961,83.4958724975586,33.82581329345703,32.706993103027344,61.60030746459961,30.729358673095703,359.7568664550781
2022-10-05,48.3465461730957,71.02227020263672,61.9588623046875,35.72358322143555,30.127403259277344,119.21798706054688,83.04206848144531,33.4448127746582,32.101314544677734,61.80472183227539,30.04658317565918,358.9192199707031
2022-10-06,48.0872917175293,70.51875305175781,61.05448532104492,36.35866928100586,29.70492172241211,117.69593811035156,82.08710479736328,33.09168243408203,31.047948837280277,61.29856491088867,29.055892944335938,355.2166748046875
2022-10-07,46.79100036621094,68.09324645996094,60.14104461669922,36.076416015625,29.000791549682617,115.20616912841795,80.51761627197266,32.27391052246094,30.310596466064453,58.77751541137695,28.453441619873047,345.308349609375
2022-10-10,46.66617584228515,67.67208099365234,60.35810852050781,35.335472106933594,28.869356155395508,114.4827117919922,80.80126190185547,32.34361267089844,29.968246459960938,57.78953170776367,28.50252723693848,342.6717224121094
2022-10-11,45.792388916015625,67.12014770507812,60.85551834106445,35.0532112121582,28.503210067749023,115.0934066772461,80.7823486328125,32.092708587646484,30.2491455078125,56.90375900268555,28.39988899230957,340.5016174316406
2022-10-12,45.734771728515625,67.29443359375,61.18109130859375,35.335472106933594,28.43749046325684,114.52969360351562,80.14886474609375,31.8510856628418,29.84535789489746,56.728546142578125,27.45382499694824,339.3785095214844
2022-10-13,46.83901596069336,68.03031158447266,62.19398880004883,36.777645111083984,29.61104202270508,117.19798278808594,81.91693115234375,32.7850227355957,30.407155990600582,58.4903678894043,28.14106559753418,348.3350830078125
2022-10-14,46.07084655761719,65.48861694335938,61.07255554199219,35.406044006347656,29.11345863342285,116.40877532958984,80.12049865722656,31.679174423217773,29.64345932006836,56.84536361694336,27.734968185424805,340.3969421386719
2022-10-17,47.338321685791016,68.14649963378906,61.73275375366211,35.847076416015625,29.84575080871582,118.27845001220705,81.86964416503906,32.46906280517578,30.749492645263672,58.57798004150391,28.31510162353516,349.1440734863281
2022-10-18,47.693607330322266,69.08573913574219,62.53765487670898,36.16019821166992,30.324560165405277,118.93612670898438,83.84571075439453,33.105621337890625,31.15328788757324,59.07440185546875,28.832763671875,353.2464904785156
2022-10-19,47.73200988769531,68.31111907958984,62.24826049804688,37.22750473022461,29.826976776123047,117.2731475830078,83.25006103515625,32.715328216552734,30.37203788757324,58.904052734375,28.457904815673828,350.7431640625
2022-10-20,47.84724044799805,66.98942565917969,61.38005065917969,37.26277542114258,29.348167419433597,116.2772445678711,81.61436462402344,32.478355407714844,30.22281265258789,58.9381217956543,27.739429473876957,347.802001953125
2022-10-21,48.15451049804688,68.94048309326172,62.32060623168945,38.338897705078125,30.221281051635746,118.88914489746094,83.85515594482422,33.60279083251953,30.433488845825195,60.51499176025391,28.252626419067383,356.2541809082031
2022-10-24,48.49057769775391,69.22612762451172,63.44203186035156,38.51972198486328,30.62498664855957,121.18163299560548,84.9708480834961,33.40763473510742,30.41593360900879,61.35210037231445,28.489145278930664,360.6134338378906
2022-10-25,49.77726364135742,70.95933532714844,64.27406311035156,38.55941390991211,30.991138458251957,122.10236358642578,86.1148910522461,34.23469543457031,31.618520736694336,62.525028228759766,29.06035614013672,366.3719787597656
2022-10-26,48.20252227783203,70.38804626464844,64.6991195678711,39.08425521850586,31.06624221801757,123.4552993774414,86.41743469238281,34.4763069152832,31.557079315185547,61.133087158203125,29.046958923339844,363.6116333007813
2022-10-27,45.91722106933594,70.11692810058594,64.75336456298828,39.225379943847656,31.319726943969727,122.8070297241211,87.42910766601562,34.38802719116211,31.57463836669922,60.43712615966797,29.279024124145508,361.66998291015625
2022-10-28,47.07906723022461,70.17987823486328,66.17325592041016,39.36209487915039,32.09897232055664,124.82703399658205,89.46190643310547,34.73185729980469,32.32075881958008,63.06524658203125,30.082294464111328,370.2743225097656
2022-10-31,46.291690826416016,69.72960662841797,65.78436279296875,39.6928596496582,31.90180778503418,124.72369384765624,89.2066421508789,34.42055130004883,32.24176788330078,62.2330207824707,29.8011474609375,367.5997924804687
2022-11-01,45.99403762817383,69.02278900146484,65.57636260986328,40.07656478881836,31.986309051513672,124.79886627197266,89.12152862548828,34.50883865356445,32.18909454345703,61.71225357055664,29.917163848876957,365.9911804199219
2022-11-02,44.697750091552734,66.41332244873047,64.43683624267578,39.1107063293457,31.58260726928711,122.67549896240234,87.5520248413086,33.61207962036133,31.34639358520508,59.58055114746094,29.62710189819336,356.80621337890625
2022-11-03,43.60311508178711,66.01632690429688,64.21980285644531,39.83399963378906,31.263399124145508,122.15876770019533,88.46914672851562,33.86763000488281,31.328845977783203,57.82847213745117,29.756519317626957,353.1322021484375
2022-11-04,43.90078353881836,66.56822967529297,64.9794692993164,40.31914138793945,31.836095809936523,122.90097045898438,89.88738250732422,35.04317092895508,31.76775360107422,58.88458251953125,29.93947982788086,358.2149353027344
2022-11-07,44.68815612792969,66.10346221923828,65.55827331542969,41.01155853271485,32.155296325683594,124.2163314819336,90.85176849365234,35.31731414794922,31.758968353271484,59.86770248413086,29.36827278137207,361.6414489746094
2022-11-08,44.73615646362305,65.93885040283203,65.7481918334961,41.051246643066406,32.34307861328125,124.83643341064452,91.6459732055664,35.92599105834961,31.95208549499512,60.441993713378906,29.573545455932617,363.5926818847656
2022-11-09,44.1312255859375,63.92485427856445,65.03374481201172,39.04454803466797,31.798540115356445,123.49291229248048,90.3695831298828,35.345184326171875,31.60096740722656,58.86998748779297,29.341495513916016,356.10186767578125
2022-11-10,46.80060958862305,68.59674835205078,66.56212615966797,39.91338348388672,33.40396881103516,126.63092041015624,94.16094970703124,37.30132675170898,34.023704528808594,63.70767593383789,30.724899291992188,375.671142578125
2022-11-11,48.02968215942383,70.24280548095703,66.48977661132812,41.07328796386719,33.67622375488281,125.08069610595705,94.10423278808594,37.75202178955078,34.00615692138672,64.79786682128906,30.38127899169922,379.30712890625
2022-11-14,47.83763885498047,69.12930297851562,65.96525573730469,41.0600700378418,33.197418212890625,125.19346618652344,93.52749633789062,37.7009162902832,33.102012634277344,64.24303436279297,30.019805908203125,376.0804748535156
2022-11-15,48.54819107055664,70.07335662841797,66.51691436767578,41.492279052734375,33.27252197265625,125.0337142944336,94.1704330444336,37.64516067504883,33.51457595825195,65.02175903320312,30.350040435791016,379.2879943847656
2022-11-16,48.06807708740234,69.00341033935547,66.8425064086914,40.645503997802734,33.1129150390625,124.97738647460938,93.48966979980467,37.27809143066406,33.27757263183594,64.13111114501953,30.622257232666016,376.39453125
2022-11-17,47.70320510864258,68.16587829589844,66.82439422607422,40.733699798583984,32.934539794921875,124.9210205078125,93.32892608642578,36.92031478881836,32.97911834716797,64.21382904052734,30.086746215820312,375.2427978515625
2022-11-18,47.55916595458984,68.25786590576172,67.53885650634766,40.41175079345703,33.20680236816406,126.4336395263672,94.01914978027344,37.16657257080078,33.40046691894531,64.28683471679688,30.724899291992188,376.9465942382813
2022-11-21,47.16548538208008,67.2702407836914,68.18095397949219,39.864864349365234,33.31007766723633,126.49002075195312,94.32170867919922,37.29202651977539,33.637474060058594,63.59572982788086,30.86323928833008,375.5759582519531
2022-11-22,47.86643981933594,68.03031158447266,68.67837524414062,41.11298751831055,33.6480598449707,127.58928680419922,95.04972076416016,38.13767623901367,33.804256439208984,64.82708740234375,31.126527786254883,380.6300964355469
2022-11-23,48.47137069702149,69.01311492919922,68.91350555419922,40.66754531860352,33.78888320922852,128.0966033935547,95.40902709960938,38.286354064941406,33.856929779052734,65.40135955810547,31.47460556030273,383.0286865234375
2022-11-25,48.20252227783203,69.05184936523438,68.95873260498047,40.51760482788086,33.90154266357422,128.857666015625,95.77776336669922,38.272422790527344,34.05882263183594,65.02175903320312,31.657575607299805,382.9429626464844
2022-11-28,47.434349060058594,68.62580871582031,68.69645690917969,39.40619659423828,33.319461822509766,127.88994598388672,94.0380630493164,37.41748046875,33.102012634277344,63.62980651855469,31.33180046081543,376.8323974609375
2022-11-29,47.45354080200195,68.40794372558594,68.43419647216797,40.0015869140625,33.51662063598633,127.57048797607422,94.61480712890624,37.54294204711914,33.65502166748047,63.00685119628906,31.099756240844727,376.1851196289063
2022-11-30,49.460391998291016,70.76566314697266,69.8088607788086,40.20005416870117,34.08931350708008,130.61459350585938,96.17487335205078,38.4489860534668,34.4450569152832,66.17031860351562,31.876243591308597,388.0351257324219
2022-12-01,49.74845123291016,70.7559814453125,69.4923095703125,40.06774139404297,33.89215850830078,130.99041748046875,96.20320892333984,38.49544906616211,34.37482452392578,66.26278686523438,31.849475860595703,387.7496337890625
2022-12-02,49.87327194213867,70.66400146484375,69.8088607788086,39.82959747314453,33.73256301879883,131.32861328125,96.75161743164062,38.91827392578125,34.20804977416992,65.87832641601562,31.69774055480957,387.3023071289063
2022-12-05,49.08591079711914,68.62580871582031,68.93160247802734,38.64762115478515,32.89698028564453,130.0696258544922,95.13481903076172,38.14696502685547,33.62869644165039,64.78325653076172,31.51923561096191,380.33502197265625
2022-12-06,47.67440032958984,67.55585479736328,68.50653839111328,37.62884140014648,32.60594177246094,129.08316040039062,94.00969696044922,37.80778121948242,33.3741340637207,63.39619445800781,31.71559333801269,374.8526611328125
2022-12-07,47.434349060058594,67.14920043945312,68.79594421386719,37.54064178466797,32.47450637817383,130.14483642578125,93.88677215576172,37.7241439819336,33.44435501098633,63.074981689453125,31.568323135375977,374.2148742675781
2022-12-08,47.338321685791016,67.79793548583984,69.16674041748047,37.373043060302734,32.50267028808594,131.3192596435547,94.44461059570312,38.00293731689453,33.69013977050781,64.10674285888672,31.773601531982425,377.1464538574219
2022-12-09,47.4727668762207,67.50260925292969,68.6331558227539,36.46451568603515,32.41817092895508,129.63743591308594,93.66931915283205,37.626564025878906,33.61991882324219,63.71255111694336,31.608491897583008,374.3291015625
2022-12-12,47.84724044799805,67.67208099365234,69.35665130615234,37.42156219482422,32.85004806518555,131.01858520507812,95.2766342163086,37.95182037353515,33.90081024169922,65.10448455810547,32.33142852783203,379.7259521484375
2022-12-13,48.653804779052734,67.67208099365234,69.2571792602539,38.13161087036133,32.934539794921875,131.42263793945312,95.6359405517578,38.47686004638672,34.646949768066406,65.87345123291016,32.42960739135742,382.6003112792969
2022-12-14,48.02007293701172,67.1685562133789,69.21195220947266,37.89787292480469,32.52145004272461,131.62928771972656,95.45629119873048,38.06333541870117,34.31338119506836,65.31863403320312,32.389434814453125,380.1542053222656
2022-12-15,46.14766693115234,66.06473541259766,68.03626251220703,37.66853332519531,31.88302993774414,129.21469116210938,93.14930725097656,36.90172576904297,33.91836929321289,62.875450134277344,31.99673652648925,370.8550109863281
2022-12-16,46.138065338134766,64.8302001953125,67.70165252685547,37.205448150634766,31.638931274414062,127.33560180664062,92.752197265625,36.74375915527344,32.91767120361328,62.04319763183594,31.452306747436523,366.4765930175781
2022-12-19,45.05806350708008,63.78937530517578,67.65882873535156,37.20099639892578,31.553911209106445,126.86012268066406,92.26390075683594,36.26628112792969,32.52794647216797,61.21589279174805,31.32722282409668,363.3690490722656
2022-12-20,45.3660888671875,63.04662322998047,67.60418701171875,37.76242065429688,31.68617248535156,126.83181762695312,92.3779067993164,36.50478744506836,32.45691680908203,61.30862808227539,31.336219787597656,363.86627197265625
2022-12-21,45.96287536621094,64.05152893066406,68.27820587158203,38.47978973388672,32.17742919921875,128.50164794921875,94.11639404296876,36.82278823852539,32.785396575927734,62.32386016845703,31.77264213562012,369.306884765625
2022-12-22,45.56821823120117,62.40581512451172,68.12338256835938,37.59309768676758,31.89401626586914,128.32241821289062,92.91939544677734,36.46736907958984,32.62560272216797,60.75220489501953,31.579177856445312,364.038330078125
2022-12-23,46.01100540161133,62.83302307128906,68.4786148071289,38.79169464111328,32.073516845703125,128.39788818359375,93.47039794921876,36.71989822387695,32.9185676574707,60.81565856933594,31.90310859680176,366.1323852539063
2022-12-27,45.59710311889648,61.81355285644531,68.8065185546875,39.20606994628906,32.06406021118164,128.0677032470703,93.7553939819336,36.75263214111328,32.89192199707031,60.23971939086914,32.10106658935547,364.6885681152344
2022-12-28,44.932918548583984,61.29411315917969,67.9502944946289,38.32829284667969,31.950698852539062,127.23747253417967,92.5299072265625,36.19146728515625,32.368141174316406,59.2684211730957,31.79513359069824,360.1561584472656
2022-12-29,46.17463684082031,62.871856689453125,68.24178314208984,38.72931289672851,32.394718170166016,128.62429809570312,93.6698989868164,36.58428955078125,33.08723449707031,60.8205451965332,32.02458572387695,366.63916015625
2022-12-30,46.19389343261719,62.70195388793945,67.90477752685547,38.97437286376953,32.309696197509766,128.1620330810547,93.29939270019533,36.32707977294922,32.785396575927734,60.737571716308594,31.718650817871097,365.6734008789063
2023-01-03,46.79068756103515,62.3281364440918,67.64972686767578,37.60647201538086,32.42306137084961,127.79410552978516,93.49888610839844,36.289669036865234,32.90968322753906,60.16162490844727,31.718650817871097,364.1339416503906
2023-01-04,47.6666259765625,63.23109817504883,67.91387176513672,37.602012634277344,32.942657470703125,128.1337432861328,94.32540130615234,36.920997619628906,33.664283752441406,60.31781768798828,32.006591796875,366.9451293945313
2023-01-05,47.734012603759766,62.6436882019043,67.23072814941406,38.28820037841797,32.69704055786133,126.82238006591795,93.30889892578124,36.33642959594727,32.678855895996094,59.14640808105469,31.3137264251709,362.757080078125
2023-01-06,48.51369094848633,64.1146469116211,69.02513885498047,39.01448059082031,33.42447662353516,127.9921875,95.86441040039062,37.585060119628906,33.6287841796875,60.87911605834961,31.943588256835938,371.0758056640625
2023-01-09,48.590702056884766,64.50300598144531,68.35108947753906,38.87636184692383,33.30165100097656,125.85069274902344,95.4369125366211,37.82354736328125,33.611019134521484,61.58683776855469,32.1595573425293,370.865478515625
2023-01-10,49.322261810302734,65.31370544433594,68.260009765625,39.15260696411133,33.490596771240234,126.90729522705078,95.95938873291016,38.20235443115234,33.70867156982422,61.96754455566406,32.168556213378906,373.46630859375
2023-01-11,49.678409576416016,67.075927734375,68.29644775390625,39.27291870117188,33.80236053466797,127.62429809570312,96.88089752197266,38.80094909667969,34.93379592895508,63.04133987426758,32.42950439453125,378.1898498535156
2023-01-12,50.22707748413086,67.18759155273438,67.75902557373047,40.021484375,33.868492126464844,127.21861267089844,97.45089721679688,38.9459228515625,35.32441711425781,63.50990295410156,32.20904922485352,379.5667114257813
2023-01-13,50.39071273803711,67.81868743896484,68.07783508300781,40.079402923583984,34.12357711791992,127.78466796875,97.33688354492188,39.18441390991211,35.120235443115234,63.69048690795898,32.09206771850586,381.039306640625
2023-01-17,49.91905212402344,67.86722564697266,68.12338256835938,40.16406631469727,33.89683532714844,127.19031524658205,96.5103759765625,38.791595458984375,35.12910842895508,63.97847366333008,32.04708480834961,380.3412780761719
2023-01-18,49.3126335144043,66.98368835449219,66.26521301269531,39.42886734008789,33.26387023925781,125.39781951904295,94.6958999633789,38.244441986083984,34.58757400512695,63.15359878540039,31.27773094177246,374.3364562988281
2023-01-19,49.56290054321289,65.87200927734375,65.63671112060547,39.91899490356445,32.87652587890625,125.69972229003906,92.7484130859375,37.949825286865234,34.41889572143555,62.41658782958984,30.96280097961425,371.611328125
2023-01-20,51.11264419555664,67.46915435791016,66.14680480957031,40.31555938720703,33.39613342285156,126.3318099975586,94.0404052734375,38.71209716796875,34.818397521972656,64.1053695678711,31.14725875854492,378.5340881347656
2023-01-23,52.00783920288086,68.52261352539062,66.3563003540039,40.36902618408203,33.78346633911133,126.76579284667967,95.0663833618164,38.838356018066406,34.91604995727539,65.56475830078125,31.156251907348636,383.075927734375
2023-01-24,51.86344909667969,68.44493865966797,66.62956237792969,40.21307373046875,33.80236053466797,125.92616271972656,95.69339752197266,38.86174011230469,35.06696701049805,65.53545379638672,31.3137264251709,382.6648254394531
2023-01-25,52.04634094238281,68.79444885253906,66.79351043701172,40.217533111572266,34.06688690185547,125.96388244628906,95.16138458251952,38.94123840332031,35.102481842041016,65.3988037109375,30.89081382751465,382.8081970214844
2023-01-26,52.85489654541016,70.2022933959961,66.55669403076172,41.4874267578125,34.24637985229492,126.1997299194336,95.68389892578124,39.12830352783203,35.501983642578125,66.44331359863281,30.99428939819336,387.0154113769531
2023-01-27,53.22068405151367,71.79460906982422,66.36540985107422,40.64973831176758,34.24637985229492,125.34123992919922,96.08290100097656,39.00203704833984,35.82157897949219,66.72151947021484,30.99428939819336,387.90472412109375
2023-01-30,52.38323974609375,70.57123565673828,66.44739532470703,39.718482971191406,34.07633590698242,124.20914459228516,95.14239501953124,38.735477447509766,35.386566162109375,65.44759368896484,30.85481643676757,383.0376892089844
2023-01-31,53.01854705810547,72.18782806396484,67.16697692871094,40.07049560546875,34.539249420166016,125.81292724609376,96.75740051269533,39.58660888671875,36.03463363647461,66.3603286743164,31.084266662597656,388.6696166992187
2023-02-01,53.64421463012695,73.55683135986328,67.70438385009766,39.281829833984375,34.539249420166016,126.40731811523438,97.46038818359376,39.84848403930664,36.300968170166016,67.9222183227539,31.13826560974121,392.8003234863281
2023-02-02,57.16722869873047,75.8093490600586,67.12142944335938,38.38622283935547,34.63372802734375,125.54876708984376,98.22039031982422,39.72221755981445,37.13547134399414,69.77693939208984,31.20574188232422,398.5182800292969
2023-02-03,56.021766662597656,73.47429656982422,66.8572769165039,38.30155944824219,34.56759262084961,125.18083953857422,97.70738220214844,39.00672149658203,36.36311721801758,69.19611358642578,30.553380966186523,394.2823486328125
2023-02-06,55.34796524047851,73.36749267578125,66.93925476074219,38.12779235839844,34.558143615722656,124.48273468017578,97.46989440917967,38.57647705078125,36.13229370117188,68.35171508789062,30.8143253326416,391.8728637695313
2023-02-07,56.377925872802734,73.53739929199219,66.65689086914062,39.36648178100586,34.95492935180664,125.28463745117188,97.77389526367188,39.09556579589844,35.99025344848633,70.06002044677734,30.800827026367188,396.99798583984375
2023-02-08,54.60678482055664,72.91116333007812,66.14680480957031,39.01448059082031,34.74708557128906,124.91671752929688,97.22289276123048,38.78224563598633,35.89259719848633,69.21564483642578,30.28343391418457,392.6568908691406
2023-02-09,53.41320037841797,72.77523040771484,65.8553466796875,38.680294036865234,34.35975646972656,123.82235717773438,96.34889221191406,38.2210578918457,35.54636764526367,68.83492279052734,29.86951446533203,389.2529602050781
2023-02-10,52.90303802490234,71.92081451416016,66.46559143066406,40.19524765014648,34.47312545776367,124.99217987060548,97.03289794921876,38.36135482788086,35.61738586425781,68.51768493652344,30.463397979736328,390.1613159179687
2023-02-13,53.65384292602539,72.97427368164062,67.22161865234375,40.092769622802734,34.869903564453125,126.0299072265625,97.91638946533205,38.562442779541016,35.94586181640625,69.70372009277344,30.64785957336425,394.7413635253906
2023-02-14,53.6730842590332,73.84809875488281,66.6113510131836,40.10613632202149,34.68095397949219,125.28463745117188,97.650390625,38.65129852294922,35.572994232177734,70.00144958496094,30.517383575439453,394.5597839355469
2023-02-15,54.164005279541016,74.71221160888672,66.73887634277344,39.424407958984375,34.718753814697266,124.66197204589844,98.25839233398438,38.81966018676758,35.67064666748047,70.32847595214844,30.715341567993164,395.8410339355469
2023-02-16,53.33618927001953,73.08106994628906,66.256103515625,39.03676223754883,34.36919403076172,123.41668701171876,97.2418975830078,38.38006210327149,35.34217834472656,69.10826873779297,30.48139762878418,390.3907165527344
2023-02-17,53.27843475341797,73.09562683105469,67.11231994628906,37.64657211303711,34.37864303588867,124.52047729492188,97.8783950805664,38.01997756958008,35.16462326049805,68.24435424804688,30.80983161926269,389.41546630859375
2023-02-21,52.104095458984375,70.6537857055664,66.8572769165039,37.45942306518555,33.670101165771484,122.90723419189452,95.63639831542967,37.39332580566406,34.47216796875,66.6239013671875,30.23394012451172,381.6034240722656
2023-02-22,52.20998001098633,71.01300811767578,66.75707244873047,37.20990753173828,33.63230895996094,122.49212646484376,95.39888763427734,37.67391586303711,34.16144180297852,66.52629852294922,30.11697006225586,381.0775146484375
2023-02-23,51.96934127807617,70.95478057861328,66.67509460449219,37.77132034301758,33.660648345947266,122.82234191894533,95.84539794921876,37.71599578857422,34.48991775512695,67.62936401367188,29.959497451782227,383.1046447753906
2023-02-24,51.247406005859375,69.83818817138672,66.2287826538086,37.72232055664063,33.68899917602539,121.23741149902344,95.29439544677734,37.968528747558594,33.8507194519043,66.42378234863281,29.96849250793457,379.0121765136719
2023-02-27,51.41104507446289,70.70232391357422,66.15589904785156,37.83370590209961,33.67955017089844,120.86946868896484,96.13990020751952,38.09478759765625,33.90398406982422,66.78009796142578,29.766036987304688,380.3030395507813
2023-02-28,51.49767303466797,70.6537857055664,65.60939025878906,37.29011154174805,33.74567794799805,119.97323608398438,95.92138671875,38.26782989501953,33.92174530029297,66.63365936279297,29.244144439697266,378.8974609375
2023-03-01,51.1030158996582,69.765380859375,65.12663269042969,38.02531051635742,33.63230895996094,119.77511596679688,96.30139923095705,38.56711959838867,33.39795684814453,66.14559173583984,28.762741088867188,377.4440307617187
2023-03-02,51.58430480957031,69.53235626220703,66.01929473876953,38.35948181152344,33.47170639038086,120.51097869873048,97.4319076538086,39.00672149658203,33.83296203613281,66.9606704711914,29.307126998901367,380.3795166015625
2023-03-03,52.71051025390625,71.02757263183594,66.07394409179688,38.88080596923828,34.00075912475586,121.86005401611328,98.48638153076172,39.56321716308594,34.4011344909668,68.40055084228516,29.806528091430664,386.4800109863281
2023-03-06,52.71051025390625,70.50813293457031,66.24699401855469,38.89862823486328,34.029090881347656,121.80345916748048,98.30590057373048,38.92253875732422,34.267967224121094,68.72756958007812,29.950498580932617,386.7476806640625
2023-03-07,52.171478271484375,69.54694366455078,65.59117126464844,38.22134780883789,33.15049743652344,119.84115600585938,97.04240417480467,38.15559005737305,33.40683364868164,67.87339782714844,29.46009635925293,380.8193664550781
2023-03-08,52.20035171508789,69.42070770263672,65.70050048828125,37.82926177978515,33.02768325805664,119.19964599609376,97.27039337158205,38.34264373779297,33.87735748291016,68.43470001220703,29.68504905700684,381.44091796875
2023-03-09,51.02600860595703,67.7652816772461,65.09020233154297,37.2945671081543,31.68617248535156,117.99208068847656,95.8358917236328,37.35590744018555,33.1049919128418,67.45365142822266,29.44660186767578,374.4033508300781
2023-03-10,50.30408477783203,67.09048461914062,64.77140808105469,36.81779861450195,31.109886169433597,117.12415313720705,94.04988861083984,36.5609130859375,32.048545837402344,66.26759338378906,28.983192443847656,369.0009460449219
2023-03-13,50.30408477783203,67.2313003540039,65.09930419921875,36.06924057006836,29.881744384765625,118.21851348876952,93.51790618896484,36.1867790222168,32.56344985961914,66.6287841796875,29.428600311279297,368.4750061035156
2023-03-14,51.72869110107422,68.37210845947266,65.6913833618164,36.42569732666016,30.48637008666992,119.27513122558594,94.50589752197266,36.64976501464844,32.90081024169922,68.166259765625,29.81552505493164,374.56591796875
2023-03-15,52.2869873046875,68.27017211914062,66.11947631835938,34.469627380371094,29.673904418945312,119.17132568359376,92.17839050292967,35.4619255065918,32.9185676574707,68.20530700683594,30.220443725585938,372.2232666015625
2023-03-16,53.46132659912109,69.50323486328125,66.16502380371094,34.84390640258789,30.24073600769043,120.28456115722656,93.36589050292967,35.868778228759766,32.9185676574707,70.11859130859375,30.422910690307617,378.75396728515625
2023-03-17,52.95115280151367,68.61483764648438,65.68226623535156,34.29584884643555,29.26767349243164,118.73737335205078,91.8363800048828,35.31227493286133,32.16395568847656,70.0209732055664,30.13046646118164,374.3253479003906
2023-03-20,53.34689331054688,68.91187286376953,66.59294128417969,34.982444763183594,29.59332275390625,120.24229431152344,93.0526123046875,36.03888702392578,32.50906753540039,70.20980834960938,30.366138458251957,377.9247131347656
2023-03-21,54.485836029052734,70.81581115722656,66.53801727294922,36.193546295166016,30.343358993530277,120.9715576171875,94.13053131103516,36.47568893432617,32.321311950683594,70.77723693847656,29.754283905029297,382.8871154785156
2023-03-22,53.53027725219727,69.23812866210938,65.92479705810547,35.42366409301758,29.64079093933105,119.14368438720705,92.3276596069336,35.827518463134766,31.14112091064453,70.07283020019531,29.16963005065918,376.3601379394531
2023-03-23,54.39896774291992,69.16509246826172,65.66854095458984,34.93291473388672,29.441410064697266,118.91636657714844,92.0605697631836,35.78525161743164,30.953353881835938,71.21258544921875,28.87049865722656,377.3775939941406
2023-03-24,54.67888259887695,68.94109344482422,66.7851333618164,35.0679817199707,29.422422409057617,120.5643081665039,92.44212341308594,36.07645034790039,31.74908828735352,71.39848327636719,29.772417068481445,379.85400390625
2023-03-27,54.37001800537109,69.08230590820312,67.14207458496094,35.81535720825195,29.83067321777344,121.05679321289062,93.21478271484376,36.34417724609375,31.64179801940918,70.84573364257812,29.808671951293945,380.5642700195313
2023-03-28,53.92602157592773,68.99951171875,67.26103973388672,36.369136810302734,29.82118034362793,120.32754516601562,93.69171905517578,36.51795959472656,31.53450965881348,70.5130844116211,29.89025115966797,379.7099914550781
2023-03-29,54.6402702331543,70.30938720703125,67.63631439208984,36.87338638305664,30.257911682128903,120.65901947021484,95.05580139160156,37.02523040771485,32.28554916381836,71.9903564453125,30.32535171508789,385.2290649414063
2023-03-30,54.900875091552734,70.92293548583984,67.82849884033203,37.03546142578125,30.191452026367188,121.31250762939452,95.2561264038086,37.27885055541992,32.705772399902344,72.82682037353516,30.45678329467773,387.4846496582031
2023-03-31,55.95295333862305,72.817138671875,68.37763977050781,37.29209518432617,30.52374839782715,122.61002349853516,96.51527404785156,37.884742736816406,33.421043395996094,73.8687515258789,30.67886734008789,392.9461364746094
2023-04-03,56.18459701538086,72.15003204345703,68.73460388183594,38.980430603027344,30.580713272094727,123.98330688476562,96.6869659423828,38.12427520751953,33.10811233520508,73.75135040283203,30.47038078308105,394.4434814453125
2023-04-04,56.35832977294922,72.03316497802734,68.59728240966797,38.273582458496094,30.29588508605957,124.00222778320312,94.52161407470705,37.57474899291992,33.1170539855957,73.34535217285156,30.62447738647461,392.2550354003906
2023-04-05,56.17494583129883,70.5577392578125,68.91764831542969,38.84987258911133,30.257911682128903,126.14264678955078,93.29109954833984,37.49020767211914,32.947174072265625,72.50887298583984,31.41762351989746,391.22796630859375
2023-04-06,56.87954330444336,70.57234191894531,68.97254943847656,38.26008224487305,30.371841430664062,126.45519256591795,93.2624740600586,37.40095901489258,33.17069625854492,72.91979217529297,31.63970947265625,392.7541198730469
2023-04-10,56.75406265258789,70.88400268554688,68.97254943847656,38.56622695922851,30.43829917907715,126.36995697021484,94.1114501953125,37.57944488525391,33.340576171875,72.88064575195312,31.57625389099121,393.1572570800781
2023-04-11,56.60928726196289,70.99598693847656,69.17391204833984,38.930908203125,30.70413398742676,126.79615020751952,94.67423248291016,37.87065124511719,33.50151062011719,72.19581604003906,31.60344696044922,393.2629089355469
2023-04-12,56.02051544189453,69.8954849243164,68.86273193359375,38.95792388916016,30.637678146362305,126.83402252197266,94.98902893066406,37.89883041381836,33.403167724609375,71.78491973876953,31.57172393798828,391.659912109375
2023-04-13,57.18841552734375,71.43909454345703,69.24713134765625,39.20104598999024,30.91301155090332,128.4819793701172,95.34196472167967,38.288665771484375,33.295875549316406,73.1203384399414,31.57625389099121,396.8622131347656
2023-04-14,57.16910552978515,71.5316162109375,68.80781555175781,39.27309036254883,31.216819763183597,127.44964599609376,95.22750854492188,38.01155090332031,32.72365188598633,72.71431732177734,31.222732543945312,395.8927917480469
2023-04-17,56.8409423828125,72.03803253173828,69.24713134765625,38.80935287475586,31.577598571777344,127.34546661376952,95.98108673095705,38.23230743408203,33.46575164794922,72.97846984863281,31.39496421813965,397.3133544921875
2023-04-18,56.55137634277344,72.1548843383789,69.4576416015625,38.96242904663086,31.672536849975582,126.4741439819336,96.4389419555664,38.39199447631836,33.412105560302734,73.2034912109375,31.231809616088867,397.5724487304687
2023-04-19,56.126686096191406,72.08671569824219,69.411865234375,38.82735824584961,31.74849319458008,126.86245727539062,96.36263275146484,38.283973693847656,33.60881042480469,72.9931640625,31.472007751464844,397.5053405761719
2023-04-20,55.54755783081055,70.97650146484375,69.57660675048828,38.48519134521485,31.653553009033203,126.34153747558594,96.1909408569336,38.24170303344727,33.20645904541016,72.5137710571289,31.462949752807617,395.3360900878906
2023-04-21,55.68268966674805,71.76046752929688,70.08000183105469,38.26008224487305,31.539634704589844,127.19391632080078,95.9715347290039,37.90352630615234,33.242225646972656,72.27897644042969,31.55359268188477,395.6432800292969
2023-04-24,55.62477493286133,71.75074768066406,70.36370849609375,38.84537124633789,31.463666915893555,127.90424346923828,96.20046997070312,38.1618537902832,33.15282440185547,71.96101379394531,31.71221351623535,396.0560607910156
2023-04-25,54.7560920715332,70.3288803100586,70.27220153808594,38.11600875854492,30.922504425048828,126.54044342041016,94.4262466430664,37.335208892822266,32.84882736206055,70.4250259399414,31.680496215820312,389.76904296875
2023-04-26,54.17696380615234,69.96853637695312,69.72305297851562,37.60724639892578,30.628183364868164,124.74095916748048,92.6424560546875,36.89370727539063,32.58060073852539,71.47183990478516,30.93720817565918,388.1181335449219
2023-04-27,57.323543548583984,71.81404113769531,70.5009994506836,37.74232482910156,31.121875762939453,125.3944320678711,94.4739227294922,37.39627456665039,33.367401123046875,72.98826599121094,31.308847427368164,395.8448486328125
2023-04-28,57.8157958984375,71.99908447265625,70.87625122070312,38.32760620117188,31.492151260375977,126.46466064453124,95.38965606689452,37.83307266235352,33.751861572265625,73.78071594238281,31.26352882385254,399.2234191894531
2023-05-01,57.80614471435547,71.28814697265625,70.93116760253906,37.89540481567383,31.406709671020508,127.11815643310548,95.9047622680664,37.81428909301758,33.438934326171875,73.8247299194336,31.317916870117188,398.82025146484375
2023-05-02,56.73476791381836,71.3611831665039,70.73896026611328,36.24757385253906,30.69464492797852,126.56883239746094,94.9031753540039,37.447940826416016,32.86670684814453,73.13500213623047,30.93720817565918,394.3378601074219
2023-05-03,56.51277160644531,70.79634857177734,70.1623764038086,35.56322479248047,30.343358993530277,126.39837646484376,94.54068756103516,37.03460693359375,32.661067962646484,72.51864624023438,30.85109519958496,391.6311340332031
2023-05-04,55.60547256469727,70.2509765625,69.98847198486328,35.16704177856445,29.9540958404541,125.3944320678711,93.51050567626952,36.79507064819336,32.965057373046875,72.17134094238281,31.086769104003903,388.8572082519531
2023-05-05,56.30043029785156,71.67282104492188,70.63829803466797,36.12151718139648,30.69464492797852,126.52149200439452,94.9222640991211,37.41505432128906,33.474693298339844,73.98126220703125,31.286190032958984,396.0560607910156
2023-05-08,56.869895935058594,71.91629791259766,70.42778778076172,36.12151718139648,30.74211311340332,126.24681854248048,94.57886505126952,37.29293823242188,33.242225646972656,73.94213104248047,31.191015243530277,396.1615295410156
2023-05-09,56.51277160644531,71.8968276977539,70.20812225341797,36.13501739501953,30.628183364868164,125.40392303466795,94.78871154785156,36.95476150512695,33.134944915771484,73.37470245361328,31.15022850036621,394.4241943359375
2023-05-10,57.01467514038086,72.26201629638672,70.09829711914062,35.72530746459961,30.4572868347168,125.75434112548828,94.44530487060548,36.978248596191406,33.44786834716797,74.26985931396484,31.435754776000977,396.2671813964844
2023-05-11,57.58414459228515,72.59801483154297,70.3088150024414,35.297603607177734,30.409820556640625,125.36603546142578,93.87297058105467,36.61658477783203,33.09917068481445,73.93724060058594,31.11396217346191,395.5760803222656
2023-05-12,57.63240051269531,71.9844741821289,70.5833740234375,35.35162734985352,30.28639793395996,125.19557189941406,93.93972778320312,36.682350158691406,33.1617546081543,73.83940887451172,31.286190032958984,395.0577087402344
2023-05-15,57.90266418457031,72.07698822021484,70.40948486328125,35.531715393066406,30.533239364624023,124.9777374267578,94.39761352539062,36.99234008789063,33.09917068481445,74.45086669921875,30.891883850097656,396.4207153320313
2023-05-16,57.8350944519043,71.78483581542969,69.8145751953125,34.65827941894531,30.24842071533203,123.93594360351562,93.1194076538086,36.38174819946289,32.21402359008789,74.52912139892578,30.2075138092041,393.7715759277344
2023-05-17,58.53970718383789,73.27973937988281,69.77796173095703,35.32461166381836,30.85604286193848,124.08748626708984,94.7219467163086,36.62129211425781,32.63424301147461,75.52213287353516,30.09873962402344,398.5515747070313
2023-05-18,59.59176635742188,74.4191665649414,69.4393310546875,35.581241607666016,31.083908081054688,123.7844009399414,95.40874481201172,36.83733367919922,32.42860794067383,77.06788635253906,30.00809097290039,402.3908386230469
2023-05-19,59.27325439453125,73.79589080810547,69.48509216308594,35.85588073730469,30.95098876953125,124.36215209960938,95.1798095703125,36.93128204345703,32.374961853027344,77.03365325927734,29.96277236938477,401.8053588867187
2023-05-22,59.81377029418945,73.56703186035156,68.43255615234375,35.707305908203125,31.00794982910156,124.4852523803711,95.16072082519533,36.73870849609375,32.58954620361328,77.18040466308594,29.97183609008789,401.9685668945313
2023-05-23,59.070560455322266,72.89503479003906,67.92918395996094,36.08999633789063,30.647172927856445,123.12144470214844,94.01605987548828,36.17039108276367,32.18719482421875,76.04064178466797,29.86759376525879,397.4573059082031
2023-05-24,58.8003044128418,72.62723541259766,67.4898681640625,36.24757385253906,30.24842071533203,122.27854919433594,92.80460357666016,35.75707244873047,31.480871200561523,75.48299407958984,29.672704696655277,394.5778198242187
2023-05-25,58.8003044128418,72.30097961425781,66.97733306884766,35.6037483215332,30.238920211791992,121.02837371826172,93.10984802246094,35.63025665283203,31.552398681640625,78.37884521484375,29.27386283874512,397.994873046875
2023-05-26,59.997161865234375,74.00039672851562,67.20614624023438,35.46417999267578,30.485769271850582,120.78213500976562,93.80618286132812,35.80873489379883,31.91897392272949,80.60455322265625,29.27386283874512,403.1491088867187
2023-05-30,60.09368133544922,74.49707794189453,66.43733978271484,35.09949493408203,30.47627258300781,120.03395080566406,93.66311645507812,35.61616134643555,32.01732635498047,81.03502655029297,29.160558700561523,403.3027038574219
2023-05-31,60.07438278198242,73.8250961303711,66.51055908203125,34.482696533203125,30.15347480773925,121.0662612915039,92.38489532470705,35.23571014404297,32.22296524047852,80.3599624633789,29.42796897888184,401.06634521484375
2023-06-01,60.88514709472656,74.69672393798828,66.45565795898438,34.9104118347168,30.47627258300781,121.86181640625,93.56771087646484,35.70540237426758,32.231903076171875,81.17686462402344,29.210412979125977,404.8768310546875
2023-06-02,60.96236038208008,76.44972229003906,67.37088775634766,35.97293472290039,31.140867233276367,123.42453002929688,96.2863311767578,36.90310287475586,32.911407470703125,81.64157104492188,29.51407623291016,410.7318115234375
2023-06-05,61.116798400878906,76.6785888671875,67.12376403808594,35.73432540893555,30.97946548461914,123.86964416503906,95.61859130859376,36.87491989135742,32.75942611694336,81.17198944091797,29.65457344055176,409.94476318359375
2023-06-06,61.36775588989258,77.47716522216797,66.7851333618164,36.0224609375,31.368730545043945,122.83731079101562,96.21955108642578,37.10976409912109,32.95612716674805,81.15241241455078,29.631914138793945,410.8374328613281
2023-06-07,60.68246078491211,76.95126342773438,66.56547546386719,36.97693634033203,31.492151260375977,122.35430145263672,97.76487731933594,37.55126190185547,33.56410217285156,79.93928527832031,30.134994506835938,409.4168701171875
2023-06-08,60.9913215637207,78.0906982421875,67.0230941772461,36.8193588256836,31.463666915893555,123.14041137695312,97.93657684326172,37.41505432128906,33.358455657958984,80.80510711669922,30.266435623168945,411.8932495117187
2023-06-09,61.010623931884766,78.49486541748047,66.91327667236328,36.61675262451172,31.473167419433597,123.51921844482422,97.67901611328124,37.10506820678711,33.1885871887207,81.20622253417969,30.08967399597168,412.6322937011719
2023-06-12,61.73452758789063,79.84368896484375,66.89495086669922,36.265586853027344,31.463666915893555,123.96434783935548,98.3753662109375,37.27415084838867,33.17069625854492,82.97209167480469,30.0352840423584,416.3756408691406
2023-06-13,61.93722152709961,80.67149353027344,67.16952514648438,36.43667221069336,31.653553009033203,124.58943176269533,99.52005004882812,38.13836669921875,33.412105560302734,83.47592163085938,30.0307559967041,419.1207580566406
2023-06-14,62.04338836669922,80.6130599975586,67.58137512207031,36.062984466552734,31.530134201049805,123.31085205078124,99.25293731689452,37.97867965698242,33.59092330932617,84.33688354492188,30.012622833251957,419.619873046875
2023-06-15,63.02790451049805,81.13895416259766,68.2586669921875,36.45918655395508,31.94786834716797,125.22398376464844,100.75057220458984,38.302764892578125,33.733970642089844,85.42282104492188,30.338945388793945,424.8222351074219
2023-06-16,62.50669097900391,81.0172348022461,68.3410415649414,36.405155181884766,31.88142204284668,125.21449279785156,100.5884017944336,38.39670181274414,33.69820785522461,84.71842956542969,30.50210952758789,423.3751525878906
2023-06-20,62.2021484375,81.62419128417969,67.82118225097656,35.59033203125,31.642993927001957,125.07378387451172,99.84138488769533,37.87703323364258,33.33623504638672,84.14588165283203,30.144376754760746,421.1785583496094
2023-06-21,61.58342361450195,80.6434555053711,68.06082153320312,35.87193298339844,31.60484504699707,125.09278106689452,100.3968505859375,37.999755859375,33.191802978515625,82.90081024169922,30.386524200439453,419.0206604003906
2023-06-22,62.066802978515625,81.67298126220703,68.4571762084961,35.39048385620117,31.356889724731445,125.94866180419922,99.66900634765624,37.91006851196289,32.72240447998047,83.57725524902344,30.15351676940918,420.5331115722656
2023-06-23,61.93145751953125,80.72642517089844,68.00553131103516,35.13614654541016,31.22338104248047,125.53023529052734,98.91241455078124,37.60328674316406,32.370361328125,82.67041778564453,29.71034812927246,417.3538513183594
2023-06-26,61.31272888183594,79.69203186035156,68.09770965576172,35.7674674987793,31.15662002563477,124.81700897216795,99.7360382080078,37.99503707885742,33.092506408691406,82.07728576660156,30.00275039672852,415.648681640625
2023-06-27,62.34717178344727,81.40462493896484,68.30048370361328,35.84922409057617,31.40457344055176,124.5316925048828,100.93317413330078,38.53310012817383,33.453582763671875,83.6949234008789,30.01188850402832,420.2055969238281
2023-06-28,62.62753677368164,81.72666931152344,67.83961486816406,36.21258163452149,31.328283309936523,124.1323013305664,100.93317413330078,38.26878356933594,33.54385757446289,83.74394226074219,29.5687198638916,420.4175109863281
2023-06-29,62.28916549682617,81.8144760131836,67.77509307861328,36.63042831420898,31.87187385559082,124.94062042236328,101.91004180908205,38.75020599365234,33.85076141357422,83.89099884033203,29.5687198638916,422.0745544433594
2023-06-30,62.91755676269531,82.853759765625,68.364990234375,36.866607666015625,32.14844512939453,126.2244644165039,102.78155517578124,39.113651275634766,34.022274017333984,85.22430419921875,29.89767265319824,427.0553588867187
2023-07-03,63.13027191162109,83.85400390625,68.89961242675781,36.952903747558594,32.32963562011719,125.1878890991211,102.80069732666016,39.25996017456055,34.29308319091797,85.0429458618164,30.121538162231445,427.5466918945313
2023-07-05,63.61365509033203,83.88815307617188,68.77977752685547,36.74852752685547,32.26288986206055,125.1213150024414,102.24525451660156,38.29237747192383,34.4645881652832,84.51842498779297,30.46419143676757,426.9108276367187
2023-07-06,63.11092376708984,82.53661346435547,68.60465240478516,35.9218864440918,31.986312866210938,124.12277221679688,101.47907257080078,38.013916015625,34.27503204345703,84.29293823242188,30.09412002563477,423.5679016113281
2023-07-07,62.88857650756836,82.63908386230469,67.7105712890625,36.69401550292969,32.03400421142578,122.6772689819336,101.70891571044922,38.34429931640625,34.112545013427734,83.92530822753906,29.874828338623047,422.4984130859375
2023-07-10,62.72420883178711,82.89279174804688,67.69214630126953,36.98015594482422,32.177059173583984,123.64730834960938,103.15506744384766,38.33486175537109,34.229888916015625,84.14588165283203,29.74690055847168,423.5679016113281
2023-07-11,63.816673278808594,83.58563995361328,67.79353332519531,37.79315185546875,32.55852127075195,123.6758270263672,104.3713607788086,38.71245956420898,34.618045806884766,84.32726287841797,30.116968154907227,426.2653503417969
2023-07-12,64.590087890625,84.3370361328125,67.9502182006836,38.14288711547851,32.768333435058594,123.34296417236328,104.18939208984376,39.22220230102539,34.78053665161133,85.28312683105469,30.555561065673828,429.6950378417969
2023-07-13,65.53753662109375,85.1274642944336,68.2359619140625,37.9975471496582,32.88277816772461,123.3905029296875,104.323486328125,39.528995513916016,35.01522445678711,86.39585876464844,30.66064071655273,433.10552978515625
2023-07-14,64.91879272460938,85.34703826904297,68.46638488769531,36.99378204345703,32.66342544555664,125.24496459960938,104.0169906616211,39.29772186279297,35.01522445678711,86.26841735839844,30.541858673095703,432.8357849121094
2023-07-17,64.68675231933594,85.6934585571289,68.26360321044922,36.92110443115234,32.97814178466797,124.67434692382812,104.40965270996094,39.335479736328125,34.71734619140625,87.371337890625,30.19006729125977,434.3385620117187
2023-07-18,65.13146209716797,86.04475402832031,68.18988800048828,37.293548583984375,33.35007858276367,125.5968017578125,104.99388122558594,39.64227294921875,34.4284782409668,88.36151123046875,29.95705986022949,437.5660095214844
2023-07-19,65.31517791748047,86.34725952148438,68.88116455078125,37.51155471801758,33.49312210083008,126.17689514160156,104.94599151611328,39.42987823486328,34.8076171875,88.14093017578125,30.263164520263672,438.5390930175781
2023-07-20,64.01968383789062,83.40510559082031,69.4710922241211,37.95212173461914,33.741085052490234,128.26907348632812,105.41525268554688,39.52426910400391,34.69026184082031,86.38115692138672,30.815975189208984,435.6296081542969
2023-07-21,63.38161849975586,83.42462158203125,69.71073150634766,38.28822326660156,33.62664031982422,129.56243896484375,104.91724395751952,39.528995513916016,34.843719482421875,86.3370361328125,31.277416229248047,435.6296081542969
2023-07-24,63.49761962890625,83.9710922241211,69.97802734375,38.90591812133789,33.950889587402344,129.2771453857422,105.15670013427734,39.65171051025391,35.17771911621094,86.4889907836914,31.19518661499023,437.5756530761719
2023-07-25,63.70064926147461,83.77592468261719,69.95960998535156,39.11030960083008,33.73155212402344,129.2200927734375,105.02259063720705,40.36440658569336,34.91593933105469,87.47917938232422,31.250009536743164,438.7702331542969
2023-07-26,64.69641876220703,83.75640869140625,70.0425796508789,39.123931884765625,33.931827545166016,129.13446044921875,105.7600326538086,40.2275390625,35.04231643676758,86.30271911621094,31.250009536743164,438.8376770019531
2023-07-27,65.23782348632812,82.8879165649414,69.42499542236328,38.87413024902344,33.50266647338867,128.1834716796875,104.8502197265625,39.96794128417969,34.30210876464844,86.05271911621094,30.69719886779785,435.92816162109375
2023-07-28,66.52363586425781,84.2931137084961,70.14395904541016,38.99222183227539,33.56942367553711,128.56387329101562,105.50146484375,40.24641799926758,34.202816009521484,87.22427368164062,30.62865829467773,440.1961364746094
2023-07-31,66.5042953491211,84.77128601074219,69.82132720947266,39.732547760009766,33.69340515136719,127.57486724853516,105.7504653930664,40.45880126953125,34.473609924316406,87.42526245117188,30.64236640930176,441.0342712402344
2023-08-01,66.41727447509766,83.81008911132812,69.44342041015625,39.546329498291016,33.69340515136719,126.90917205810548,106.06651306152344,40.27946090698242,34.410430908203125,87.57231140136719,30.267730712890625,439.7721557617187
2023-08-02,65.170166015625,82.30726623535156,69.69229888916016,39.02855682373047,33.40729522705078,126.99475860595705,104.95555114746094,39.77915191650391,34.2660026550293,85.4056625366211,30.267730712890625,433.6546325683594
2023-08-03,65.00580596923828,82.50244903564453,69.49873352050781,39.4236946105957,33.426368713378906,126.35760498046876,104.29473114013672,39.5337142944336,33.796607971191406,85.05764770507812,29.577857971191406,432.4118347167969
2023-08-04,64.86078643798828,83.7027359008789,68.80743408203125,39.47820281982422,33.29285430908203,125.9105987548828,103.66265106201172,39.444034576416016,33.462615966796875,83.90080261230469,29.23520851135254,430.4561462402344
2023-08-07,65.8662338256836,84.56147003173828,69.36969757080078,39.523624420166016,33.760154724121094,127.36563110351562,104.93640899658205,39.70362854003906,33.886871337890625,84.13607788085938,29.230632781982425,434.2133483886719
2023-08-08,65.68253326416016,83.88815307617188,68.87195587158203,39.71892547607422,33.454978942871094,128.3451385498047,104.4575653076172,39.28356552124024,33.71536636352539,83.4890365600586,29.36769676208496,432.3251037597656
2023-08-09,64.97679138183594,82.89279174804688,68.97335052490234,40.218528747558594,33.20703125,128.30712890625,104.40008544921876,39.123085021972656,33.796607971191406,82.4106216430664,29.431655883789062,429.4348754882813
2023-08-10,65.19915771484375,83.09284973144531,68.83509063720703,40.213985443115234,33.23564147949219,128.2215576171875,104.1127700805664,39.151397705078125,33.68827819824219,82.42041015625,29.34028625488281,429.5890808105469
2023-08-11,64.8897933959961,82.80984497070312,68.9457015991211,40.831687927246094,33.30238723754883,129.0203399658203,104.28516387939452,39.0428466796875,33.751468658447266,81.81257629394531,29.500185012817383,429.3385925292969
2023-08-14,65.36351013183594,83.06356811523438,68.60465240478516,40.659088134765625,33.23564147949219,129.4102783203125,104.323486328125,39.12780380249024,33.570926666259766,83.11648559570312,29.26718139648437,431.7085266113281
2023-08-15,64.783447265625,81.93159484863281,67.86726379394531,39.814300537109375,32.625282287597656,128.93478393554688,102.99227142333984,38.49062728881836,33.227909088134766,82.2978744506836,28.79204368591309,426.6796569824219
2023-08-16,64.0100326538086,80.91670989990234,67.7105712890625,39.4691162109375,32.57759094238281,127.95529174804688,102.41761779785156,38.23102569580078,32.82169723510742,81.51356506347656,28.919960021972656,423.548583984375
2023-08-17,63.275272369384766,79.54566192626953,67.05615234375,39.94148254394531,32.415470123291016,126.93767547607422,101.55567169189452,38.15550231933594,32.57797622680664,80.73908233642578,28.856002807617188,420.3211364746094
2023-08-18,62.89823913574219,79.3651351928711,67.30500030517578,40.33662033081055,32.40593719482422,126.98523712158205,101.74722290039062,38.15079116821289,32.668251037597656,80.86161804199219,29.00676918029785,420.5234680175781
2023-08-21,63.35261535644531,80.27753448486328,66.85335540771484,40.08227157592773,32.3677864074707,127.11839294433594,101.62271881103516,38.15550231933594,32.38841247558594,82.40571594238281,28.824020385742188,423.259521484375
2023-08-22,63.35261535644531,80.39463806152344,66.47545623779297,39.77342987060547,32.0626106262207,126.67140197753906,101.38329315185548,38.122467041015625,32.48771286010742,82.31257629394531,28.906259536743164,422.1131286621094
2023-08-23,64.37739562988281,81.0386962890625,66.91788482666016,39.67350006103515,32.3773307800293,127.05181884765624,102.42720794677734,38.18383407592773,32.96611785888672,83.79784393310547,29.02047538757324,426.8144836425781
2023-08-24,63.13991928100586,79.45294189453125,66.38325500488281,39.4009895324707,32.26288986206055,125.94866180419922,101.18219757080078,38.02335357666016,32.81267547607422,81.86650085449219,28.85143280029297,420.8992614746094
2023-08-25,63.20760345458984,80.34097290039062,66.75196075439453,39.782501220703125,32.415470123291016,126.87114715576172,102.03455352783205,38.13663101196289,32.90294647216797,82.6998291015625,29.07073211669922,423.866455078125
2023-08-28,63.98101043701172,80.6629867553711,67.05615234375,40.05048370361328,32.59666442871094,127.16592407226562,102.86775970458984,38.41510391235352,33.16472244262695,83.37628936767578,29.066160202026367,426.5543518066406
2023-08-29,65.40217590332031,82.6781005859375,67.29579162597656,40.15948486328125,32.892311096191406,128.30712890625,103.65308380126952,39.052284240722656,33.54385757446289,85.04783630371094,29.17580795288086,432.7200927734375
2023-08-30,65.41183471679688,83.0342788696289,67.4063949584961,40.35932922363281,32.911376953125,128.2120361328125,104.1223373413086,39.14196395874024,33.66119766235352,85.6899642944336,29.04331970214844,434.50238037109375
2023-08-31,65.47952270507812,83.29287719726562,67.06536102294922,40.3865852355957,32.78740310668945,126.68092346191406,103.65308380126952,39.123085021972656,33.41747283935547,86.10664367675781,28.764623641967773,433.8665771484375
2023-09-01,64.87045288085938,82.78545379638672,66.49388885498047,41.21321105957031,33.08304214477539,127.02330017089844,104.198974609375,39.5620346069336,33.39942932128906,86.3713607788086,28.618431091308597,434.67584228515625
2023-09-05,64.86078643798828,82.84398651123047,65.92240905761719,41.43121719360352,32.7492561340332,125.71092987060548,102.44635772705078,38.83045196533203,33.0654296875,86.68017578125,28.179828643798828,432.7971801757813
2023-09-06,64.65776062011719,82.10723876953125,65.84867858886719,41.44938659667969,32.730186462402344,125.02621459960938,102.00582122802734,38.7454948425293,33.002235412597656,85.76351928710938,28.243793487548828,429.8876953125
2023-09-07,64.541748046875,82.3365478515625,66.00537109375,41.40851211547851,32.64435577392578,125.58731079101562,101.6706085205078,38.57086563110352,33.273048400878906,84.52333068847656,28.613859176635746,428.56787109375
2023-09-08,64.73512268066406,82.3365478515625,66.08831024169922,41.808197021484375,32.711116790771484,125.58731079101562,101.16302490234376,38.60862350463867,33.056396484375,84.69978332519531,28.86513900756836,429.2133483886719
2023-09-11,65.71154022216797,84.55171966552734,66.65979766845703,41.25862503051758,32.86370086669922,126.4526824951172,101.19176483154295,38.7738151550293,33.07445526123047,85.14097595214844,28.983922958374023,432.0361022949219
2023-09-12,65.02513122558594,83.78567504882812,66.08831024169922,42.230594635009766,33.08304214477539,126.29103088378906,100.82782745361328,38.68413162231445,33.07445526123047,83.59687805175781,29.02047538757324,429.6661376953125
2023-09-13,65.23782348632812,84.44926452636719,66.29109954833984,41.91266250610352,33.08304214477539,126.31002807617188,100.1574249267578,38.45758056640625,32.74045944213867,83.80766296386719,29.36769676208496,430.1670837402344
2023-09-14,66.14659118652344,85.27870178222656,66.96397399902344,42.40318298339844,33.388221740722656,126.70948028564452,101.14385986328124,39.0003662109375,33.33623504638672,84.41548156738281,29.79715919494629,433.876220703125
2023-09-15,65.26683044433594,83.81983184814453,66.41093444824219,41.79003143310547,33.21657180786133,125.71092987060548,100.55967712402344,38.56614303588867,33.20985412597656,82.79296112060547,29.669233322143555,428.6487121582031
2023-09-18,65.31333923339844,82.90825653076172,66.38774108886719,42.14415740966797,33.30756759643555,125.51995086669922,100.67121887207033,38.40584182739258,32.91960525512695,83.19085693359375,29.64712715148925,428.9001159667969
2023-09-19,65.36181640625,82.4927749633789,66.22998809814453,41.75067901611328,33.26925277709961,125.62498474121094,100.24810791015624,38.37264251708984,32.746726989746094,83.14665222167969,29.48591995239257,428.0106201171875
2023-09-20,64.47015380859375,81.67162322998047,66.294921875,41.36177062988281,33.03934860229492,125.63452911376952,99.85384368896484,37.969505310058594,32.81041717529297,81.83997344970703,29.51355743408203,424.0758361816406
2023-09-21,63.67540740966797,79.44274139404297,65.4411849975586,40.7944221496582,32.49332427978516,124.53640747070312,98.21910095214844,37.20594787597656,31.67306327819824,80.59222412109375,29.204975128173828,417.0664978027344
2023-09-22,63.59789276123047,78.66067504882812,65.08855438232422,40.8630485534668,32.2442512512207,124.27857971191406,97.88253784179688,37.16801452636719,31.45469284057617,80.76417541503906,29.149703979492188,416.1286926269531
2023-09-25,63.75294876098633,79.14457702636719,64.8565673828125,41.37549591064453,32.320892333984375,124.95657348632812,98.37296295166016,37.4620475769043,31.40009880065918,81.0245132446289,29.10825538635254,417.8786010742187
2023-09-26,63.04546737670898,77.70265197753906,64.37401580810547,41.1375732421875,31.88981437683105,123.8966293334961,96.8728485107422,36.92139053344727,30.84507369995117,79.56554412841797,28.237768173217773,411.7394409179687
2023-09-27,63.21022415161133,77.40449523925781,63.84506988525391,42.16246795654297,31.8419189453125,123.2759780883789,97.59406280517578,36.91665649414063,30.57210350036621,79.68834686279297,27.694292068481445,411.9037170410156
2023-09-28,63.90803909301758,78.26964569091797,64.03995513916016,42.20822525024414,32.07182312011719,123.86798858642578,98.00755310058594,37.315032958984375,30.89056396484375,80.25326538085938,27.09554481506348,414.2917785644531
2023-09-29,63.54943084716797,78.68511962890625,63.854339599609375,41.35719680786133,31.774858474731445,122.93221282958984,97.48827362060548,37.25337600708008,30.999744415283203,80.52835845947266,27.141605377197266,413.2863464355469
2023-10-02,64.02433776855469,78.7486572265625,63.41818237304688,40.53361511230469,31.506637573242188,122.76031494140624,96.53628540039062,36.76015090942383,30.43562126159668,81.39293670654297,25.87963104248047,413.1219482421875
2023-10-03,63.16176223754883,76.8326187133789,62.96348571777344,40.50616836547851,31.00851058959961,121.6717529296875,95.86316680908205,36.660552978515625,29.88058853149414,80.0125732421875,26.178998947143555,407.5918884277344
2023-10-04,63.76266479492188,78.34786987304688,63.4645881652832,39.23419952392578,31.238414764404297,122.18738555908205,96.1708755493164,37.09212875366211,30.199052810668945,81.00978088378906,26.151371002197266,410.5599365234375
2023-10-05,63.67540740966797,77.95682525634766,62.2118034362793,38.99170303344727,31.38210868835449,122.85580444335938,95.60352325439452,36.64158248901367,30.41742515563965,81.11785125732422,25.99938201904297,410.4052734375
2023-10-06,64.84813690185547,78.50426483154297,61.86847686767578,39.22505569458008,31.650333404541016,124.14491271972656,96.91130065917967,36.987789154052734,30.53570938110352,82.63578033447266,26.36784172058105,415.2779235839844
2023-10-09,65.54595947265625,78.58735656738281,61.92414474487305,40.53361511230469,31.66948890686035,124.57461547851562,98.43065643310548,37.03520965576172,30.936058044433597,83.0631332397461,26.630369186401367,417.9366455078125
2023-10-10,65.92393493652344,79.44762420654297,62.55516815185547,40.58395004272461,31.899402618408203,125.16664123535156,99.02687072753906,37.428855895996094,31.045242309570312,83.19085693359375,26.99422073364257,420.1119079589844
2023-10-11,66.52482604980469,79.73112487792969,62.1282958984375,40.06235504150391,31.947290420532227,124.61280059814452,99.62306213378906,37.51896286010742,31.67306327819824,83.96210479736328,27.43176651000977,421.832763671875
2023-10-12,65.73979187011719,78.86107635498047,61.45085525512695,40.10810470581055,31.74612236022949,123.54332733154295,98.7191390991211,36.9593391418457,31.2545166015625,84.04071807861328,27.008031845092773,419.2611083984375
2023-10-13,65.00320434570312,77.70265197753906,61.98911285400391,40.99116134643555,31.813182830810547,124.31678009033205,97.84407806396484,36.82179641723633,31.245410919189453,82.83718872070312,27.312015533447266,417.1728210449219
2023-10-16,66.04993438720703,78.95882415771484,62.62940979003906,41.26568984985352,32.148460388183594,125.25259399414062,98.8826141357422,37.1822395324707,31.56388092041016,83.63298034667969,27.592967987060547,421.5620727539063
2023-10-17,66.28251647949219,79.14457702636719,62.89852523803711,41.695777893066406,32.301727294921875,125.08072662353516,99.1903305053711,37.54742050170898,31.40009880065918,83.24491119384766,27.51927757263184,421.5426940917969
2023-10-18,65.1388931274414,77.28717803955078,63.13051223754883,42.07552719116211,31.74612236022949,123.9921417236328,96.7959213256836,36.5751838684082,30.70858764648437,82.39015197753906,27.27977752685547,415.9256591796875
2023-10-19,65.07105255126953,75.31249237060547,62.66651916503906,42.00233840942383,31.324626922607425,122.76988220214844,95.90162658691406,36.148345947265625,29.953378677368164,81.9185562133789,27.008031845092773,412.2711791992187
2023-10-20,64.47015380859375,74.14427185058594,62.42524337768555,41.2977180480957,30.84566307067871,122.28287506103516,94.9111557006836,35.7120246887207,29.79869842529297,80.53327941894531,26.727088928222656,407.20513916015625
2023-10-23,64.80937957763672,74.23223876953125,62.30461120605469,40.62970733642578,30.654071807861328,121.51896667480467,94.46881866455078,35.31364440917969,29.54393577575684,80.62661743164062,26.50140380859375,406.4993896484375
2023-10-24,65.57502746582031,75.02408599853516,62.83356475830078,40.05778121948242,30.864824295043945,121.89136505126952,95.18040466308594,35.73099136352539,29.91698837280273,81.18170166015625,27.18305969238281,409.5641479492187
2023-10-25,62.735313415527344,73.50885772705078,63.04700469970703,39.98456954956055,30.74986457824707,120.80280303955078,93.95915222167967,35.31364440917969,29.28916549682617,80.22379302978516,27.335044860839844,403.6860046386719
2023-10-26,61.36876678466797,72.36019134521484,62.6386947631836,39.67344284057617,30.682811737060547,119.60919189453124,93.56491088867188,35.56025695800781,29.907886505126957,78.69115447998047,27.569936752319336,398.8520202636719
2023-10-27,61.145843505859375,73.11781311035156,61.784950256347656,38.72175598144531,30.1272087097168,117.58484649658205,92.7379150390625,35.5460319519043,29.434749603271484,79.14798736572266,27.049488067626957,397.0440673828125
2023-10-30,62.405792236328125,73.78746032714844,62.75004577636719,38.84986114501953,30.66364860534668,118.24369049072266,93.89186096191406,35.911216735839844,29.52573776245117,79.99783325195312,27.25674819946289,401.79107666015625
2023-10-31,62.72562789916992,74.34468078613281,62.97276306152344,38.97797775268555,30.998929977416992,118.92166900634766,94.58421325683594,36.07246017456055,30.117162704467773,80.56765747070312,27.491640090942383,404.3144836425781
2023-11-01,63.64635467529297,75.26360321044922,62.90779876708984,38.886474609375,31.20009994506836,119.1699447631836,94.89192962646484,36.0914306640625,30.271848678588867,82.12488555908203,27.80483055114746,408.6263427734375
2023-11-02,64.48954772949219,77.22853088378906,63.72441482543945,40.06235504150391,31.937705993652344,121.06061553955078,96.843994140625,36.7885971069336,31.20901870727539,83.51509094238281,28.325273513793945,416.4573974609375
2023-11-03,65.47811889648438,78.31364440917969,63.79866790771485,39.65970993041992,32.35920333862305,121.66220092773438,97.69983673095705,37.3671989440918,31.946025848388672,84.37474060058594,28.49108505249023,420.2569274902344
2023-11-06,65.30365753173828,78.4113998413086,63.9007453918457,39.21132278442383,32.26341247558594,122.47384643554688,97.44021606445312,37.1822395324707,31.509275436401367,84.92984008789062,28.41739082336425,421.22369384765625
2023-11-07,65.6525650024414,79.28633117675781,64.05850219726562,38.34199523925781,32.215511322021484,122.55979919433594,97.19979095458984,36.46135330200195,31.245410919189453,85.85828399658203,28.210132598876957,422.4225463867187
2023-11-08,65.34241485595703,79.0761489868164,63.80793762207031,37.861572265625,32.25383377075195,122.38793182373048,97.42096710205078,36.5751838684082,31.42739486694336,86.34461212158203,28.00287818908691,422.7319030761719
2023-11-09,65.32304382324219,77.60000610351562,63.5481071472168,37.74718475341797,32.11972427368164,119.85746002197266,97.20941162109376,36.26217269897461,30.945158004760746,85.9417953491211,27.634416580200195,419.4351196289063
2023-11-10,66.36006927490234,78.8904037475586,63.99354553222656,38.16355895996094,32.48373794555664,120.5736312866211,98.61336517333984,36.68899917602539,31.290904998779297,88.18673706054688,27.781801223754883,425.9802856445313
2023-11-13,66.21468353271484,79.2276840209961,64.19769287109375,38.43807601928711,32.43584060668945,121.27071380615234,98.6999053955078,36.636837005615234,31.02704620361328,87.67094421386719,27.45018768310547,425.5743103027344
2023-11-14,67.29048919677734,81.89646911621094,64.8565673828125,38.78123474121094,33.048919677734375,122.0918960571289,100.68083190917967,37.71815490722656,32.70123672485352,89.42465209960938,28.54635429382324,433.830810546875
2023-11-15,67.62000274658203,81.99422454833984,65.37622833251953,38.70802688598633,33.230926513671875,122.18738555908205,100.8923797607422,37.88414764404297,32.774024963378906,89.53764343261719,28.45884323120117,434.7491760253906
2023-11-16,67.92045593261719,81.15349578857422,64.56888580322266,37.95308303833008,33.365047454833984,122.71257781982422,100.91162109375,37.99797439575195,32.76491928100586,89.98466491699219,28.6108341217041,435.2809448242187
2023-11-17,67.91075897216797,81.69605255126953,64.48535919189453,38.749210357666016,33.5374755859375,122.46430206298828,101.5558853149414,38.06910705566406,32.7285270690918,89.79800415039062,28.68913078308105,435.82232666015625
2023-11-20,68.6764144897461,82.11640930175781,64.43896484375,38.80411529541016,33.67158126831055,123.20911407470705,101.8636245727539,38.1355094909668,32.98329544067383,91.09976196289062,28.601619720458984,439.1771240234375
2023-11-21,68.44380187988281,81.90624237060547,64.63383483886719,38.71717834472656,33.65243148803711,123.95391845703124,101.78667449951172,38.28253555297851,32.819522857666016,90.3629150390625,28.6614990234375,438.219970703125
2023-11-22,69.00594329833984,82.15552520751953,65.09784698486328,38.698875427246094,33.786529541015625,124.5459442138672,102.0078582763672,38.306243896484375,32.91960525512695,90.76573944091795,28.799671173095703,439.9118957519531
2023-11-24,68.77332305908203,82.23371887207031,65.33909606933594,38.8590202331543,33.89191436767578,125.21439361572266,102.25787353515624,38.47224044799805,33.04698181152344,90.58889770507812,28.87335968017578,440.1825256347656
2023-11-27,68.34689331054688,82.3656997680664,65.15351867675781,38.72175598144531,33.77695846557617,124.43136596679688,101.68090057373048,38.42480850219727,33.1652717590332,90.58396911621094,28.91942024230957,439.389892578125
2023-11-28,68.51165771484375,82.8398208618164,65.4504623413086,38.73090744018555,33.767372131347656,123.7916030883789,101.44050598144533,38.50068664550781,33.347251892089844,90.7559051513672,29.011533737182617,439.8248901367187
2023-11-29,68.01737213134766,82.6149673461914,64.9215087890625,38.442649841308594,34.006866455078125,123.8297882080078,101.82516479492188,38.69988632202149,33.60201644897461,90.8246841430664,28.78124237060547,439.5155029296875
2023-11-30,67.62000274658203,82.49767303466797,65.57112121582031,38.698875427246094,34.39004135131836,125.38628387451172,102.94062042236328,39.08403396606445,33.87498092651367,90.95731353759766,28.90559959411621,441.24603271484375
2023-12-01,67.75569152832031,83.62676239013672,65.84021759033203,38.90019607543945,34.648677825927734,125.8828125,104.56573486328124,39.52983474731445,34.584693908691406,91.16363525390624,29.26024436950684,443.85650634765625
2023-12-04,67.0772705078125,83.30905151367188,65.92372131347656,38.72175598144531,34.6103630065918,126.1215362548828,104.73883056640624,39.06979751586914,34.77577209472656,90.05343627929688,29.145095825195312,441.52642822265625
2023-12-05,66.76712799072266,83.45569610595703,65.40406799316406,38.04460144042969,34.43793869018555,125.9591827392578,103.89263153076172,38.53388977050781,34.63018798828125,90.59378814697266,28.93784523010254,441.439453125
2023-12-06,66.5926742553711,83.577880859375,65.2370376586914,37.477237701416016,34.265506744384766,126.0546646118164,104.35419464111328,38.45326614379883,34.51190948486328,89.82746887207031,29.324722290039062,439.66058349609375
2023-12-07,67.9883041381836,84.26709747314453,65.51541900634766,37.22101593017578,34.4283561706543,125.90190887451172,104.45036315917967,38.71410751342773,34.55739212036133,90.91802215576172,29.26024436950684,443.0153503417969
2023-12-08,68.30812072753906,84.65322875976562,65.06072235107422,37.623653411865234,34.6103630065918,126.11196899414062,104.77730560302734,38.856388092041016,34.4846076965332,91.69416809082033,29.204975128173828,444.919921875
2023-12-11,67.78477478027344,84.87805938720703,65.6824722290039,37.669410705566406,34.82110595703125,126.9427261352539,105.77737426757812,39.13146209716797,34.60289001464844,92.49488830566406,29.393808364868164,446.6505126953125
2023-12-12,68.06584167480469,85.14200592041016,65.8958969116211,37.15237808227539,35.07017135620117,127.4870147705078,106.2581787109375,39.35910415649414,34.59378433227539,93.10891723632812,29.274057388305664,448.6904296875
2023-12-13,68.70548248291016,86.2564468383789,67.09298706054688,37.669410705566406,35.63535690307617,129.83604431152344,107.44097137451172,39.83810806274414,35.84942626953125,93.92930603027344,30.379440307617188,454.8779296875
2023-12-14,69.00594329833984,87.41487121582031,66.10932159423828,38.77666091918945,35.989803314208984,129.205810546875,108.82569122314452,40.49734878540039,36.84120941162109,93.69841003417967,29.98334503173828,456.3377685546875
2023-12-15,68.83148956298828,87.59573364257812,66.10932159423828,38.570762634277344,35.779052734375,128.10768127441406,108.68144989013672,40.39299774169922,36.395355224609375,94.16999053955078,29.4628963470459,455.58642578125
2023-12-18,69.68063354492188,88.13924407958984,66.79750061035156,38.88580703735352,35.89842224121094,128.31678771972656,108.67660522460938,40.45556640625,36.29512786865234,94.4516143798828,29.396411895751957,458.1491394042969
2023-12-19,70.38986206054688,88.82967376708984,66.92842102050781,39.35235977172851,36.1679801940918,129.1800537109375,109.51778411865234,40.82807540893555,36.54340744018555,94.8110122680664,29.563777923583984,460.9350280761719
2023-12-20,69.84580993652344,87.20890045166016,65.62873077392578,38.98743438720703,35.52297592163086,127.30967712402344,107.74840545654295,40.20245361328125,36.08363342285156,93.37834930419922,28.96404457092285,454.5477600097656
2023-12-21,70.53561401367188,88.53588104248047,66.08688354492188,39.139869689941406,35.86954116821289,128.863525390625,108.86031341552734,40.62749099731445,36.3870849609375,94.42699432373048,29.01518440246582,458.8577270507813
2023-12-22,70.54532623291016,87.88462829589844,66.591796875,39.25535583496094,35.946556091308594,129.50613403320312,109.3824234008789,40.88061141967773,36.53421401977539,94.5500717163086,29.112815856933597,459.7799377441406
2023-12-26,70.8173599243164,88.25677490234375,66.87229919433594,39.592567443847656,36.090965270996094,129.7938995361328,110.15593719482422,41.0716438293457,36.80088424682617,94.94391632080078,29.289480209350582,461.7213439941406
2023-12-27,70.82707977294922,88.56035614013672,67.18086242675781,39.41703796386719,36.20648193359375,130.34063720703125,110.3202896118164,41.17193222045898,37.01238250732422,94.9390106201172,29.270885467529297,462.5562133789063
2023-12-28,71.02140045166016,88.1000747680664,67.20890045166016,38.8165168762207,36.3123779296875,130.6763458251953,110.34930419921876,41.01432418823242,37.24227523803711,95.05225372314452,29.48009490966797,462.7309265136719
2023-12-29,70.59391021728516,87.55656433105469,67.34915924072266,38.7287483215332,36.19684982299805,130.8106231689453,110.21394348144533,40.85195159912109,36.83766555786133,94.7617645263672,29.44290351867676,461.3912658691406
2024-01-02,70.195556640625,86.74371337890625,68.10652160644531,39.14448928833008,36.35088348388672,133.11257934570312,109.10203552246094,40.78032302856445,37.17790985107422,92.2804946899414,29.87062263488769,458.8092346191406
2024-01-03,69.93321990966797,84.99072265625,67.57355499267578,39.781959533691406,36.04281997680664,132.8920135498047,107.47769927978516,40.340938568115234,36.29512786865234,91.34014892578124,29.982202529907227,455.0622253417969
2024-01-04,69.70006561279297,84.39334106445312,67.48005676269531,39.08443832397461,36.187232971191406,133.55381774902344,107.61304473876952,40.21199035644531,36.20317459106445,90.67057800292967,29.88921546936035,453.5964660644531
2024-01-05,69.99152374267578,84.52554321289062,67.33047485351562,39.11677169799805,36.34126281738281,133.43875122070312,107.73873901367188,40.27885818481445,36.12961196899414,90.64596557617188,30.000795364379883,454.2177429199219
2024-01-08,71.0796890258789,85.96515655517578,67.82601928710938,38.66407775878906,36.57230758666992,134.6184844970703,108.44456481933594,40.45078659057617,36.62617492675781,92.92050170898438,30.21931266784668,460.7021179199219
2024-01-09,70.93394470214844,85.6468734741211,68.00367736816406,38.04508590698242,36.34126281738281,134.5993194580078,108.1061553955078,39.98752975463867,36.368690490722656,93.06818389892578,29.972904205322266,460.003173828125
2024-01-10,71.59461975097656,86.33238983154297,67.8634262084961,37.67091751098633,36.399017333984375,135.21316528320312,108.6572723388672,39.93500900268555,36.42386245727539,93.86080169677734,29.96825408935547,462.604736328125
2024-01-11,71.3614273071289,86.21976470947266,67.85406494140625,37.76792526245117,36.26424789428711,135.11724853515625,108.4058837890625,39.81561279296875,36.08363342285156,94.33837127685548,29.270885467529297,462.4009094238281
2024-01-12,71.71119689941406,85.18170166015625,68.06912994384766,38.19290542602539,36.19684982299805,134.7815704345703,108.3962173461914,39.853816986083984,36.359500885009766,94.64361572265624,29.438255310058597,462.7211608886719
2024-01-16,71.30313110351562,85.0837631225586,67.69512939453125,37.28288650512695,35.946556091308594,133.975830078125,107.30364990234376,39.39534378051758,36.1388053894043,94.87992095947266,29.11746597290039,461.0224609375
2024-01-17,70.8659439086914,84.3394775390625,67.64835357666016,36.973392486572266,35.879173278808594,133.70726013183594,106.57849884033205,39.10880279541016,35.47672271728516,94.4122314453125,28.694393157958984,458.4597778320313
2024-01-18,71.73062133789062,84.8193359375,67.564208984375,36.9133415222168,35.93693542480469,133.68807983398438,108.01913452148438,39.23296356201172,35.246829986572266,96.3273468017578,28.38755416870117,462.5367126464844
2024-01-19,72.70219421386719,85.63706970214844,67.36786651611328,37.0334358215332,36.5145378112793,133.76483154296875,108.72496032714844,39.27117538452149,35.58707046508789,98.5477066040039,28.350360870361328,468.3028259277344
2024-01-22,72.84793090820312,85.2600326538086,67.04061126708984,37.17202377319336,36.68782424926758,134.34991455078125,109.5661392211914,39.38579177856445,35.752593994140625,98.98094940185548,28.20623588562012,469.2929382324219
2024-01-23,73.56690216064453,85.05438232421875,67.7699203491211,37.25054931640625,36.745582580566406,134.25399780273438,109.47911834716795,39.51472854614258,35.559478759765625,99.37973022460938,28.257373809814453,470.6615905761719
2024-01-24,74.0235366821289,84.73119354248047,66.93775939941406,37.781776428222656,36.889984130859375,133.02627563476562,108.80230712890624,38.97985076904297,35.07210922241211,100.06405639648438,27.87150382995605,471.1761779785156
2024-01-25,75.22826385498047,83.6833267211914,67.58292388916016,38.63174057006836,37.07289505004883,132.82484436035156,109.84652709960938,39.39056396484375,35.55028533935547,100.48252868652344,28.37360382080078,473.7388305664063
2024-01-26,75.47115325927734,84.06525421142578,67.91015625,38.91813659667969,37.20767593383789,133.58261108398438,109.67249298095705,39.40489959716797,35.39396286010742,99.32557678222656,28.457290649414062,473.1369934082031
2024-01-29,76.10267639160156,85.29431915283203,68.3028793334961,38.86270904541016,37.30393981933594,134.52256774902344,110.38796997070312,39.600704193115234,35.65143203735352,100.23636627197266,28.63860511779785,476.8839416503906
2024-01-30,75.58775329589844,85.24534606933594,68.68623352050781,39.26459503173828,37.77565383911133,134.8295135498047,110.4266586303711,39.78217697143555,35.32039260864258,99.40927124023438,28.629308700561523,476.51507568359375
2024-01-31,73.72232818603516,83.69310760498047,68.18133544921875,38.53011322021485,37.313568115234375,134.64727783203125,109.15037536621094,39.26161575317383,35.06291580200195,97.3218231201172,28.568866729736328,468.7396545410156
2024-02-01,74.48016357421875,85.3041000366211,69.57450866699219,38.5255012512207,37.3713264465332,136.3929443359375,111.00678253173828,39.91590118408203,35.67901992797852,98.5477066040039,29.112815856933597,474.8746032714844
2024-02-02,77.47257232666016,86.82697296142578,69.35009002685547,38.58092880249024,37.52535629272461,136.19151306152344,111.75127410888672,39.68188095092773,35.22843933105469,99.56681060791016,28.587465286254883,479.873779296875
2024-02-05,76.38442993164062,85.6028060913086,68.91999816894531,38.483917236328125,37.30393981933594,136.613525390625,111.14212799072266,38.6742057800293,34.529571533203125,99.79327392578124,27.992374420166016,478.1265258789063
2024-02-06,76.15125274658203,86.12185668945312,69.07894134521484,38.608642578125,37.38096237182617,138.10025024414062,112.13803100585938,39.35713577270508,35.05372619628906,99.3354263305664,28.09465980529785,479.51458740234375
2024-02-07,76.53987884521484,87.08648681640625,69.01348876953125,38.68717575073242,37.660133361816406,138.4742889404297,112.8825225830078,39.67233657836914,35.03532791137695,100.64991760253906,28.113252639770508,483.5139465332031
2024-02-08,76.83135986328125,87.46841430664062,68.99479675292969,39.08443832397461,37.515724182128906,138.23451232910156,112.90185546875,39.61980056762695,35.22843933105469,100.96500396728516,27.9133415222168,483.7275085449219
2024-02-09,76.91878509521484,88.09028625488281,68.35897827148438,38.483917236328125,37.62162399291992,138.12901306152344,113.0758819580078,39.70576477050781,35.32039260864258,102.32380676269533,28.02027130126953,486.523193359375
2024-02-12,77.16166687011719,88.016845703125,68.8451919555664,38.90890502929688,37.79490280151367,138.31126403808594,113.2402572631836,40.02097702026367,35.21004867553711,101.54593658447266,28.3457088470459,486.30963134765625
2024-02-13,76.07353973388672,86.26383972167969,68.10652160644531,38.51625061035156,37.28468704223633,137.02598571777344,112.08000946044922,39.45742416381836,34.56635284423828,99.82281494140624,27.87614631652832,479.6116638183594
2024-02-14,77.28797149658203,87.17462158203125,67.97561645507812,38.47930145263672,37.6408805847168,138.2153778076172,113.95575714111328,39.710540771484375,34.796234130859375,100.86654663085938,28.02956962585449,483.97021484375
2024-02-15,77.91949462890625,88.1833267211914,68.41506958007812,39.55099105834961,38.28586959838867,139.22247314453125,114.8065948486328,40.4603385925293,35.63304138183594,100.65483856201172,28.49913215637207,487.3094482421875
2024-02-16,76.70504760742188,87.65939331054688,68.51793670654297,39.52790069580078,38.15109634399414,139.67327880859375,114.12010192871094,40.67524719238281,35.26521682739258,99.72927856445312,28.466583251953125,484.8826904296875
2024-02-20,76.58846282958984,86.83184814453125,69.2378921508789,39.16758728027344,38.04520797729492,139.20327758789062,113.76237487792967,40.58927917480469,35.21004867553711,98.7151107788086,28.447986602783203,482.2132263183594
2024-02-21,76.50100708007812,87.47331237792969,69.49034881591797,39.90206146240234,38.16072845458984,139.51022338867188,114.21678924560548,40.81373977661133,35.467525482177734,98.09477996826172,28.82457160949707,482.6500244140625
2024-02-22,77.6474609375,89.17243194580078,69.70539855957031,39.97135543823242,38.60356521606445,141.15036010742188,115.6284408569336,41.22445297241211,35.559478759765625,101.30470275878906,28.60141372680664,492.6387023925781
2024-02-23,77.45315551757812,88.77091217041016,69.92045593261719,39.70804977416992,38.79609680175781,141.82179260253906,116.2375717163086,41.46802520751953,35.6054573059082,101.0683822631836,28.80597305297852,492.9784851074219
2024-02-26,76.32613372802734,89.0451431274414,69.63994598388672,39.84663391113281,38.60356521606445,141.09283447265625,116.06353759765624,41.219688415527344,35.20085525512695,101.16685485839844,28.2387809753418,491.17291259765625
2024-02-27,76.94794464111328,89.33892822265625,69.64930725097656,39.67571258544922,38.70945739746094,140.74754333496094,116.2375717163086,41.37250900268555,35.22843933105469,101.25547790527344,28.77342987060547,492.0853576660156
2024-02-28,76.42330169677734,89.69148254394531,69.72410583496094,39.59719467163086,38.85386276245117,140.04734802246094,116.63397979736328,41.501461029052734,35.67901992797852,100.77790832519533,28.86176490783691,491.4350280761719
2024-02-29,77.10338592529297,90.29867553710938,69.61189270019531,39.79119491577149,38.83460235595703,138.9059600830078,116.99172973632812,41.816654205322266,35.964088439941406,101.9004135131836,28.871057510375977,493.2017211914063
2024-03-01,77.74461364746094,90.59735107421876,69.62124633789062,40.25313568115234,38.78647232055664,140.3638458251953,117.49449920654295,42.007694244384766,36.359500885009766,103.7613754272461,28.694393157958984,497.83197021484375
2024-03-04,76.72447967529297,89.3731918334961,69.6773452758789,39.82353210449219,38.88273239135742,140.15284729003906,117.919921875,42.31333541870117,36.77330780029297,103.7613754272461,29.17790031433105,497.2981262207031
2024-03-05,76.10267639160156,88.26168060302734,69.84566497802734,40.11918258666992,38.89236831665039,139.10736083984375,116.95304107666016,42.08887100219727,36.3043212890625,101.21116638183594,29.094219207763672,492.3280029296875
2024-03-06,76.20955657958984,87.94828796386719,70.43472290039062,40.24390411376953,39.09452819824219,140.0569305419922,117.56217956542967,42.3993034362793,36.506629943847656,102.0136489868164,29.37316513061523,494.8228149414063
2024-03-07,77.44343566894531,88.61913299560547,70.83677673339844,40.585731506347656,39.036766052246094,140.7091827392578,118.50971221923828,42.919864654541016,36.506629943847656,103.62353515625,29.563777923583984,499.734619140625
2024-03-08,77.32684326171875,88.29105377197266,70.27577209472656,40.72893524169922,39.10415649414063,140.4501953125,118.24867248535156,42.67152404785156,36.93882751464844,102.08257293701172,29.638164520263672,496.735107421875
2024-03-11,77.18111419677734,88.05111694335938,70.65912628173828,41.14929962158203,39.17153930664063,140.3734588623047,117.6395263671875,43.15387344360352,36.75490951538086,101.80194091796876,29.78693962097168,496.3080139160156
2024-03-12,77.8612060546875,88.81008911132812,71.02378845214844,41.08462524414063,39.33520126342773,141.02569580078125,118.1616439819336,43.14909362792969,36.6629524230957,103.8893814086914,29.49869155883789,501.64691162109375
2024-03-13,77.99723052978516,88.6240234375,71.20142364501953,41.74057769775391,39.62400436401367,140.47897338867188,118.48069763183594,43.57413864135742,36.433067321777344,102.76689910888672,29.6986083984375,500.8606262207031
2024-03-14,77.8126220703125,88.06090545654297,70.64977264404297,42.17017364501953,39.30632400512695,139.98019409179688,117.97793579101562,43.34490203857422,35.918113708496094,102.7865982055664,29.461502075195312,499.87054443359375
2024-03-15,77.03536987304688,87.18441772460938,70.6217269897461,42.29489517211914,39.26780700683594,139.4238739013672,117.9972686767578,43.364017486572266,35.89971923828125,101.23577117919922,29.50334358215332,496.4381103515625
2024-03-18,78.61747741699219,87.850341796875,71.07571411132812,42.44110870361328,39.49296569824219,139.4075164794922,118.20675659179688,43.443092346191406,35.8941650390625,101.7333526611328,29.639280319213867,499.3885192871094
2024-03-19,78.58824920654297,88.6109619140625,71.33943939208984,42.925411224365234,39.68621826171875,140.33164978027344,119.22512817382812,43.44788360595703,35.8941650390625,102.2610092163086,29.901784896850582,502.1637268066406
2024-03-20,79.51373291015625,89.93101501464844,71.55609130859375,42.864871978759766,40.15970993041992,140.0139923095703,120.66053009033205,43.8840446472168,36.04229736328125,103.4050750732422,29.939281463623047,506.8084106445313
2024-03-21,79.54295349121094,90.45609283447266,71.59376525878906,43.12099075317383,40.48825454711914,140.19686889648438,121.85345458984376,44.06617736816406,36.1811637878418,103.47904205322266,29.89240837097168,508.4832458496094
2024-03-22,79.70856475830078,89.66602325439453,71.24526977539062,43.027862548828125,40.0244255065918,140.0043487548828,121.43640899658205,43.79297637939453,35.75529098510742,103.51356506347656,29.934593200683597,507.5192260742187
2024-03-25,79.435791015625,89.37159729003906,71.04745483398438,43.42833709716797,39.86981964111328,139.81182861328125,120.65081787109376,43.807350158691406,35.61641311645508,102.828125,30.075225830078125,506.11712646484375
2024-03-26,79.27017211914062,89.4844741821289,71.08512878417969,43.093048095703125,40.00510787963867,140.32203674316406,120.21437072753906,43.773807525634766,35.468284606933594,102.40402221679688,29.733034133911133,505.1822509765625
2024-03-27,79.67933654785156,90.51990509033205,71.8292236328125,43.493534088134766,40.47859573364258,142.18951416015625,122.1444091796875,44.40167236328125,36.366329193115234,102.9267349243164,30.562725067138672,509.427734375
2024-03-28,79.55268859863281,90.24018096923828,71.92341613769531,43.9638557434082,40.70084381103515,142.2087860107422,122.16380310058594,44.52150344848633,36.597782135009766,102.70482635498048,30.77366065979004,509.3303527832031
2024-04-01,80.16645050048828,89.56787109375,71.34886169433594,44.289825439453125,40.47859573364258,140.9958953857422,121.2230224609375,44.41605758666992,35.95896530151367,102.99085235595705,30.58616065979004,508.444091796875
2024-04-02,80.03980255126953,88.24783325195312,70.98153686523438,44.9091682434082,40.26601028442383,138.8010711669922,120.66053009033205,44.25309753417969,35.56086730957031,101.99964141845705,30.637725830078125,505.2115173339844
2024-04-03,80.67301177978516,88.31161499023438,70.19975280761719,45.21649932861328,40.24668502807617,138.6470489501953,121.28123474121094,44.51670455932617,35.57938003540039,102.2708740234375,30.515851974487305,505.7664489746094
2024-04-04,79.58192443847656,87.27618408203125,69.89833068847656,45.18856430053711,39.792518615722656,136.644775390625,120.21437072753906,44.06617736816406,35.301631927490234,100.65338897705078,30.454910278320312,499.5930480957031
2024-04-05,80.39051055908203,87.76200103759766,70.01136779785156,45.6728630065918,40.169376373291016,137.86732482910156,121.8825454711914,44.463985443115234,35.5330924987793,101.80731964111328,30.54397964477539,504.8122253417969
2024-04-08,80.4002456665039,88.59622192382812,69.90774536132812,45.38414764404297,40.34331512451172,137.42453002929688,121.6691665649414,44.49753952026367,35.8386116027832,101.68898010253906,30.74553871154785,505.0946044921875
2024-04-09,80.4879379272461,89.01336669921875,70.2468490600586,45.39811325073242,40.11139678955078,137.9154510498047,121.3879165649414,44.60298538208008,36.29227066040039,102.20184326171876,30.914287567138672,505.6788330078125
2024-04-10,79.85469818115234,87.63932800292969,69.99252319335938,45.537818908691406,39.51227951049805,136.29823303222656,120.35015869140624,43.90800476074219,34.80168914794922,100.94927215576172,30.38460159301757,500.6153869628906
2024-04-11,80.55612182617188,88.3459701538086,69.8229751586914,45.505218505859375,39.232059478759766,135.73992919921875,120.48595428466795,43.87445068359375,34.838722229003906,102.9661865234375,30.32366371154785,504.39349365234375
2024-04-12,79.2312240600586,86.91304016113281,69.1165542602539,44.76480484008789,38.71025466918945,133.71841430664062,119.1960220336914,43.09799957275391,34.47765350341797,101.29939270019533,30.093971252441406,497.4313354492187
2024-04-15,78.22779846191406,85.46539306640625,68.83399963378906,44.34570693969727,38.51698684692383,133.4488983154297,118.34253692626952,42.891902923583984,33.87586975097656,99.37618255615234,29.81740379333496,491.1994934082031
2024-04-16,77.96475982666016,84.97956848144531,68.86225128173828,43.95919799804688,38.25608825683594,133.49697875976562,118.07098388671876,42.56119918823242,33.35740661621094,99.49452209472656,29.42365264892578,490.3036193847656
2024-04-17,77.89656066894531,84.56735229492188,69.1165542602539,43.83346557617188,38.35271835327149,133.26596069335938,117.45997619628906,42.65705108642578,33.07965850830078,98.05950164794922,30.0377197265625,487.4018859863281
2024-04-18,78.27649688720703,84.04227447509766,69.43681335449219,43.69842147827149,38.48801040649414,133.25634765625,117.05262756347656,42.67142868041992,33.08892059326172,96.94010162353516,30.206470489501957,486.3989868164063
2024-04-19,77.41920471191406,83.3061752319336,70.1149673461914,44.2246322631836,39.01946640014648,133.7569122314453,116.83927917480467,42.63788604736328,33.218536376953125,94.9429168701172,30.67053604125977,482.1535034179687
2024-04-22,77.52637481689453,83.6742172241211,70.78372955322266,44.51334381103515,39.49296569824219,134.26708984375,117.72183227539062,42.68102264404297,33.487022399902344,95.79110717773438,30.95178985595703,486.5936584472656
2024-04-23,78.70513916015625,84.67041778564453,70.98153686523438,44.76015472412109,39.74420547485352,136.0190887451172,119.36090087890624,42.31195831298828,33.79254150390625,97.21131896972656,31.097103118896484,492.367919921875
2024-04-24,78.75384521484375,85.48011016845703,71.51841735839844,44.792747497558594,39.73454284667969,135.5955352783203,118.41043090820312,42.34071350097656,33.92215347290039,97.6551513671875,31.28460121154785,492.1342468261719
2024-04-25,75.94817352294922,85.5537109375,71.34886169433594,44.99763870239258,39.50262451171875,134.69065856933594,118.769287109375,42.642669677734375,33.72773742675781,97.4430923461914,31.36897850036621,490.2646789550781
2024-04-26,78.04269409179688,86.32417297363281,71.19815063476562,44.58319854736328,39.44464874267578,134.7291717529297,118.9632568359375,42.90628433227539,33.75550842285156,98.54278564453124,31.02679252624512,494.9093627929687
2024-04-29,77.13670349121094,88.33123779296875,71.4242172241211,44.88588333129883,39.38666534423828,135.1815948486328,119.75853729248048,43.26575469970703,34.13509750366211,98.96688079833984,31.44866752624512,496.6620788574219
2024-04-30,75.85075378417969,86.18183898925781,71.11339569091797,43.549407958984375,39.00014877319336,135.0853271484375,117.85761260986328,42.479713439941406,33.50553894042969,96.7872314453125,31.28460121154785,488.7943115234375
2024-05-01,76.55218505859375,85.64205169677734,70.66128540039062,42.855560302734375,39.00014877319336,135.32595825195312,117.566650390625,42.700191497802734,33.524051666259766,95.79601287841795,31.645544052124023,487.2071533203125
2024-05-02,77.3218002319336,86.72164916992188,71.25467681884766,43.10235977172851,39.096778869628906,135.22970581054688,118.2455596923828,42.479713439941406,34.0054817199707,97.1768035888672,31.81430053710937,491.76416015625
2024-05-03,78.1401138305664,87.30562591552734,71.47132110595703,43.10702133178711,39.18374252319336,135.566650390625,119.06993103027344,42.91107940673828,34.27397155761719,99.88409423828124,32.06742477416992,497.8597717285156
2024-05-06,79.2020034790039,88.23799896240234,71.50898742675781,43.44696807861328,39.68621826171875,136.1153106689453,120.27256774902344,43.16989517211914,34.283226013183594,101.05775451660156,32.23149490356445,503.0011901855469
2024-05-07,79.28966522216797,87.60496520996094,72.290771484375,43.405052185058594,39.821510314941406,137.24163818359375,120.60231018066406,43.6827392578125,34.6442985534668,100.72735595703124,32.597110748291016,503.5561218261719
2024-05-08,79.16301727294922,87.27618408203125,72.07411193847656,43.35382843017578,39.96645736694336,136.7699432373047,120.60231018066406,43.4814338684082,34.32025909423828,101.01337432861328,32.93929672241211,503.6047973632813
2024-05-09,79.56243896484375,87.8699722290039,72.69579315185547,43.93590927124024,40.26601028442383,137.9443359375,121.80493927001952,43.96552276611328,35.134986877441406,100.98379516601562,33.44087219238281,506.5065002441406
2024-05-10,79.67933654785156,87.39886474609375,73.11022186279297,43.69376373291016,40.42062377929688,138.22348022460938,121.8922348022461,44.01824188232422,35.005367279052734,101.35856628417967,33.408058166503906,507.1590270996094
2024-05-13,79.53321075439453,87.28598022460938,72.90300750732422,43.57735061645508,40.256343841552734,138.0887451171875,121.37820434570312,43.98948669433594,35.09795379638672,101.83690643310548,33.408058166503906,507.2270812988281
2024-05-14,79.89366912841797,87.68347930908203,72.76171112060547,43.63322830200195,40.459266662597656,138.6759033203125,121.34910583496094,44.03261947631836,35.347923278808594,102.73934173583984,33.49711990356445,509.5543212890625
2024-05-15,80.4002456665039,87.81597900390625,72.80880737304688,43.73102188110352,40.75882339477539,140.7359619140625,122.1444091796875,44.10931015014648,35.94971466064453,105.0521240234375,33.99869155883789,515.8641357421875
2024-05-16,80.34180450439453,87.2467269897461,73.84489440917969,43.60994720458984,40.75882339477539,140.57229614257812,121.41700744628906,43.79297637939453,35.88490295410156,104.6872100830078,33.881500244140625,514.8026733398438
2024-05-17,80.47819519042969,87.69329071044922,73.66593170166016,44.219970703125,41.05838394165039,140.84185791015625,121.55279541015624,44.16682815551758,35.88490295410156,104.45545196533205,33.90962600708008,515.5428466796875
2024-05-20,80.71199798583984,87.04063415527344,73.15731811523438,43.931251525878906,40.4979248046875,140.54342651367188,121.78556060791016,44.229129791259766,35.6627082824707,105.68334197998048,33.85337448120117,516.1366577148438
2024-05-21,80.60482025146484,87.60005950927734,73.59056854248047,43.71704864501953,40.75882339477539,140.78408813476562,121.3879165649414,44.229129791259766,35.63493728637695,105.85594177246094,34.15806198120117,517.4026489257812
2024-05-22,80.70223999023438,86.68729400634766,73.29859161376953,42.87884521484375,40.52690887451172,141.0343475341797,121.53338623046876,43.79776382446289,35.32940673828125,106.0926513671875,33.75493621826172,515.9127197265625
2024-05-23,79.78651428222656,85.28380584716797,72.43204498291016,42.48767852783203,39.96645736694336,139.49415588378906,120.09800720214844,43.4095458984375,34.579490661621094,105.22966003417967,33.18305969238281,512.14453125
2024-05-24,80.80941009521484,86.14258575439453,72.62042999267578,42.54822540283203,40.20802307128906,139.02249145507812,120.70901489257812,43.788185119628906,34.579490661621094,106.1173095703125,33.515869140625,515.532958984375
2024-05-28,80.94579315185547,85.93157958984375,72.05528259277344,42.98594665527344,39.76352310180664,137.33787536621094,119.2348175048828,43.62042617797851,34.37580490112305,106.56605529785156,33.48305892944336,515.893310546875
2024-05-29,80.51715850830078,85.36724853515625,71.53724670410156,42.22690582275391,39.44464874267578,136.26934814453125,117.54724884033205,42.99734878540039,34.05177307128906,105.89045715332033,33.05180358886719,512.28076171875
2024-05-30,80.25411987304688,85.87269592285156,71.72562408447266,42.34798431396485,39.65723419189453,136.3367462158203,118.3522491455078,43.34723663330078,34.542457580566406,103.47411346435548,33.49711990356445,508.8824768066406
2024-05-31,81.11141204833984,86.35360717773438,72.84648132324219,43.40039443969727,40.23701858520508,138.3293914794922,119.7876434326172,43.869659423828125,35.227569580078125,103.6368408203125,34.08774948120117,513.5175170898438
2024-06-03,81.4328842163086,86.31433868408203,72.81822967529297,42.26416015625,39.98577880859375,139.3016357421875,118.32315063476562,43.61084365844727,35.08869552612305,103.89820098876952,33.69868469238281,513.9361572265625
2024-06-04,81.74463653564453,86.40267944335938,73.44930267333984,41.859031677246094,39.80218124389648,139.7059326171875,118.0321807861328,43.12676239013672,35.4219856262207,104.1151885986328,33.684627532958984,514.5106811523438
2024-06-05,82.73831176757812,86.90814208984375,73.28917694091797,41.8543701171875,39.91813278198242,140.34127807617188,119.22512817382812,43.423919677734375,35.37569808959961,106.42798614501952,33.492431640625,520.625732421875
2024-06-06,82.78701782226562,87.54118347167969,73.51524353027344,42.07322692871094,39.89881134033203,140.80332946777344,118.51712036132812,43.47185134887695,35.43124771118164,106.07291412353516,33.14555740356445,520.6158447265625
2024-06-07,82.22198486328125,87.18293762207031,73.14790344238281,41.90559768676758,40.08240509033203,140.95736694335938,118.64320373535156,43.03569412231445,35.15350341796875,106.31948852539062,32.78461837768555,519.9830322265625
2024-06-10,82.42657470703125,87.462646484375,73.09137725830078,42.22224807739258,39.92779922485352,141.4771728515625,119.01174926757812,42.9925537109375,35.32940673828125,106.59069061279295,33.20649719238281,521.589599609375
2024-06-11,82.58244323730469,87.23200988769531,73.05370330810547,42.138427734375,39.47363662719727,140.88998413085938,118.33285522460938,42.97817993164063,35.21831512451172,108.57311248779295,33.00493621826172,522.845703125
2024-06-12,82.40708923339844,88.13986206054688,72.25309753417969,41.68672561645508,39.43498229980469,140.59156799316406,119.45789337158205,43.059661865234375,35.468284606933594,110.97466278076172,32.789302825927734,527.1399536132812
2024-06-13,81.69593048095703,88.20857238769531,72.3472671508789,41.30487823486328,39.40599060058594,140.47604370117188,118.69168853759766,43.0452766418457,35.64419174194336,111.8524398803711,32.86431121826172,528.2014770507812
2024-06-14,81.95895385742188,87.51173400878906,72.47913360595703,40.99753952026367,39.280372619628906,140.42791748046875,117.49877166748048,42.64746856689453,35.67196273803711,112.2716064453125,32.78461837768555,528.5226440429688
2024-06-17,82.34862518310547,89.04771423339844,73.16673278808594,41.10464477539063,39.62824630737305,140.2834930419922,118.7983856201172,42.96380233764648,35.48680114746094,113.97290802001952,32.423675537109375,532.7291259765625
2024-06-18,81.86152648925781,88.74837493896484,73.26092529296875,41.27694320678711,39.87948989868164,140.46641540527344,119.43849182128906,42.91587066650391,35.625675201416016,114.11592864990234,32.43772888183594,534.0826416015625
2024-06-20,82.21224975585938,88.8612289428711,73.10079193115234,42.03597640991211,40.09207534790039,140.928466796875,119.51607513427734,42.95900344848633,35.5330924987793,112.8337860107422,32.718990325927734,532.6318359375
2024-06-21,82.74806213378906,89.61205291748047,73.15731811523438,41.793827056884766,39.93746566772461,141.32313537597656,119.263916015625,42.96380233764648,35.625675201416016,112.63652801513672,32.52680587768555,531.917724609375
2024-06-24,83.02545928955078,89.22943878173828,73.9374008178711,42.84765625,40.34782791137695,142.14749145507812,119.77093505859376,43.24070739746094,35.86602783203125,109.87506866455078,32.954444885253906,530.1885986328125
2024-06-25,83.95338439941406,88.87044525146484,73.462890625,42.94623565673828,40.04708480834961,141.7029266357422,118.74908447265624,42.691707611083984,35.36099624633789,111.89059448242188,32.64257049560547,532.2303466796875
2024-06-26,83.9631576538086,90.1589126586914,73.31105041503906,42.52376937866211,39.79485321044922,141.20040893554688,118.4279327392578,42.66281509399414,35.314239501953125,111.76215362548828,32.50553512573242,532.89453125
2024-06-27,84.4417724609375,90.70970916748048,72.99787902832031,42.622344970703125,39.74634552001953,140.96849060058594,118.55445861816406,42.54241561889648,35.63221740722656,111.81649017333984,32.5622444152832,533.7347412109375
2024-06-28,83.67012786865234,89.70154571533203,72.67520904541016,42.78663635253906,39.88216400146485,140.85252380371094,118.60311126708984,42.52797317504883,35.92213821411133,111.7572021484375,32.19839859008789,531.6343994140625
2024-07-01,83.3184814453125,90.00646209716797,72.1627426147461,42.81011199951172,39.96947860717773,140.06008911132812,117.32823181152344,41.87303161621094,35.576107025146484,112.60194396972656,31.976301193237305,532.7283935546875
2024-07-02,84.06083679199219,91.75721740722656,72.66572570800781,42.77724075317383,40.43514251708984,139.54788208007812,117.97054290771484,41.9500846862793,35.72574234008789,113.16510009765624,32.14168167114258,536.3135986328125
2024-07-03,84.09013366699219,92.34243774414062,72.5423583984375,42.96500778198242,40.309024810791016,138.48484802246094,118.39875793457033,42.26310729980469,35.688331604003906,114.6915512084961,32.335426330566406,538.7070922851562
2024-07-05,85.72134399414062,93.0948715209961,73.4344253540039,42.29375457763672,40.29932022094727,139.5575408935547,117.97054290771484,42.33052444458008,35.81926345825195,115.04230499267578,32.39213180541992,541.8134765625
2024-07-08,84.94969177246094,93.1391372680664,73.32054138183594,42.03557968139648,40.19260787963867,139.40293884277344,118.11652374267578,42.45573806762695,35.9034309387207,115.8277587890625,32.42520523071289,542.4386596679688
2024-07-09,85.21342468261719,93.44895935058594,73.13072967529297,41.66474914550781,40.503055572509766,140.0793914794922,117.60072326660156,42.02231597900391,35.912784576416016,115.73390197753906,32.51971435546875,542.9661865234375
2024-07-10,85.75064086914062,94.15220642089844,73.45340728759766,41.94639587402344,40.65827560424805,141.4033966064453,118.65176391601562,42.58576202392578,36.1652946472168,117.4134750366211,32.82685852050781,548.3389282226562
2024-07-11,84.57850646972656,92.95716857910156,73.17818450927734,42.38294219970703,40.97841262817383,142.3987579345703,120.16022491455078,43.16847229003906,37.12858963012695,114.47418975830078,33.42697525024414,543.61083984375
2024-07-12,84.3050308227539,94.171875,73.50084686279297,42.490909576416016,41.11423110961914,143.287841796875,120.8511962890625,43.58262634277344,37.39980316162109,115.49677276611328,33.672691345214844,547.0396728515625
2024-07-15,84.60782623291016,94.0636978149414,73.07379913330078,43.13400268554688,41.71571731567383,142.78530883789062,121.71733856201172,43.47186279296875,37.55878829956055,115.70425415039062,32.85521697998047,548.5441284179688
2024-07-16,84.83248138427734,95.75051879882812,73.77606201171875,43.32645034790039,42.19108200073242,144.8244171142578,124.75370025634766,44.31462097167969,37.9141845703125,115.31893920898438,33.11037826538086,551.7969970703125
2024-07-17,83.55291748046875,94.15220642089844,74.72508239746094,43.75831604003906,42.511226654052734,145.48155212402344,123.15766143798828,44.223121643066406,38.250858306884766,110.83342742919922,33.12928009033203,544.0602416992188
2024-07-18,83.50407409667969,93.1932373046875,74.35497283935547,43.838111877441406,41.99705505371094,142.1764678955078,122.19419860839844,43.784889221191406,37.932884216308594,110.8433074951172,33.10093688964844,539.879150390625
2024-07-19,83.13290405273438,92.36209869384766,74.10821533203125,43.35931396484375,41.5702018737793,142.90127563476562,121.52268981933594,43.39481735229492,37.8861198425293,109.10938262939452,33.13873291015625,536.2940673828125
2024-07-22,83.48454284667969,93.38011169433594,74.15567016601562,43.08706283569336,41.80302810668945,143.7227325439453,122.75865173339844,43.53928756713867,38.26020812988281,111.69298553466795,33.41752624511719,541.8231811523438
2024-07-23,83.36732482910156,92.96210479736328,73.88995361328125,42.4017219543457,41.88063430786133,143.63575744628906,122.52507781982422,43.712650299072266,38.19474411010742,111.2483901977539,33.209617614746094,540.9732666015625
2024-07-24,81.18913269042969,89.16059112548828,73.82351684570312,42.40641021728515,41.30826187133789,144.83407592773438,119.8877410888672,43.15402221679688,37.6710205078125,106.64432525634766,33.58291244506836,528.7134399414062
2024-07-25,80.25143432617188,88.8114242553711,73.73810577392578,43.13869094848633,41.4634895324707,144.10928344726562,120.8511962890625,43.2744140625,37.46527099609375,105.50318908691406,33.30411911010742,525.9586791992188
2024-07-26,81.75565338134766,89.80482482910156,74.48782348632812,43.27482223510742,42.113468170166016,144.9210662841797,122.91437530517578,43.98233795166016,38.09186553955078,106.8419189453125,33.63016128540039,531.8493041992188
2024-07-29,82.47846221923828,91.30477905273438,74.51629638671875,42.90398406982422,42.05525970458984,145.00804138183594,122.70025634765624,44.059383392333984,38.33503723144531,106.3676986694336,33.7813720703125,532.1619873046875
2024-07-30,82.81055450439453,90.79823303222656,74.01332092285156,43.57055282592773,42.54032516479492,145.13365173339844,123.06034088134766,43.91491317749024,38.6156005859375,103.69515991210938,33.95621490478516,529.4656372070312
2024-07-31,83.79711151123047,92.20472717285156,73.88046264648438,43.75362014770508,42.4336166381836,144.60215759277344,124.43254089355467,44.37240982055664,38.522071838378906,108.08679962158205,34.39567184448242,538.072021484375
2024-08-01,84.13897705078125,89.94252014160156,74.5637435913086,42.59417724609375,41.832130432128906,146.08074951171875,122.12606811523438,44.19422912597656,39.1206283569336,104.05577087402344,35.014686584472656,530.452392578125
2024-08-02,82.77149200439453,86.63282012939453,75.21855926513672,41.49576187133789,40.80379104614258,145.7908172607422,119.4400634765625,43.3610954284668,39.148681640625,101.1313018798828,35.07139587402344,520.5762939453125
2024-08-05,80.39794921875,84.18372344970703,73.73810577392578,40.58040618896485,39.6202278137207,141.896240234375,117.36715698242188,42.39313125610352,38.01704788208008,97.76223754882812,34.14522933959961,505.4150695800781
2024-08-06,81.34541320800781,85.11320495605469,74.25057220458984,40.82920455932617,40.26051712036133,142.55335998535156,118.7782974243164,42.60984802246094,38.8587532043457,99.0910873413086,34.4334716796875,510.0748596191406
2024-08-07,80.9156265258789,83.62800598144531,74.32649230957031,40.99349594116211,40.309024810791016,141.10377502441406,118.2041015625,42.03195571899414,38.57818984985352,97.485595703125,34.6272087097168,506.6654968261719
2024-08-08,82.52729797363281,85.4525375366211,75.00028228759766,41.87598419189453,40.95901107788086,144.22523498535156,120.9290542602539,42.68207931518555,38.905517578125,101.1263656616211,34.66501235961914,518.3782348632812
2024-08-09,83.23058319091797,85.73775482177734,75.1141586303711,41.96986389160156,41.13364028930664,144.9403839111328,120.9485092163086,42.64836883544922,39.10192108154297,101.58084106445312,34.78314971923828,520.6640625
2024-08-12,82.65428924560547,85.39842987060547,74.73456573486328,42.17640686035156,40.920204162597656,144.38954162597656,120.33541107177734,42.46055603027344,38.86811065673828,102.4107666015625,34.844573974609375,520.9376831054688
2024-08-13,83.72872924804688,87.5376968383789,75.07621765136719,41.76802062988281,41.25975036621094,146.1387176513672,121.60055541992188,42.88434219360352,39.13932800292969,105.55752563476562,35.04776382446289,529.5047607421875
2024-08-14,83.2501220703125,87.07050323486328,75.41785430908203,42.01211166381836,41.76422882080078,146.66055297851562,122.0968780517578,42.88434219360352,39.27960968017578,106.13551330566406,35.024139404296875,531.1751708984375
2024-08-15,84.0022201538086,89.84909057617188,76.196044921875,42.51437377929688,42.15227508544922,147.5786590576172,123.7415771484375,43.56336212158203,39.167388916015625,109.18841552734376,35.0194091796875,540.2797241210938
2024-08-16,84.25618743896484,90.06056213378906,76.40483093261719,42.46744155883789,42.46271896362305,147.73326110839844,123.56639862060548,43.61634063720703,39.148681640625,109.3711929321289,35.175350189208984,541.4911499023438
2024-08-19,85.21342468261719,91.16706848144533,76.66105651855469,42.75378036499024,42.6955451965332,148.63201904296875,124.31576538085938,43.82341766357422,39.38248443603515,111.17428588867188,35.406890869140625,546.66845703125
2024-08-20,85.15481567382812,91.08348083496094,77.04065704345703,41.62718963623047,42.55972671508789,149.23118591308594,123.9751434326172,43.66448974609375,39.41989135742188,110.78401947021484,35.3312873840332,545.779541015625
2024-08-21,85.51622772216797,92.23424530029295,77.56262969970703,41.69760513305664,42.491817474365234,149.48245239257812,124.7245101928711,44.16532897949219,39.55083084106445,111.43610382080078,35.58173370361328,547.6550903320312
2024-08-22,84.87155151367188,90.64086151123048,77.44873809814453,41.80556869506836,42.734352111816406,149.57908630371094,124.56878662109376,44.07383346557617,39.793983459472656,108.87226104736328,35.53919982910156,543.35693359375
2024-08-23,85.46737670898438,92.3916244506836,77.6670150756836,42.42988586425781,43.103004455566406,150.22657775878906,125.81448364257812,44.65654373168945,40.56087493896485,110.63583374023438,35.638431549072266,549.1301879882812
2024-08-26,85.66273498535156,91.67361450195312,78.2174301147461,42.81011199951172,43.23882293701172,150.1492462158203,125.67822265625,44.85398483276367,40.532814025878906,109.2476806640625,35.869972229003906,547.8212280273438
2024-08-27,85.46737670898438,91.4326400756836,78.40723419189453,42.41110229492188,43.46195602416992,150.38121032714844,125.7560806274414,44.85880279541016,40.63569259643555,109.90966033935548,35.586456298828125,548.5734252929688
2024-08-28,84.90084838867188,90.54743194580078,78.0750732421875,42.13884735107422,43.56866836547851,150.55516052246094,125.69770050048828,44.66616439819336,40.49540710449219,108.39307403564452,35.586456298828125,545.3887939453125
2024-08-29,84.72504425048828,90.65560913085938,77.68600463867188,42.68806076049805,43.95672225952149,150.87408447265625,126.58331298828124,44.91177368164063,40.3364143371582,107.41497039794922,35.78019332885742,545.4375610351562
2024-08-30,85.29155731201172,92.02277374267578,78.30284881591797,42.84765625,44.37388229370117,151.91778564453125,127.93604278564452,45.40298461914063,40.72920989990234,108.84261322021484,36.04953384399414,550.644287109375
2024-09-03,83.72872924804688,90.75888061523438,78.85326385498047,41.7821044921875,44.04404067993164,151.6278533935547,125.10405731201172,44.37240982055664,40.8227424621582,103.8433609008789,35.99755859375,539.3126220703125
2024-09-04,83.32825469970703,90.99494934082033,79.223388671875,41.20471954345703,44.09253692626953,151.36691284179688,125.23054504394533,44.18940353393555,40.916263580322266,103.57658386230467,36.30470275878906,538.2088012695312
2024-09-05,83.57244110107422,92.02770233154295,78.9197006225586,40.885528564453125,43.60747528076172,149.28916931152344,123.7707748413086,43.842681884765625,40.80403518676758,103.41851043701172,36.21491622924805,536.8997192382812
2024-09-06,81.82402038574219,89.70154571533203,78.75836181640625,40.37387466430664,42.967193603515625,148.7769775390625,122.51535034179688,43.28886413574219,40.80403518676758,100.7361068725586,35.869972229003906,527.8636474609375
2024-09-09,82.17566680908203,91.00971221923828,79.36573028564453,40.6649055480957,43.60747528076172,149.8206787109375,124.39360809326172,43.70782852172851,41.29035186767578,102.38606262207033,36.23382186889648,533.7737426757812
2024-09-10,82.15613555908203,92.05228424072266,79.34675598144531,39.96548843383789,43.16122055053711,150.5068359375,124.6077117919922,43.72709655761719,42.01983642578125,103.91746520996094,36.403934478759766,536.0986328125
2024-09-11,82.49800109863281,92.97191619873048,78.60653686523438,39.59465408325195,42.95748901367188,150.06228637695312,124.83155822753906,43.83304214477539,41.9076042175293,107.46435546875,36.517337799072266,541.5985717773438
2024-09-12,84.04130554199219,94.01941680908205,79.09052276611328,39.95140838623047,43.05449676513672,150.6034698486328,125.79501342773438,44.23756790161133,41.982418060302734,108.3535614013672,36.59767532348633,546.1604614257812
2024-09-13,84.85201263427734,94.65874481201172,79.65044403076172,40.17672348022461,43.18061828613281,150.9127197265625,127.06988525390624,44.63727188110352,42.28169631958008,108.89697265625,37.11273956298828,549.0130615234375
2024-09-16,85.74088287353516,94.49646759033205,79.96361541748047,40.63674545288086,43.74329376220703,151.95643615722656,127.72195434570312,45.05142974853515,42.42198181152344,108.48200225830078,37.3962516784668,549.82373046875
2024-09-17,85.74088287353516,94.97840118408205,79.20440673828125,41.18595123291016,43.97613143920898,150.390869140625,128.42263793945312,45.13811492919922,42.08530044555664,108.26958465576172,37.3679084777832,550.0484619140625
2024-09-18,85.67250061035156,94.79153442382812,78.90072631835938,41.2657470703125,43.84031295776367,150.1396026611328,128.31558227539062,44.94548416137695,41.963714599609375,107.28158569335938,37.08438491821289,548.4171142578125
2024-09-19,86.8348617553711,96.9504623413086,78.43570709228516,41.75862884521485,44.32537078857422,150.6807861328125,130.5247344970703,45.624507904052734,41.86084365844727,110.4678726196289,36.86701583862305,557.7755737304688
2024-09-20,86.8348617553711,96.72915649414062,78.8153076171875,41.66474914550781,44.296268463134766,150.06228637695312,129.60992431640625,45.301849365234375,41.7860221862793,109.92941284179688,37.84043502807617,556.8113403320312
2024-09-23,87.02983093261719,97.9044952392578,79.27229309082031,42.1792106628418,44.24272155761719,149.76837158203125,130.47984313964844,45.69753646850586,42.248443603515625,109.90912628173828,38.21579360961914,558.2026977539062
2024-09-24,87.44131469726562,98.761962890625,79.08149719238281,42.0750846862793,43.87273406982422,149.46766662597656,131.4171600341797,46.32154083251953,42.248443603515625,110.6613540649414,37.944618225097656,559.7999267578125
2024-09-25,87.1669921875,98.40715026855467,78.88114166259766,41.25157165527344,43.60984420776367,148.01268005371094,130.80206298828125,46.01195907592773,42.06949615478515,110.9780731201172,38.14443206787109,558.5653076171875
2024-09-26,87.6568603515625,98.82603454589844,79.0624008178711,40.44225311279297,43.83378601074219,148.50738525390625,131.4562225341797,46.96489715576172,41.655120849609375,112.44789123535156,37.882774353027344,560.77978515625
2024-09-27,88.1859130859375,98.97386169433594,79.20552825927734,41.265769958496094,43.96036148071289,148.42977905273438,131.64173889160156,46.88266372680664,41.71162414550781,111.3987274169922,38.25860595703125,559.9664306640625
2024-09-30,88.5680160522461,98.74224853515624,79.18643188476562,41.55447006225586,44.12587356567383,149.3997802734375,132.23728942871094,46.62145614624024,42.06949615478515,111.72535705566406,38.42986679077149,562.21044921875
2024-10-01,88.6365966796875,98.34307861328124,78.9193115234375,42.50104141235352,43.89220428466797,148.6140899658203,132.30564880371094,46.5053596496582,41.81521987915039,109.00348663330078,38.73910140991211,557.1739501953125
2024-10-02,88.36227416992188,97.51025390625,78.25145721435547,42.93647003173828,43.94088745117188,148.3133544921875,132.06153869628906,46.32638168334961,41.66453552246094,109.81015014648438,38.75813293457031,557.4089965820312
2024-10-03,88.05855560302734,96.38174438476562,77.46914672851562,43.69372177124024,43.70721054077149,146.97479248046875,131.3878936767578,45.81363296508789,41.25957107543945,110.26543426513672,38.74385833740234,556.3899536132812
2024-10-04,89.03828430175781,97.65808868408205,77.72673797607422,44.10074996948242,44.44718170166016,147.09117126464844,132.30564880371094,46.03614807128906,40.986446380615234,111.49275207519533,38.6820068359375,561.4461669921875
2024-10-07,87.84300994873047,96.14027404785156,76.95396423339844,44.256935119628906,43.90193557739258,146.4412841796875,131.98345947265625,45.90069961547851,40.68507766723633,110.7256851196289,37.79238510131836,556.370361328125
2024-10-08,88.61698913574219,97.07658386230467,77.3355712890625,43.10211944580078,44.15509033203125,147.23667907714844,132.2763671875,45.6878662109375,40.80751037597656,112.7943115234375,37.81141662597656,561.63232421875
2024-10-09,88.64639282226562,97.77143096923828,77.80307006835938,43.3624267578125,44.56402587890625,148.7401885986328,133.45773315429688,45.97810363769531,40.82634735107422,114.05626678466795,37.4879150390625,565.5223999023438
2024-10-10,87.98995971679688,97.28849029541016,77.4596176147461,43.65585708618164,44.427711486816406,148.18727111816406,132.77432250976562,46.08451843261719,40.4873046875,114.02657318115234,37.37374496459961,564.5326538085938
2024-10-11,88.59740447998047,96.87454223632812,77.88892364501953,43.92563629150391,45.28452301025391,149.27369689941406,135.1468505859375,46.38442611694336,40.90169143676758,114.22453308105467,37.701995849609375,567.913330078125
2024-10-14,89.0088882446289,97.29834747314452,78.20377349853516,43.906700134277344,45.5668830871582,150.09817504882812,135.9571990966797,46.650482177734375,41.18422317504883,115.71414184570312,38.177734375,572.557861328125
2024-10-15,89.20484924316406,97.51025390625,78.69987487792969,42.4915771484375,45.664249420166016,148.264892578125,134.9125213623047,46.60210037231445,41.70220184326172,113.17041778564452,38.34899520874024,568.109375
2024-10-16,89.14604949951172,98.02276611328124,78.64262390136719,42.695091247558594,46.22896194458008,148.6819610595703,135.9571990966797,46.96489715576172,42.1165885925293,113.52178192138672,39.11016845703125,570.5784912109375
2024-10-17,88.7247543334961,97.93405151367188,78.28962707519531,42.89860534667969,46.35554122924805,147.81866455078125,135.56666564941406,47.03746032714844,41.84347152709961,113.8682098388672,38.76288604736328,570.6275634765625
2024-10-18,89.38119506835938,98.31844329833984,78.46134948730469,42.75661849975586,46.36528015136719,148.53648376464844,135.9767303466797,47.226112365722656,42.13542938232422,114.27401733398438,38.98648452758789,572.8224487304688
2024-10-21,89.02848815917969,97.55460357666016,77.80307006835938,42.62882995605469,45.99529266357422,146.7904815673828,135.49832153320312,46.863311767578125,41.268985748291016,114.8084945678711,38.83424377441406,571.8817749023438
2024-10-22,89.15585327148438,97.16036224365234,78.2419204711914,42.72821807861328,45.90766143798828,146.57708740234375,133.85806274414062,46.43279647827149,41.33490753173828,114.68972778320312,38.6962776184082,571.5780029296875
2024-10-23,88.47982788085938,95.63268280029295,78.08927917480469,42.50577545166016,45.86872100830078,145.8883514404297,133.46751403808594,46.307037353515625,41.73987579345703,113.04668426513672,39.06735610961914,566.355224609375
2024-10-24,88.78355407714844,98.64861297607422,77.98433685302734,42.50104141235352,45.90766143798828,144.92807006835938,132.5497283935547,45.74106979370117,41.83405685424805,113.3782730102539,38.81521224975586,567.5801391601562
2024-10-25,89.0088882446289,98.95907592773438,77.3355712890625,42.48684310913086,45.401363372802734,144.13267517089844,132.19822692871094,45.45083999633789,41.504432678222656,113.9671859741211,38.23957824707031,567.3841552734375
2024-10-28,89.57714080810547,99.19068908691406,77.47869110107422,42.21706771850586,45.96608352661133,144.3460693359375,132.58877563476562,45.8281478881836,41.63628005981445,113.93254089355467,38.53929138183594,569.1381225585938
2024-10-29,90.41971588134766,98.67325592041016,76.71544647216797,41.57340240478515,45.683719635009766,143.94834899902344,132.4130401611328,45.5330696105957,41.25957107543945,115.4666976928711,37.71626663208008,570.059326171875
2024-10-30,90.96836853027344,98.53526306152344,76.59141540527344,41.668060302734375,45.88818740844727,143.6767578125,132.18849182128906,45.77976608276367,41.41025161743164,113.6306610107422,37.62588119506836,568.3346557617188
2024-10-31,90.17478942871094,97.0272979736328,76.43875122070312,41.928367614746094,45.255313873291016,142.46426391601562,130.66539001464844,45.17511367797851,40.68507766723633,109.98336029052734,38.01598739624024,557.1935424804688
2024-11-01,90.52748107910156,98.60426330566406,76.46739196777344,41.663333892822266,45.41110229492188,143.30816650390625,130.84107971191406,45.049346923828125,40.25185775756836,110.80982208251952,37.16917037963867,559.5451049804688
2024-11-04,90.22376251220705,98.26422882080078,76.67727661132812,42.392189025878906,45.060585021972656,142.3672637939453,130.69467163085938,45.24767303466797,40.703914642333984,110.7256851196289,36.72673797607422,558.3399658203125
2024-11-05,91.22308349609376,100.00381469726562,77.1638412475586,42.6761589050293,45.479251861572266,143.4148712158203,132.88169860839844,45.31539916992188,41.25957107543945,112.2845687866211,37.27859115600586,565.0912475585938
2024-11-06,93.46668243408205,103.20208740234376,75.90449523925781,44.28059768676758,48.24442672729492,143.59915161132812,138.08566284179688,45.93940353393555,40.157676696777344,115.48153686523438,36.89324569702149,579.142578125
2024-11-07,94.6913604736328,104.52771759033205,76.18116760253906,44.07708740234375,47.46550369262695,144.63706970214844,137.25576782226562,46.11838150024414,40.65682220458984,117.49571228027344,36.95985412597656,583.6206665039062
2024-11-08,94.23088073730467,106.01103973388672,77.10660552978516,44.37052154541016,47.8939094543457,145.6749725341797,138.73004150390625,45.69753646850586,41.3537483215332,117.36705017089844,37.66869354248047,586.148681640625
2024-11-11,94.75994110107422,108.1498031616211,76.83946228027344,44.62136459350586,48.57546615600586,144.82138061523438,139.80404663085938,45.49920654296875,40.99586486816406,116.71875762939452,37.77336120605469,586.7071533203125
2024-11-12,95.19102478027344,106.70588684082033,76.9253158569336,44.38471603393555,48.42941665649414,142.8037567138672,138.6031494140625,44.72525405883789,40.47788619995117,116.8672103881836,37.34043502807617,584.8846435546875
2024-11-13,95.2302017211914,107.6175765991211,77.15431213378906,44.73022079467773,48.4586296081543,142.4254608154297,138.89602661132812,44.8316764831543,40.79809188842773,116.4614028930664,37.273834228515625,585.1688232421875
2024-11-14,95.1224365234375,106.08987426757812,76.9635009765625,44.90059661865234,48.33205032348633,140.1847686767578,136.5527801513672,44.46403884887695,40.43079376220703,116.06549835205078,37.1453857421875,581.4061279296875
2024-11-15,93.22175598144533,105.18314361572266,76.28611755371094,44.83434295654297,48.55598831176758,137.58514404296875,135.8205108642578,44.15445709228515,40.47788619995117,113.18527221679688,37.701995849609375,573.9591064453125
2024-11-18,94.1427001953125,106.15394592285156,76.82038116455078,45.43067932128906,48.70204162597656,137.68214416503906,135.635009765625,44.49790191650391,40.83576583862305,113.55148315429688,38.03025436401367,576.3108520507812
2024-11-19,94.75994110107422,106.2328109741211,76.9253158569336,45.14197540283203,48.38073348999024,136.97406005859375,135.51785278320312,44.35277938842773,41.00528717041016,114.48187255859376,38.27287673950195,578.4174194335938
2024-11-20,95.36737060546876,105.76464080810548,76.53416442871094,45.59632873535156,48.23468780517578,138.59396362304688,135.664306640625,44.715579986572266,40.939361572265625,114.38289642333984,38.29190826416016,578.6134643554688
2024-11-21,95.1224365234375,105.951904296875,77.36419677734375,45.96549606323242,48.84809112548828,139.70945739746094,137.36318969726562,45.26218795776367,41.21247482299805,115.54586029052734,38.95793151855469,581.7196044921875
2024-11-22,94.91668701171876,107.47959899902344,78.07974243164062,46.03648376464844,49.39333724975586,139.8355712890625,139.2768096923828,45.51372528076172,41.52326965332031,115.60526275634766,38.74861145019531,583.5225830078125
2024-11-25,95.40656280517578,108.57853698730467,78.50907135009766,45.12778091430664,49.714637756347656,141.02865600585938,140.14576721191406,45.9829330444336,42.07892227172851,115.60030364990234,38.81997299194336,585.5020751953125
2024-11-26,95.7592544555664,108.9727554321289,78.83344268798828,45.066253662109375,49.81200408935547,141.7852783203125,140.31173706054688,45.639495849609375,42.28611373901367,116.17932891845705,39.438438415527344,588.5592041015625
2024-11-27,95.88662719726562,108.43561553955078,78.99564361572266,45.018924713134766,49.909366607666016,142.5418701171875,139.79428100585938,45.61531066894531,42.57806396484375,114.6055908203125,39.438438415527344,586.7758178710938
2024-11-29,96.40589141845705,109.5493392944336,79.39632415771484,45.21297454833984,49.98726272583008,142.98806762695312,140.58514404296875,45.84749603271485,42.38029098510742,115.66958618164062,39.45270156860352,590.4208984375
2024-12-02,97.19947814941406,110.50538635253906,79.3009262084961,44.73494720458984,49.490699768066406,142.73585510253906,139.55018615722656,45.818477630615234,41.73987579345703,116.76822662353516,38.60589599609375,591.4791870117188
2024-12-03,97.98326110839844,110.42160034179688,78.89068603515625,44.73022079467773,49.12070846557617,142.41578674316406,138.6714630126953,45.6733512878418,41.49501037597656,117.18889617919922,38.27287673950195,591.7534790039062
2024-12-04,98.2085952758789,111.44662475585938,78.67124938964844,43.651126861572266,48.93571853637695,142.33816528320312,139.2768096923828,45.22832489013672,41.38199615478515,119.33175659179688,38.26811981201172,595.4279174804688
2024-12-05,97.98326110839844,112.3582992553711,78.98609161376953,43.821510314941406,49.081764221191406,140.74737548828125,137.58770751953125,44.633338928222656,41.27840805053711,118.7279815673828,38.38705825805664,594.4482421875
2024-12-06,98.88462829589844,114.72373962402344,78.59493255615234,43.07845687866211,49.07203674316406,139.95196533203125,137.23622131347656,44.459205627441406,41.221900939941406,119.18822479248048,37.91132354736328,595.5750122070312
2024-12-09,96.77819061279295,114.35906219482422,78.47089385986328,43.0074577331543,48.40020751953125,140.35935974121094,136.04507446289062,44.44952392578125,41.30665969848633,118.41126251220705,37.435585021972656,592.5079345703125
2024-12-10,98.2967758178711,114.54633331298828,78.84297943115234,42.71402359008789,48.390472412109375,139.77735900878906,135.71311950683594,43.99483108520508,40.63799285888672,116.76822662353516,37.16442108154297,590.6658325195312
2024-12-11,99.9035415649414,116.55694580078124,78.2419204711914,42.78501129150391,48.48783874511719,137.8761749267578,135.40066528320312,43.84003448486328,40.53439331054688,118.46074676513672,36.931297302246094,595.2319946289062
2024-12-12,100.08968353271484,115.591064453125,78.47089385986328,42.43951416015625,48.27363586425781,136.780029296875,134.53172302246094,43.5352897644043,40.50613784790039,117.79759979248048,36.91227340698242,592.1651000976562
2024-12-13,98.89441680908205,116.0493621826172,78.27054595947266,42.22654342651367,48.23468780517578,136.7606658935547,134.1802520751953,43.16282653808594,40.33662033081055,118.3023910522461,36.936065673828125,592.0475463867188
2024-12-16,99.27651977539062,117.62140655517578,77.86030578613281,41.29889678955078,48.14706039428711,135.1310577392578,134.2974090576172,42.78067398071289,40.12942886352539,119.4851531982422,36.6411018371582,594.5755004882812
2024-12-17,98.53191375732422,117.99099731445312,77.72673797607422,40.99126434326172,47.806278228759766,135.03404235839844,133.06719970703125,42.54364776611328,39.95048904418945,118.76262664794922,36.48887252807617,592.1258544921875
2024-12-18,95.72006225585938,112.67369842529295,76.54370880126953,39.7796516418457,46.3750114440918,133.20077514648438,129.3082275390625,41.33433151245117,38.38712692260742,114.9322280883789,35.62778854370117,574.4783935546875
2024-12-19,95.4555435180664,112.52092742919922,75.99990844726562,39.43414688110352,46.54053115844727,132.19192504882812,129.14227294921875,40.88931274414063,37.72787857055664,115.05593872070312,35.7895393371582,574.302001953125
2024-12-20,95.9748077392578,112.80675506591795,76.26703643798828,39.82224655151367,47.23182678222656,133.86033630371094,130.65560913085938,41.397220611572266,38.41538238525391,116.77318572998048,36.36042785644531,581.2000122070312
2024-12-23,96.49934387207033,113.1489028930664,75.86520385742188,40.05610275268555,47.345252990722656,135.19720458984375,130.62615966796875,41.36512756347656,38.59053039550781,118.01044464111328,36.48418045043945,584.6803588867188
2024-12-24,97.41287231445312,115.76568603515624,76.36508178710938,40.39495468139648,47.9025993347168,135.75262451171875,131.64669799804688,41.58880233764648,38.84754180908203,119.22985076904295,36.685646057128906,591.1791381835938
2024-12-26,97.28516387939452,115.33614349365234,76.60540008544922,40.361549377441406,48.01993942260742,136.02545166015625,131.7448272705078,41.52558517456055,38.90465927124024,119.30916595458984,36.59930419921875,591.218505859375
2024-12-27,96.4207763671875,113.43034362792967,76.23050689697266,40.35677337646485,47.66792678833008,135.39210510253906,130.7635498046875,41.30191421508789,38.59053039550781,117.72293853759766,36.493778228759766,584.9949951171875
2024-12-30,95.40901184082033,111.60845947265624,75.33650207519531,40.35200881958008,47.20835876464844,133.72589111328125,129.4486541748047,40.74759292602539,38.40966033935547,116.22593688964844,36.34027862548828,578.3191528320312
2024-12-31,95.0946807861328,110.76911163330078,75.56721496582031,40.88175964355469,47.25724792480469,134.0474395751953,129.29165649414062,40.91291809082031,38.71427154541016,115.2593231201172,36.30670166015625,576.2152099609375
2025-01-02,95.55636596679688,109.31258392333984,75.33650207519531,41.359012603759766,47.139915466308594,134.08639526367188,128.8402862548828,40.4607048034668,38.35255432128906,114.98670196533205,36.58491134643555,574.7994995117188
2025-01-03,96.14572143554688,111.52452850341795,75.29805755615234,41.74559020996094,47.5114860534668,135.40185546875,130.23367309570312,40.45098114013672,38.8761100769043,116.86042785644533,36.97345352172851,581.9864501953125
2025-01-06,97.18693542480467,111.96394348144533,74.50979614257812,41.5546875,47.36480712890625,135.46029663085938,129.9490966796875,40.72328186035156,38.34303283691406,118.3475112915039,36.56093215942383,585.339111328125
2025-01-07,96.10643005371094,109.79645538330078,74.25025177001953,41.96990585327149,47.25724792480469,136.1326446533203,129.821533203125,40.69896697998047,38.05745697021485,115.97313690185548,36.46979141235352,578.7223510742188
2025-01-08,95.5367202758789,110.10750579833984,74.38481903076172,42.01285934448242,47.413700103759766,136.83421325683594,130.33180236816406,40.922637939453125,38.21928405761719,115.9334716796875,36.46019744873047,579.5678100585938
2025-01-10,94.11239624023438,109.02623748779295,73.38506317138672,42.184661865234375,46.26966857910156,136.06442260742188,128.8697052001953,40.50446319580078,37.29593276977539,113.4054183959961,36.253936767578125,570.7192993164062
2025-01-13,94.15168762207033,109.64339447021484,73.51004791259766,43.072364807128906,46.60212326049805,137.83782958984375,130.38082885742188,41.40888977050781,37.77188491821289,112.6023941040039,35.831817626953125,571.6043090820312
2025-01-14,93.8373565673828,109.43109130859376,73.52926635742188,43.53530502319336,47.17902374267578,136.41522216796875,131.92144775390625,41.92431640625,38.09553909301758,112.8998031616211,36.30190658569336,572.3907470703125
2025-01-15,95.3795394897461,112.21575164794922,73.27934265136719,44.179595947265625,48.38172149658203,136.97061157226562,132.75552368164062,42.323036193847656,38.25735855102539,115.14531707763672,36.83434295654297,582.802490234375
2025-01-16,94.83929443359376,111.60845947265624,73.82726287841797,44.499359130859375,48.704402923583984,137.5162811279297,134.3647918701172,42.673133850097656,39.11408233642578,114.25801849365234,37.76491928100586,581.6817016601562
2025-01-17,95.66441345214844,113.173583984375,74.25025177001953,44.84297943115234,49.11507415771485,136.59060668945312,135.16943359375,42.950294494628906,39.10456466674805,116.04747772216795,37.81768035888672,587.521728515625
2025-01-21,96.52880859375,114.00306701660156,74.5963134765625,44.61389923095703,49.5257568359375,138.8511962890625,137.94642639160156,43.499755859375,39.81850051879883,117.01408386230467,38.398094177246094,592.899658203125
2025-01-22,97.49143981933594,113.57352447509766,74.23101043701172,43.80255889892578,49.29108047485352,138.53936767578125,137.6226043701172,43.149658203125,39.12360382080078,119.6561508178711,37.56825256347656,596.2326049804688
2025-01-23,97.74684143066406,114.25979614257812,74.50018310546875,44.00300598144531,49.57464218139648,140.39073181152344,139.0159912109375,43.38792037963867,39.43773651123047,119.86930084228516,37.7457275390625,599.48681640625
2025-01-24,98.63089752197266,113.56362915039062,74.88468933105469,43.57825469970703,49.7213134765625,140.61483764648438,138.42724609375,43.27608489990234,39.55195999145508,118.62015533447266,38.12946701049805,597.7367553710938
2025-01-27,99.14168548583984,114.21044158935548,76.91302490234375,43.12486267089844,50.26888275146485,143.7718963623047,136.5726318359375,43.30039978027344,39.94224166870117,112.80563354492188,37.24687194824219,589.2815551757812
2025-01-28,99.62299346923828,114.34868621826172,75.7114028930664,42.71442031860352,50.18088150024414,142.7682647705078,135.66989135742188,43.15938186645508,39.45677185058594,115.81450653076172,36.73361587524414,594.3449096679688
2025-01-29,100.06503295898438,114.02281188964844,75.89405059814453,42.809871673583984,50.14176559448242,141.9302978515625,135.20867919921875,43.081581115722656,38.99985504150391,114.87269592285156,36.810359954833984,591.6805419921875
2025-01-30,100.16325378417967,115.13865661621094,76.64386749267578,43.02941131591797,50.62089538574219,143.5672607421875,136.71983337402344,43.49003219604492,39.51388549804688,115.08583068847656,37.57784271240234,594.8561401367188
2025-01-31,100.56599426269533,114.63009643554688,75.92290496826172,41.82672500610352,50.32755279541016,143.10928344726562,135.75820922851562,43.173973083496094,39.4282112121582,114.41168975830078,37.3571891784668,591.6903686523438
2025-02-03,100.78208923339844,113.11434173583984,76.22088623046875,42.08921432495117,50.12221145629883,143.66470336914062,134.4138641357422,43.21773147583008,39.361576080322266,112.8700714111328,37.55865478515625,587.7085571289062
2025-02-04,101.685791015625,114.44744110107422,75.57682800292969,42.97214126586914,50.00487518310547,143.2749481201172,134.453125,43.34415435791016,39.361576080322266,114.49595642089844,37.22767639160156,591.6510620117188
2025-02-05,100.70349884033205,113.1489028930664,76.04785919189453,43.06282043457031,50.53289031982422,144.6488494873047,134.55123901367188,43.31011581420898,39.980316162109375,116.08715057373048,37.60182571411133,594.0498657226562
2025-02-06,101.13572692871094,113.59820556640624,76.3939208984375,42.27057647705078,50.95335006713867,143.3529052734375,135.1596221923828,43.46085357666016,40.09455108642578,116.40438842773438,37.55865478515625,596.1146850585938
2025-02-07,100.91960906982422,111.37640380859376,76.27855682373047,42.26580047607422,50.66978454589844,142.68057250976562,134.75732421875,42.93084335327149,39.9517707824707,115.40804290771484,37.48190307617188,590.6580810546875
2025-02-10,101.3714599609375,111.75658416748048,76.74959564208984,43.19645309448242,50.26888275146485,142.55389404296875,135.96424865722656,43.149658203125,40.00887680053711,117.09339904785156,37.88963317871094,594.6693115234375
2025-02-11,101.5384521484375,110.4876708984375,77.48979949951172,43.54485321044922,50.39600372314453,142.29080200195312,136.01333618164062,43.40251159667969,40.22781753540039,117.14791870117188,38.081504821777344,595.1216430664062
2025-02-12,101.64649963378906,110.46793365478516,77.43213653564453,42.49488830566406,50.21999740600586,142.086181640625,135.16943359375,43.09131240844727,39.88512802124024,116.89512634277344,38.014347076416016,593.2044677734375
2025-02-13,102.81542205810548,112.12687683105467,78.26844024658203,42.81464385986328,50.55244827270508,142.6416015625,135.3068084716797,43.84013748168945,40.19926071166992,118.55075073242188,38.10069274902344,599.4671630859375
2025-02-14,103.44407653808594,112.07749938964844,77.48979949951172,42.986454010009766,50.65022659301758,141.09231567382812,134.9731903076172,43.68939208984375,40.03743743896485,118.95226287841795,37.94239807128906,599.4376831054688
2025-02-18,102.9627685546875,111.76644897460938,77.76856994628906,43.57348251342773,51.01201248168945,140.81947326660156,136.03297424316406,44.24371719360352,40.18022537231445,120.03784942626952,38.29735565185547,601.197509765625
2025-02-19,103.08063507080078,111.7022705078125,78.39341735839844,43.9171028137207,51.03157424926758,142.65133666992188,136.17034912109375,43.723426818847656,40.25638198852539,120.04774475097656,38.49882125854492,602.61328125
2025-02-20,102.59931182861328,110.7394790649414,78.08580017089844,44.31800079345703,50.249324798583984,143.45033264160156,135.27737426757812,43.621315002441406,40.53243637084961,119.66606903076172,38.49402618408203,600.1063232421875
2025-02-21,101.19465637207033,107.82644653320312,78.9990234375,43.39689636230469,49.623531341552734,142.68057250976562,132.31394958496094,42.82386779785156,40.19926071166992,116.4242172241211,38.50361633300781,589.8419799804688
2025-02-24,101.39111328125,107.4216079711914,79.23934936523438,43.40644073486328,49.838653564453125,143.840087890625,131.7153778076172,42.77524185180664,40.38012313842773,114.7586669921875,38.31174850463867,587.157958984375
2025-02-25,99.8882293701172,106.85873413085938,80.36405944824219,42.7812385559082,49.82887649536133,145.07757568359375,132.39244079589844,43.10589218139648,40.8084831237793,113.2715835571289,38.119876861572266,584.2379150390625
2025-02-26,99.7114028930664,106.4193115234375,78.82599639892578,42.53783798217773,49.7213134765625,144.03497314453125,132.470947265625,43.08644104003906,40.60858154296875,114.505859375,38.27817153930664,584.5328369140625
2025-02-27,98.748779296875,104.88380432128906,78.81637573242188,42.76691818237305,49.99510192871094,143.45033264160156,132.009765625,42.79469680786133,40.78944778442383,110.3370590209961,37.429141998291016,575.2025756835938
2025-02-28,100.1927261352539,106.6266860961914,79.86418914794922,43.430301666259766,51.02178955078125,145.11654663085938,133.7760467529297,43.15938186645508,41.07501983642578,111.79440307617188,37.999961853027344,584.1788940429688
2025-03-03,99.19080352783205,104.66162872314452,80.28715515136719,41.912628173828125,50.59156036376953,145.74990844726562,131.8723907470703,42.29386520385742,41.42722702026367,108.39392852783205,38.05272674560547,573.944091796875
2025-03-04,98.4049835205078,102.8150634765625,78.922119140625,41.506961822509766,48.811954498291016,144.39552307128906,129.3014678955078,41.72008895874024,40.95127487182617,108.30966186523438,37.43393707275391,567.1505126953125
2025-03-05,99.67211151123048,104.38020324707033,79.24895477294922,40.90084457397461,49.095516204833984,145.84732055664062,131.34249877929688,42.80928421020508,41.33203506469727,109.83145141601562,37.17011260986328,573.24609375
2025-03-06,97.88436889648438,101.73379516601562,79.39315795898438,41.024932861328125,48.2839469909668,145.44784545898438,130.2140350341797,42.58561325073242,40.19926071166992,106.78292846679688,36.39784240722656,563.0703735351562
2025-03-07,98.51301574707033,101.5461654663086,79.65270233154297,41.72650146484375,48.02971267700195,145.4575653076172,131.73501586914062,42.70230865478515,40.4277229309082,108.3294906616211,37.07418441772461,566.226318359375
2025-03-10,96.05731964111328,97.9221649169922,79.47967529296875,42.03671646118164,46.954132080078125,143.88880920410156,129.67433166503906,41.812477111816406,40.03743743896485,103.7244644165039,37.48190307617188,551.14453125
2025-03-11,94.64282989501952,96.96431732177734,78.31651306152344,41.702632904052734,46.55323028564453,142.32005310058594,127.682373046875,41.49155426025391,39.61859893798828,103.3031234741211,37.13174819946289,546.5629272460938
2025-03-12,95.11432647705078,97.52717590332033,76.61502075195312,41.89353561401367,46.62167739868164,140.89744567871094,127.67256927490234,41.29705047607422,39.47581100463867,104.92901611328124,37.0166244506836,549.4633178710938
2025-03-13,93.15958404541016,95.0930633544922,76.25934600830078,41.6071891784668,46.36744689941406,140.1471405029297,126.36746978759766,41.26788330078125,38.70476531982422,102.9363250732422,37.10776138305664,542.1386108398438
2025-03-14,94.86876678466795,97.11737823486328,76.43238067626953,42.83850860595703,47.44303131103515,141.21896362304688,128.6734619140625,41.807613372802734,39.45677185058594,106.04927825927734,37.83207321166992,553.3369750976562
2025-03-17,95.5465316772461,97.27043151855467,77.54747772216797,43.5209846496582,48.00038146972656,143.0118408203125,130.44956970214844,42.33275985717773,40.151668548583984,106.78787231445312,37.99036407470703,557.60400390625
2025-03-18,94.21063232421876,95.53743743896484,76.6630859375,43.592567443847656,47.94171524047851,143.08006286621094,129.40940856933594,42.25983047485352,39.90416717529297,105.1619873046875,37.72654342651367,551.5771484375
2025-03-19,95.33043670654295,97.3691864013672,76.6630859375,44.303688049316406,48.4697265625,143.1580047607422,131.1266326904297,42.40083694458008,39.9517707824707,106.53011322021484,37.86564636230469,557.5842895507812
2025-03-20,95.12416076660156,97.13712310791016,76.28817749023438,44.46595001220703,48.53816986083984,143.2456817626953,130.46917724609375,42.13340377807617,39.90416717529297,105.7717056274414,38.01914596557617,555.9718017578125
2025-03-21,95.87068176269533,97.48768615722656,76.25934600830078,44.15573501586914,48.36216354370117,142.84622192382812,129.77247619628906,41.71522521972656,39.51388549804688,106.05921173095705,37.774505615234375,556.1552734375
2025-03-24,97.22827911376952,101.14244842529295,76.73094177246094,44.65884017944336,49.2149658203125,143.9368438720703,132.1790313720703,42.28049850463867,40.06378173828125,108.0678253173828,37.76243209838867,566.1151733398438
2025-03-25,98.4597625732422,101.94945526123048,76.03514099121094,44.84161376953125,49.48974609375,142.09793090820312,132.3759002685547,42.27072525024414,39.58478164672851,108.4253387451172,37.15858459472656,567.4760131835938
2025-03-26,97.62234497070312,100.61764526367188,77.2141342163086,45.10614776611328,49.34254455566406,141.5794677734375,131.49989318847656,42.34889602661133,39.78595733642578,106.0070571899414,37.40495300292969,560.7012939453125
2025-03-27,97.18887329101562,100.6820068359375,78.09354400634766,44.66845703125,49.244407653808594,141.80447387695312,130.80105590820312,42.3293571472168,39.69015884399414,105.02882385253906,37.39529037475586,559.2122802734375
2025-03-28,94.32196807861328,97.55303192138672,77.70698547363281,44.456825256347656,48.29248809814453,141.36428833007812,128.10411071777344,41.55253601074219,39.67100143432617,102.4814453125,37.67064666748047,547.9507446289062
2025-03-31,95.02145385742188,97.7609634399414,78.92462921142578,44.94742584228515,48.881309509277344,142.82176208496094,129.00967407226562,42.00690460205078,40.09252166748047,102.53109741210938,38.09092330932617,551.6289672851562
2025-04-01,95.08057403564452,98.7808609008789,79.04059600830078,45.21196365356445,48.82242202758789,140.21005249023438,129.73800659179688,42.16323852539063,40.12126159667969,103.28091430664062,38.18754196166992,553.18701171875
2025-04-02,95.41551971435548,100.65725708007812,78.80867004394531,45.27449035644531,49.22478103637695,141.1490936279297,130.9585418701172,42.51012420654297,40.31286239624024,104.04562377929688,38.36628341674805,556.6878662109375
2025-04-03,91.15950775146484,94.57752227783205,79.26286315917969,41.72005844116211,46.80082702636719,140.00465393066406,123.8717041015625,40.59006118774414,39.10577774047851,96.9447250366211,38.1247444152832,529.2537841796875
2025-04-04,85.93801879882812,90.49795532226562,75.82254028320312,37.88185501098633,43.37590026855469,132.3260498046875,116.08605194091795,38.04951858520508,37.32388305664063,90.5588607788086,36.00402069091797,498.2696838378906
2025-04-07,86.05623626708984,89.42855834960938,74.94313049316406,37.63655471801758,43.26795196533203,131.5337677001953,115.54469299316406,37.43880844116211,36.42335891723633,91.10013580322266,35.453304290771484,497.3821716308594
2025-04-08,84.85429382324219,87.30460357666016,73.78346252441406,36.76598358154297,43.10111999511719,130.0762481689453,114.58993530273438,36.285789489746094,35.52283477783203,89.24793243408203,35.308380126953125,489.5918273925781
2025-04-09,92.35159301757812,96.81038665771484,76.64396667480469,39.61337661743164,46.349403381347656,135.7300567626953,124.76739501953124,39.45658874511719,37.56338882446289,101.23008728027344,36.69965362548828,541.0084228515625
2025-04-10,89.15958404541016,93.02787017822266,76.6826171875,37.02571487426758,45.05401611328125,131.94456481933594,121.5488052368164,38.19608688354492,36.76824188232422,96.51766967773438,36.42430114746094,517.3019409179688
2025-04-11,89.91816711425781,93.92893981933594,77.64900207519531,37.944374084472656,45.79985046386719,133.88133239746094,123.69454193115234,39.32955932617188,37.28556442260742,98.49401092529295,36.86872863769531,526.5320434570312
2025-04-14,90.51913452148438,94.20124816894533,78.97294616699219,38.07905578613281,46.27089691162109,135.51486206054688,124.98394775390624,39.803470611572266,38.10945129394531,99.39278411865234,37.53055953979492,531.6401977539062
2025-04-15,90.74573516845705,93.5229721069336,78.30615234375,38.02133941650391,46.38866424560547,134.68344116210938,124.36384582519533,39.49078750610352,38.16692733764648,99.75528717041016,37.52572250366211,530.1510620117188
2025-04-16,88.3024673461914,91.2158432006836,77.46539306640625,38.3339729309082,45.66245651245117,133.31399536132812,122.66104125976562,39.18299102783203,38.14776992797851,96.2892608642578,37.18756866455078,518.3668823242188
2025-04-17,88.87388610839844,91.79015350341795,79.11791229248047,39.19973373413086,45.78022384643555,132.53146362304688,123.33036041259766,39.451698303222656,38.75131988525391,95.76786041259766,37.56919860839844,519.1065063476562
2025-04-21,86.87394714355469,89.33944702148438,78.36412811279297,38.17525100708008,44.79887008666992,129.6752166748047,120.56451416015624,38.85076522827149,37.94658660888672,93.29495239257812,36.68033218383789,506.7503356933594
2025-04-22,89.13987731933594,92.16641998291016,79.47547149658203,39.14682769775391,46.28070831298828,132.11083984375,122.6708755493164,39.75949096679688,38.72257614135742,95.5692367553711,37.68030548095703,519.9349365234375
2025-04-23,90.5684051513672,94.22600555419922,79.02127838134766,39.07468032836914,46.83027267456055,132.7662353515625,124.20637512207033,39.80835723876953,38.77047348022461,98.34007263183594,37.839725494384766,527.991455078125
2025-04-24,92.3811492919922,96.10240936279295,78.32546997070312,39.699951171875,47.35039520263672,134.3899688720703,126.99188232421876,40.66823196411133,38.88543701171875,102.00969696044922,37.8976936340332,539.105224609375
2025-04-25,92.96240997314452,97.83028411865234,78.12252807617188,39.6278076171875,47.12467956542969,135.03555297851562,126.9820327758789,40.36531829833984,38.82795333862305,103.5192642211914,37.78175735473633,543.0003662109375
2025-04-28,93.31708526611328,97.86493682861328,77.86160278320312,39.90677261352539,47.27187728881836,135.5735626220703,127.40528106689452,40.43860626220703,39.06745529174805,103.3504409790039,38.01363754272461,543.2074584960938
2025-04-29,93.99685668945312,98.55806732177734,78.50908660888672,39.79133987426758,47.76255798339844,136.2387237548828,128.23207092285156,40.77571105957031,39.38359832763672,103.83209991455078,38.30831527709961,546.6292724609375
2025-04-30,94.02642059326172,97.66194915771484,79.07926177978516,38.71875381469727,47.85087966918945,137.40272521972656,129.1573028564453,40.98579788208008,39.56562423706055,104.2641143798828,38.115081787109375,546.8462524414062
2025-05-01,94.50916290283205,98.20159912109376,78.39311981201172,38.8630485534668,47.841064453125,133.65635681152344,130.13172912597656,40.80502700805664,39.68057632446289,105.79353332519533,38.22618865966797,550.7217407226562
2025-05-02,95.97708129882812,99.72647857666016,78.81832885742188,39.43060302734375,48.83223342895508,135.5050811767578,132.4644775390625,41.49390411376953,40.16915893554688,107.56131744384766,38.52569961547851,558.896728515625
2025-05-05,96.20368957519533,98.66698455810548,78.75067901611328,38.71875381469727,48.51820373535156,135.1236114501953,132.5333709716797,41.18611145019531,40.12126159667969,106.9902801513672,38.42908477783203,555.6917724609375
2025-05-06,96.18397521972656,97.80552673339844,78.61538696289062,38.72837448120117,48.24342346191406,131.3968048095703,131.37191772460938,40.88808441162109,39.84344482421875,106.10140991210938,38.89767456054688,551.047119140625
2025-05-07,96.00664520263672,98.56796264648438,78.74102020263672,38.74280548095703,48.52801513671875,132.40431213378906,132.04122924804688,40.66334533691406,39.81470489501953,107.16405487060548,39.00878143310547,553.3645629882812
2025-05-08,96.23323059082033,99.73143005371094,78.64437103271484,39.25264358520508,48.93037033081055,131.21095275878906,133.86216735839844,41.20565032958984,39.62309646606445,108.18699645996094,38.69477844238281,557.2202758789062
2025-05-09,95.74064636230467,100.211669921875,78.190185546875,39.64704132080078,48.93037033081055,129.78282165527344,133.97042846679688,41.31313705444336,39.86259841918945,108.05291748046876,38.76240921020508,556.51025390625
2025-05-12,97.73072052001952,105.19230651855467,78.30615234375,40.681148529052734,49.92153930664063,132.9912109375,138.09457397460938,42.27072525024414,39.90092468261719,113.06824493408205,38.53053283691406,574.9015502929688
2025-05-13,98.68636322021484,106.58350372314452,77.2527847290039,41.25350570678711,50.127628326416016,128.99050903320312,139.05914306640625,42.06064224243164,39.36444091796875,115.5113525390625,38.47739028930664,578.6981811523438
2025-05-14,99.19865417480467,106.99443817138672,76.83724212646484,41.00340270996094,49.990234375,125.9582061767578,138.3898468017578,41.67467498779297,39.02914047241211,116.26116943359376,38.30831527709961,579.437744140625
2025-05-15,99.5927276611328,106.75679779052734,78.4124526977539,41.17655563354492,50.32389450073242,127.6113052368164,139.9253387451172,42.0997314453125,39.74764251708984,116.4200668334961,39.12472534179688,582.2678833007812
2025-05-16,100.27249908447266,107.76678466796876,79.3111801147461,41.11402893066406,50.62812042236328,130.18386840820312,141.5198516845703,42.529666900634766,40.24580001831055,116.63855743408205,39.699588775634766,585.9559326171875
2025-05-19,100.37102508544922,107.51429748535156,79.54312133789062,40.58014297485352,50.65755462646485,131.43589782714844,142.00216674804688,42.63715362548828,40.3320198059082,116.4697265625,39.86866760253906,586.596923828125
2025-05-20,100.12472534179688,106.95484161376952,79.8233642578125,40.20497894287109,50.382774353027344,131.7587127685547,141.49032592773438,42.56386947631836,40.12126159667969,116.03274536132812,39.9846076965332,584.624755859375
2025-05-21,99.3759994506836,104.78632354736328,78.89563751220703,39.46427536010742,49.35235595703125,128.7068328857422,139.09852600097656,41.99713134765625,39.05788040161133,113.85282135009766,39.255157470703125,574.7733764648438
2025-05-22,99.15925598144533,105.23685455322266,78.56707000732422,39.31036376953125,49.2934684753418,127.69935607910156,139.0690155029297,41.95315933227539,38.92375564575195,113.8826141357422,38.69477844238281,575.0001220703125
2025-05-23,98.70606231689452,104.2912368774414,78.85697937011719,39.4354133605957,49.11682891845703,127.493896484375,138.61624145507812,41.8701057434082,38.93333435058594,112.62629699707033,39.15853118896485,571.0753173828125
2025-05-27,100.31192016601562,107.37071228027344,79.57209777832031,39.77690887451172,49.98042297363281,129.27420043945312,141.0572509765625,42.60294723510742,39.57519912719727,115.30278778076172,39.453216552734375,582.9483642578125
2025-05-28,100.29222106933594,106.38548278808594,79.03093719482422,39.271881103515625,49.64676284790039,128.60903930664062,140.35842895507812,42.02156066894531,39.57519912719727,114.82609558105467,38.90250396728515,579.5758056640625
2025-05-29,99.48436737060548,106.43003845214844,79.34983825683594,39.56528091430664,49.90190887451172,129.46981811523438,140.48635864257812,42.17789840698242,39.939239501953125,115.0197525024414,39.17302322387695,581.863525390625
2025-05-30,99.89813995361328,105.8507843017578,80.04563903808594,39.21416091918945,50.009864807128906,129.74368286132812,140.57496643066406,42.18278121948242,39.9775619506836,114.66222381591795,39.5739860534668,581.2128295898438
2025-06-02,100.39073944091795,106.09832763671876,80.09396362304688,39.72881317138672,50.02948760986328,129.82196044921875,140.3977813720703,42.43195343017578,40.03504180908203,115.67521667480467,39.699588775634766,584.4866943359375
2025-06-03,100.1050262451172,106.66273498535156,80.01664733886719,40.20017623901367,50.127628326416016,130.12518310546875,141.48048400878906,42.86677932739258,39.89134216308594,117.41320037841795,39.80586624145508,587.81982421875
2025-06-04,100.7454071044922,106.38052368164062,79.45613861083984,39.41617202758789,49.84303665161133,130.37950134277344,141.55923461914062,43.02800369262695,40.0158805847168,117.5870132446289,39.11022567749024,587.6619262695312
2025-06-05,100.88333129882812,103.69712829589844,78.69269561767578,39.3776969909668,49.70564651489258,130.20343017578125,141.46080017089844,42.77395248413086,40.00630187988281,117.25430297851562,39.04742813110352,584.8218994140625
2025-06-06,102.17391967773438,105.04377746582033,78.94395446777344,40.11840057373047,50.32389450073242,131.44570922851562,142.65176391601562,42.886322021484375,40.12126159667969,118.36164855957033,39.221336364746094,590.8274536132812
2025-06-09,101.87836456298828,105.88543701171876,78.83765411376953,40.19536209106445,50.04911422729492,131.22071838378906,142.52383422851562,43.17457962036133,40.10209655761719,118.94263458251952,38.97013092041016,591.3599243164062
2025-06-10,103.16897583007812,107.15286254882812,79.01160430908203,40.912017822265625,50.108001708984375,132.71730041503906,141.90371704101562,43.44328689575195,40.4565658569336,119.60802459716795,39.061920166015625,594.7127685546875
2025-06-11,102.93252563476562,106.30625915527344,78.74102020263672,41.50362396240234,50.04911422729492,132.7857666015625,141.97262573242188,43.01334762573242,40.2362174987793,119.34484100341795,39.08607864379883,593.0166625976562
2025-06-12,102.0951156616211,105.80622100830078,79.20487976074219,41.64791488647461,50.04911422729492,133.8226318359375,141.59861755371094,43.19411849975586,40.4565658569336,120.4521942138672,39.55949401855469,595.3734741210938
2025-06-13,101.0606689453125,104.83089447021484,78.23849487304688,42.37419128417969,49.028507232666016,133.15748596191406,140.40762329101562,42.690895080566406,40.13084030151367,118.76385498046876,39.33244323730469,588.7171630859375
2025-06-16,102.79459381103516,105.95970153808594,78.48976135253906,42.2491340637207,49.58788299560547,132.74668884277344,141.37220764160156,43.05243682861328,40.16915893554688,120.6855697631836,39.13920974731445,594.3182983398438
2025-06-17,101.88822174072266,104.13280487060548,77.82295227050781,42.64353942871094,49.30328750610352,130.55555725097656,140.30921936035156,42.63227081298828,40.00630187988281,119.83148193359376,38.815547943115234,589.2398681640625
2025-06-18,101.93748474121094,104.18230438232422,77.72631072998047,42.36457061767578,49.28365707397461,130.3306121826172,139.9745330810547,42.51012420654297,40.08294296264648,119.9754867553711,38.91699600219727,589.1510620117188
2025-06-20,101.31680297851562,104.30608367919922,78.2964859008789,42.797454833984375,49.42105102539063,129.70458984375,140.1320037841797,42.22187042236328,40.0733642578125,119.44415283203124,39.02327346801758,587.7673950195312
2025-06-23,102.59968566894533,106.37352752685548,79.20333099365234,41.71517562866211,50.04339599609375,129.8913116455078,142.02957153320312,42.69230270385742,40.65819549560547,120.80601501464844,39.51797866821289,593.5730590820312
2025-06-24,103.92304229736328,106.96392822265624,79.13522338867188,41.17210006713867,50.79178237915039,131.48350524902344,143.2142791748047,43.045860290527344,40.85152816772461,122.9746322631836,39.68822479248047,600.13037109375
2025-06-25,103.90328979492188,105.70372772216795,78.07463073730469,40.99268341064453,50.6243782043457,131.6014404296875,141.95059204101562,42.63337326049805,39.85585784912109,124.02413177490234,39.158016204833984,600.4666748046875
2025-06-26,105.10812377929688,106.6761703491211,78.00651550292969,41.579402923583984,50.99856948852539,131.9159698486328,143.49073791503906,43.10478591918945,39.60452651977539,124.87963104248048,39.483924865722656,605.1646118164062
2025-06-27,106.34261322021484,108.4523696899414,78.37626647949219,41.3612060546875,51.14627456665039,131.63092041015625,144.9222869873047,43.15879821777344,39.74952697753906,124.7304229736328,39.5617561340332,608.1712646484375
2025-06-30,107.18204498291016,107.82723236083984,78.7849349975586,41.12360763549805,51.5697021484375,132.47616577148438,145.64300537109375,43.11951446533203,40.03952407836914,125.95399475097656,39.72228240966797,611.0791015625
2025-07-01,106.42161560058594,108.28864288330078,79.76768493652344,41.43878555297851,51.85527420043945,134.3632049560547,146.12677001953125,44.23420715332031,40.31019973754883,124.82989501953124,39.85848236083984,610.8812866210938
2025-07-02,106.1154556274414,109.15689849853516,80.0011978149414,42.15158081054688,51.815879821777344,133.036376953125,146.2748565673828,44.89713668823242,40.38753128051758,126.1479721069336,39.51311492919922,613.6505737304688
2025-07-03,106.69813537597656,109.75227355957033,79.9622802734375,42.20006942749024,52.377174377441406,133.17398071289062,147.51882934570312,44.867671966552734,40.4068603515625,127.80924987792967,39.80983352661133,618.4869995117188
2025-07-07,105.67105102539062,108.35810089111328,79.89417266845703,41.79275894165039,51.87496948242188,132.0535430908203,147.0054473876953,44.435543060302734,40.09752655029297,126.7945785522461,39.89253616333008,613.8780517578125
2025-07-08,105.45378875732422,107.99095916748048,79.15467834472656,42.91770553588867,51.41214370727539,132.653076171875,146.96595764160156,44.79892349243164,40.03952407836914,127.47602081298828,39.46933364868164,613.5418090820312
2025-07-09,105.73030090332033,108.6309814453125,78.63897705078125,42.699501037597656,51.599246978759766,133.16415405273438,147.99270629882812,45.06900405883789,40.02019500732422,128.2419891357422,39.83902359008789,617.2210083007812
2025-07-10,105.37477111816406,109.83165740966795,78.92115020751953,43.02438354492188,51.90450668334961,133.97991943359375,148.82203674316406,45.30961608886719,40.22319412231445,127.8192138671875,40.16493606567383,618.9617309570312
2025-07-11,104.69335174560548,109.86141967773438,78.62924194335938,43.21833801269531,51.3629150390625,132.86929321289062,148.2888946533203,44.94132995605469,40.18452835083008,127.25716400146484,40.10655975341797,616.7858276367188
2025-07-14,105.72044372558594,110.2682647705078,78.69735717773438,42.74314880371094,51.746952056884766,132.71205139160156,149.08859252929688,44.69089126586914,40.455196380615234,127.1527099609375,40.267086029052734,617.9627075195312
2025-07-15,104.67359924316406,108.69052124023438,77.90922546386719,42.1273307800293,50.86071014404297,130.3237762451172,147.9729766845703,43.77261734008789,39.93319320678711,128.2817840576172,39.8828010559082,615.3220825195312
2025-07-16,104.9896240234375,108.88897705078124,78.1816635131836,41.7636604309082,51.21520614624024,131.9454345703125,148.49623107910156,43.89046859741211,40.368194580078125,128.6796875,39.90225982666016,617.3792114257812
2025-07-17,105.35503387451172,109.26109313964844,78.92115020751953,42.02065658569336,51.70756530761719,130.4416961669922,149.86854553222656,44.19983673095703,40.329532623291016,129.84854125976562,40.067649841308594,621.1574096679688
2025-07-18,104.8711166381836,110.22856903076172,78.70708465576172,41.68123245239258,51.73710632324219,129.57679748535156,149.5328826904297,44.302955627441406,40.44552993774414,129.76402282714844,40.73892974853515,620.7024536132812
2025-07-21,106.2734832763672,110.74952697753906,78.69735717773438,41.24967956542969,51.58939743041992,128.8396759033203,148.74305725097656,44.528846740722656,40.60019302368164,129.93312072753906,40.87026596069336,621.87939453125
2025-07-22,106.52037811279295,111.87081146240234,79.41739654541016,41.443634033203125,51.87496948242188,131.23779296875,149.0984649658203,45.14266586303711,41.30586624145508,128.72943115234375,41.37129974365234,621.9683837890625
2025-07-23,107.10304260253906,112.40167999267578,79.44657897949219,42.09339141845703,52.28854751586914,133.93077087402344,151.77398681640625,45.29489135742188,41.42186737060547,129.465576171875,41.05997848510742,627.2598266601562
2025-07-24,107.28081512451172,110.5411376953125,79.1644058227539,42.394020080566406,52.25900650024414,133.42950439453125,151.51730346679688,44.82838439941406,41.363868713378906,130.01271057128906,41.0064697265625,627.4674682617188
2025-07-25,106.28335571289062,111.56816864013672,79.30062866210938,42.2340087890625,52.62335205078125,134.1371307373047,153.01795959472656,45.35872650146485,41.363868713378906,130.31112670898438,41.11348342895508,630.1181030273438
2025-07-28,105.71056365966795,112.2181167602539,78.4832992553711,42.71404647827149,52.25900650024414,132.9675750732422,152.54405212402344,44.700714111328125,40.64853286743164,131.35067749023438,40.67569351196289,629.9598999023438
2025-07-29,104.8019790649414,111.44412994384766,78.99899291992188,43.13105392456055,51.99313354492188,132.12234497070312,150.80645751953125,44.528846740722656,41.32519912719727,131.35565185546875,41.142677307128906,628.2982177734375
2025-07-30,105.12787628173828,110.73959350585938,78.29843139648438,42.5152473449707,51.89466094970703,131.886474609375,150.0659942626953,43.63021469116211,40.74520111083984,131.64910888671875,41.44912338256836,627.507080078125
2025-07-31,106.0759735107422,109.86141967773438,77.6270523071289,42.28734588623047,51.5697021484375,128.1909942626953,150.07586669921875,43.08023834228515,40.02986145019531,130.68417358398438,41.67287826538086,625.1531982421875
2025-08-01,104.8019790649414,107.2120132446289,77.99679565429688,41.50182342529297,50.61452865600586,128.87901306152344,147.83474731445312,42.58427047729492,39.91386032104492,127.86397552490234,41.736122131347656,614.9065551757812
2025-08-04,106.816650390625,108.47222900390624,78.37626647949219,41.4096908569336,51.11673355102539,130.7267303466797,149.1971893310547,43.14898300170898,40.252197265625,130.46035766601562,42.47550201416016,624.2530517578125
2025-08-05,105.98706817626952,108.61113739013672,78.29843139648438,41.46303176879883,50.909942626953125,130.22547912597656,148.89112854003906,43.45343399047851,40.38753128051758,129.38101196289062,42.02311325073242,621.0880737304688
2025-08-06,106.39199829101562,110.86859893798828,79.41739654541016,41.0799674987793,51.15612411499024,128.26962280273438,149.00962829589844,42.98202133178711,40.0491943359375,130.83836364746094,41.6485595703125,625.845458984375
2025-08-07,105.93769073486328,110.83386993408205,80.02066040039062,40.91995620727539,50.5849838256836,126.79537963867188,148.7924346923828,43.16862869262695,40.20386505126953,130.95774841308594,42.10094833374024,625.3212280273438
2025-08-08,106.29322814941406,111.0273666381836,80.25418853759766,41.18179702758789,51.057647705078125,127.9256591796875,148.91090393066406,43.38468551635742,39.87519454956055,132.26588439941406,41.92096328735352,630.1972045898438
2025-08-11,106.8364028930664,111.31512451171876,80.18607330322266,40.85206985473633,51.03796005249024,128.05340576171875,148.4271240234375,43.28647613525391,39.6431884765625,131.37057495117188,41.78963088989258,628.9510498046875
2025-08-12,108.88069152832033,112.49596405029295,80.40013885498047,41.050872802734375,51.658329010009766,128.93797302246094,149.96725463867188,43.851192474365234,39.71086120605469,133.4049072265625,41.96961212158203,635.6469116210938
2025-08-13,109.7300033569336,114.03897094726562,80.40013885498047,41.526065826416016,51.95374298095703,131.0019073486328,150.53988647460938,44.67616271972656,39.97185897827149,133.45465087890625,42.06203079223633,637.82275390625
2025-08-14,109.8188934326172,113.90996551513672,79.68010711669922,41.48727416992188,52.19992446899414,131.66043090820312,149.2070770263672,44.20965576171875,39.6915283203125,133.16615295410156,41.77016830444336,637.882080078125
2025-08-15,110.09540557861328,113.6370849609375,79.80660247802734,41.48727416992188,51.658329010009766,133.87179565429688,148.52586364746094,44.20965576171875,39.95252990722656,132.15646362304688,41.6485595703125,636.388671875
2025-08-18,109.42385864257812,114.0935516357422,79.6995620727539,41.23998641967773,51.69771957397461,133.5572967529297,149.10833740234375,43.95431518554688,39.57552337646485,132.43994140625,41.46858215332031,636.2501220703125
2025-08-19,108.81156158447266,114.03897094726562,80.51689147949219,41.2545280456543,51.79618835449219,134.41233825683594,149.43414306640625,44.219482421875,40.281192779541016,130.12710571289062,41.8723258972168,632.7984008789062
2025-08-20,108.48564910888672,112.9127197265625,80.97421264648438,41.59880447387695,52.06206512451172,135.1396484375,149.29592895507812,44.25385284423828,40.43586349487305,129.24671936035156,41.91609954833984,631.1170043945312
2025-08-21,108.36715698242188,112.24291229248048,80.24444580078125,41.8848876953125,51.89466094970703,134.6875457763672,148.76278686523438,44.38643646240234,40.290863037109375,128.7791748046875,41.62910461425781,628.5850830078125
2025-08-22,109.9275131225586,115.65145111083984,80.24444580078125,42.7382926940918,52.75136947631836,135.7981414794922,151.19149780273438,45.26542663574219,40.92886352539063,130.52500915527344,41.85286712646485,638.2382202148438
2025-08-25,110.10528564453124,115.4182586669922,78.87249755859375,42.84982681274414,52.44610595703125,133.86196899414062,149.68096923828125,45.01498794555664,40.72586441040039,130.23153686523438,41.38102340698242,635.42919921875
2025-08-26,109.62137603759766,115.94912719726562,78.35680389404297,42.78194046020508,52.84983444213867,134.69737243652344,151.2211151123047,45.13775253295898,40.609859466552734,130.82843017578125,41.47344970703125,638.0897827148438
2025-08-27,109.80902099609376,115.97393035888672,78.59033203125,43.26197814941406,52.95815658569336,134.61874389648438,151.20135498046875,45.25069808959961,40.78385925292969,131.53469848632812,41.48317337036133,639.5436401367188
2025-08-28,110.22379302978516,116.17239379882812,78.0940933227539,43.591705322265625,53.0270881652832,134.0880126953125,151.46792602539062,45.25069808959961,40.677528381347656,132.57424926757812,41.1669921875,641.8085327148438
2025-08-29,110.00653076171876,114.97667694091795,78.60006713867188,43.82929992675781,53.164947509765625,135.0708465576172,150.07586669921875,45.31452941894531,40.89986801147461,130.5399169921875,41.01619720458984,637.98095703125
2025-09-02,109.8188934326172,114.11834716796876,78.47357177734375,43.892333984375,52.77106094360352,135.1986083984375,148.64431762695312,44.97570037841797,40.20386505126953,129.2218475341797,40.87999725341797,633.2533569335938
2025-09-03,111.6557846069336,114.57976531982422,78.41517639160156,42.90800476074219,52.68244171142578,134.55979919433594,147.89398193359375,44.67124938964844,40.09752655029297,129.9927978515625,40.7778434753418,636.685302734375
2025-09-04,112.66312408447266,116.67350006103516,78.46383666992188,43.194095611572266,53.2338752746582,135.0708465576172,149.5625,44.84311676025391,40.368194580078125,130.6344451904297,40.72920227050781,642.00634765625
2025-09-05,113.26554870605467,116.64869689941406,78.68762969970703,42.36008071899414,52.25900650024414,135.53277587890625,149.00962829589844,45.15739822387695,40.774200439453125,130.7438507080078,40.602725982666016,640.14697265625
2025-09-08,113.39393615722656,117.10018920898438,78.39572143554688,42.26310348510742,52.29839706420898,135.483642578125,149.34530639648438,45.19667816162109,40.5035285949707,131.72372436523438,40.18925476074219,641.7195434570312
2025-09-09,114.03585052490234,116.93645477294922,78.5514144897461,42.466758728027344,52.52488327026367,136.2109375,148.3382568359375,44.46009826660156,40.48419570922851,131.97738647460938,40.46652603149414,643.203125
2025-09-10,113.19641876220705,115.53731536865234,77.78273010253906,43.208641052246094,52.347633361816406,134.97256469726562,149.43414306640625,44.54357147216797,40.46485900878906,134.3698272705078,41.16212463378906,645.0625610351562
2025-09-11,114.93455505371094,117.78485870361328,78.41517639160156,43.21833801269531,53.20433807373047,137.321533203125,150.85581970214844,45.47658157348633,41.122196197509766,134.8224639892578,41.38102340698242,650.4231567382812
2025-09-12,115.89250183105467,118.3951187133789,78.15247344970703,42.96134185791016,52.97784805297851,135.7391815185547,149.65133666992188,45.0198974609375,40.93852996826172,134.73292541503906,41.59019088745117,650.2055053710938
2025-09-15,117.52201080322266,119.42213439941406,77.25730895996094,42.815879821777344,52.85968780517578,134.5794219970703,150.3424530029297,44.65652084350586,40.89019393920898,135.94656372070312,41.687477111816406,653.6671142578125
2025-09-16,117.0479736328125,120.15643310546876,77.60758972167969,43.53351593017578,52.74151992797851,134.5794219970703,149.89816284179688,44.51902389526367,40.64853286743164,135.4740447998047,40.92863845825195,652.7671508789062
2025-09-17,117.3541259765625,119.85379028320312,78.07463073730469,43.63534164428711,53.25357437133789,134.84478759765625,149.21693420410156,44.62214660644531,40.62919616699219,135.00648498535156,41.0307846069336,651.9561767578125
2025-09-18,117.44300079345705,119.31299591064452,77.39351654052734,43.49957275390625,53.30281066894531,135.1101531982422,150.80645751953125,44.62214660644531,40.65819549560547,137.33926391601562,41.05997848510742,655.0023803710938
2025-09-19,117.92692565917967,119.76448059082033,77.23783874511719,42.922550201416016,53.42097473144531,134.93324279785156,151.17173767089844,44.602500915527344,40.455196380615234,138.73194885253906,41.32264709472656,658.2465209960938
2025-09-22,117.51565551757812,119.37432861328124,76.37669372558594,42.8731575012207,53.3498420715332,134.89869689941406,151.67735290527344,44.58720779418945,40.58863830566406,140.77285766601562,41.72323226928711,661.3607177734375
2025-09-23,117.34718322753906,118.25106048583984,76.7587661743164,43.61159133911133,53.11273193359375,135.20477294921875,151.7169952392578,44.44412612915039,40.91007232666016,139.55767822265625,41.93870162963867,657.7606201171875
2025-09-24,116.37596893310548,119.0860595703125,76.9253158569336,44.17886734008789,52.96453857421875,134.66172790527344,150.93382263183594,43.90140914916992,40.49123764038086,138.69606018066406,42.2374267578125,655.6678466796875
2025-09-25,115.97955322265624,117.4061279296875,76.19054412841797,44.57498550415039,52.82622528076172,132.43038940429688,149.91273498535156,43.329078674316406,40.393829345703125,138.45204162597656,41.83096694946289,652.6429443359375
2025-09-26,117.10932159423828,119.1407241821289,76.37669372558594,44.98576354980469,53.21153259277344,133.78302001953125,151.260986328125,43.83232498168945,40.793190002441406,138.87039184570312,42.51166534423828,656.3820190429688
2025-09-29,117.48591613769533,119.66259002685548,76.52364349365234,44.15930938720703,53.478275299072266,134.1779327392578,151.72691345214844,44.00008010864258,40.87111282348633,139.61245727539062,42.634090423583984,658.2266845703125
2025-09-30,117.30753326416016,119.1059341430664,76.77836608886719,43.68983840942383,53.22140502929688,137.40650939941406,152.89669799804688,44.21717071533203,41.03670501708984,140.3744354248047,42.70754623413086,660.7061157226562
2025-10-01,115.66242980957033,119.8514633178711,76.66080474853516,43.68983840942383,52.74718475341797,141.65203857421875,152.47044372558594,43.75339126586914,41.03670501708984,141.74899291992188,43.11890411376953,662.95751953125
2025-10-02,115.4047622680664,118.98664855957033,76.35710144042969,43.24971771240234,52.70767211914063,141.3755645751953,152.86695861816406,44.26157379150391,40.82241439819336,142.51596069335938,43.0405502319336,663.7210693359375
2025-10-03,115.34530639648438,118.22122955322266,76.44525909423828,43.47955703735352,53.07321548461914,142.98492431640625,153.0751495361328,44.3355827331543,40.98799896240234,141.79881286621094,43.54005432128906,663.7112426757812
2025-10-06,115.4642333984375,119.2351531982422,75.88684844970703,43.69472885131836,53.0534553527832,142.29379272460938,153.78892517089844,44.29611206054688,40.57889938354492,143.23312377929688,43.96120071411133,666.0914916992188
2025-10-07,115.0182647705078,117.14766693115234,76.59222412109375,43.7631950378418,53.12261199951172,142.4023895263672,152.91653442382812,44.11849212646485,40.4522705078125,142.27691650390625,44.1619873046875,663.6219482421875
2025-10-08,114.54257202148438,117.4955825805664,76.21014404296875,43.50890350341797,52.8657455444336,142.67884826660156,154.2449493408203,44.35531997680664,40.24772644042969,144.77203369140625,44.46561050415039,667.5791625976562
2025-10-09,113.88850402832033,116.90910339355467,76.45506286621094,42.91717147827149,52.67802810668945,142.36289978027344,151.96482849121094,43.74845504760742,40.06265258789063,144.5279998779297,44.35297393798828,665.6452026367188
2025-10-10,111.78752899169922,113.69337463378906,76.51383972167969,41.6750373840332,51.53199768066406,140.30926513671875,148.6041259765625,42.850494384765625,39.62433242797851,138.6462860107422,44.17177963256836,647.6542358398438
2025-10-13,112.81819152832033,116.23316192626952,76.25912475585938,42.242313385009766,52.025978088378906,140.15127563476562,150.15066528320312,43.53136444091797,39.84836196899414,142.02291870117188,44.50967788696289,657.5919189453125
2025-10-14,113.56145477294922,116.47669982910156,77.48373413085938,42.237422943115234,52.59899520874024,140.5363311767578,151.91526794433594,43.96554183959961,40.22824478149414,140.2001495361328,44.906341552734375,656.78857421875
2025-10-15,114.36418914794922,116.64569091796876,77.62089538574219,42.21297073364258,52.59899520874024,140.75355529785156,151.2808074951172,43.768184661865234,40.81267166137695,141.58963012695312,45.49399566650391,659.7044677734375
2025-10-16,113.14523315429688,115.51744842529295,77.08206939697266,41.704383850097656,51.136810302734375,140.51661682128906,150.28944396972656,43.44255447387695,40.6860466003418,141.69422912597656,44.99938583374024,655.211669921875
2025-10-17,113.9083251953125,116.51148223876952,78.11074829101562,42.04670333862305,51.5517578125,141.45455932617188,150.41831970214844,43.358680725097656,40.94903945922851,141.9432373046875,44.842681884765625,658.9308471679688
2025-10-20,115.1966552734375,117.43594360351562,78.04216766357422,42.49171829223633,52.15441131591797,142.95529174804688,152.19285583496094,43.87673568725586,41.37761688232422,143.52696228027344,44.82798767089844,665.7840576171875
2025-10-21,115.60296630859376,118.87232971191406,77.67967224121094,42.39391326904297,52.09513473510742,143.29098510742188,153.5410919189453,43.708980560302734,41.25099182128906,143.60166931152344,44.37255859375,665.7740478515625
2025-10-22,114.60203552246094,117.94290924072266,78.12054443359375,42.93673706054688,51.79874801635742,144.1104736328125,151.5484619140625,43.57577133178711,41.43606185913086,142.18228149414062,44.26972198486328,662.3128051757812
2025-10-23,114.21553802490234,118.4747085571289,77.73846435546875,43.50890350341797,51.90742111206055,144.18943786621094,153.4419403076172,44.0987548828125,41.39710235595703,143.9751739501953,44.235443115234375,666.2402954101562
2025-10-24,114.51284790039062,118.12183380126952,77.48373413085938,43.06877517700195,52.47055816650391,144.17958068847656,153.57083129882812,43.916202545166016,41.543212890625,146.21133422851562,44.75453186035156,671.6851806640625
2025-10-27,116.1083984375,119.82164764404295,77.61109924316406,43.17146682739258,52.68791198730469,144.5152587890625,154.44322204589844,43.89646911621094,41.63087463378906,148.91065979003906,44.87696075439453,679.6094970703125
2025-10-28,115.53360748291016,119.8514633178711,76.83714294433594,42.721561431884766,52.35200500488281,143.60693359375,153.3428192138672,43.95567321777344,40.705528259277344,150.38482666015625,44.13749694824219,681.41455078125
2025-10-29,115.24620819091795,118.86239624023438,75.02471923828125,43.039432525634766,51.46284103393555,142.15554809570312,153.73934936523438,43.09225463867188,39.59511184692383,151.46554565429688,44.12281036376953,681.7418212890625
2025-10-30,113.29388427734376,116.17848205566406,74.94634246826172,42.785133361816406,51.60115432739258,142.4715118408203,153.3527374267578,42.51499176025391,39.81914138793945,149.60293579101562,43.93671798706055,674.2439575195312
2025-10-31,113.77948760986328,119.25006103515624,74.7308120727539,43.09811019897461,51.73946380615234,142.42213439941406,153.7195281982422,42.2682991027832,39.838626861572266,149.74734497070312,43.63310241699219,676.4556274414062
2025-11-03,112.5704345703125,120.3683624267578,74.14299774169922,43.103004455566406,51.522117614746094,142.61959838867188,153.0652313232422,42.00680541992188,39.77043914794922,150.35992431640625,43.6575813293457,677.7251586914062
2025-11-04,111.79743194580078,118.37034606933594,74.44670104980469,42.638427734375,51.78886795043945,143.26138305664062,151.29071044921875,41.799583435058594,39.87758255004883,146.39064025878906,43.50087738037109,669.6917114257812
2025-11-05,112.40196228027344,119.81169891357422,74.39772033691406,42.75090408325195,51.96669769287109,143.8142852783203,151.8756103515625,42.0462760925293,39.86784362792969,146.96336364746094,43.51066970825195,672.012451171875
2025-11-06,111.39112091064452,117.04330444335938,74.06462097167969,43.16657638549805,51.77898788452149,144.09072875976562,151.2708740234375,41.839054107666016,39.67303085327149,144.0100555419922,43.31968307495117,664.8021850585938
2025-11-07,111.1037139892578,117.22720336914062,75.15206909179688,43.78764724731445,52.144527435302734,144.2882080078125,152.00450134277344,42.3423080444336,40.19902038574219,143.5120086669922,43.92202758789063,665.4567260742188
2025-11-10,112.26321411132812,118.76795959472656,74.87776184082031,44.18375778198242,52.33224487304688,145.41372680664062,152.86695861816406,42.741947174072266,40.169803619384766,147.1824951171875,43.9073371887207,675.8407592773438
2025-11-11,113.1749496459961,119.06120300292967,75.85746002197266,44.76081466674805,52.56935119628906,148.77066040039062,152.9066162109375,43.18599319458008,40.61786651611328,145.92745971679688,43.93181991577149,677.3878784179688
2025-11-12,112.52088928222656,118.26100158691406,75.74969482421875,44.134857177734375,53.0238151550293,150.88356018066406,153.05532836914062,43.49189376831055,40.296424865722656,146.38067626953125,44.0346565246582,677.7647705078125
2025-11-13,110.92533111572266,115.30870056152344,75.74969482421875,44.24733352661133,52.34212112426758,150.8045654296875,150.68597412109375,43.20572662353515,39.77043914794922,142.73011779785156,43.42741775512695,666.5179443359375
2025-11-14,110.33071899414062,114.75700378417967,75.69091033935547,45.00043869018555,51.818504333496094,149.90609741210938,150.69589233398438,42.81101989746094,39.887325286865234,143.5070343017578,43.46659851074219,666.408935546875
2025-11-17,110.18206787109376,113.678466796875,75.21086120605469,44.17886734008789,50.830543518066406,149.7777557373047,149.21878051757812,42.15975189208984,39.62433242797851,141.2609405517578,43.85836410522461,660.2003173828125
2025-11-18,110.80640411376952,111.58104705810548,75.5341567993164,44.53096389770508,50.75150680541992,150.6564483642578,148.55458068847656,42.19429016113281,39.77043914794922,138.96502685546875,43.69186019897461,654.6563110351562
2025-11-19,110.19197845458984,111.58601379394533,74.95613861083984,43.953914642333984,50.93922424316406,150.39974975585938,149.0502471923828,42.302833557128906,39.458740234375,139.9311981201172,43.32458114624024,657.1853637695312
2025-11-20,108.98292541503906,109.92100524902344,75.49496459960938,43.45510482788086,50.4946403503418,149.50128173828125,146.55203247070312,41.67130661010742,39.3223762512207,135.53857421875,43.10420989990234,647.1683349609375
2025-11-21,110.89561462402344,112.07806396484376,76.31790924072266,43.72895812988281,51.04789352416992,152.65084838867188,148.3364715576172,42.603797912597656,39.838626861572266,136.06150817871094,43.16787338256836,653.6149291992188
2025-11-24,111.99564361572266,113.5740966796875,75.43619537353516,43.60670471191406,51.2652473449707,153.29263305664062,148.70327758789062,42.68767166137695,39.897064208984375,139.30368041992188,43.6575813293457,663.235107421875
2025-11-25,113.27406311035156,116.0045166015625,76.47466278076172,43.33284759521485,51.90742111206055,156.75814819335938,150.60667419433594,43.32414245605469,40.21850204467773,139.67721557617188,43.49108123779297,669.4734497070312
2025-11-26,113.43262481689452,116.7997589111328,77.3073959350586,43.66049575805664,52.31248474121094,156.41258239746094,151.4790802001953,43.85699844360352,40.393829345703125,141.33065795898438,44.06894302368164,674.09521484375
2025-11-28,114.35427856445312,117.52540588378906,77.758056640625,44.23265838623047,52.68791198730469,155.65232849121094,152.3613739013672,44.10862350463867,40.58863830566406,142.5458526611328,44.38235092163086,677.7747192382812
2025-12-01,113.81912231445312,117.5949935913086,77.67967224121094,44.65811538696289,52.25320816040039,153.32223510742188,150.13084411621094,44.00008010864258,40.0236930847168,142.610595703125,43.34417343139648,674.6803588867188
2025-12-02,114.19571685791016,117.51547241210938,77.17023468017578,44.0810661315918,52.20381164550781,152.40403747558594,151.4394073486328,43.60044097900391,39.92628860473633,144.07977294921875,43.03565216064453,675.9300537109375
2025-12-03,114.09661102294922,118.78286743164062,77.2290267944336,44.90752029418945,52.90525817871094,153.11489868164062,152.87689208984375,43.90633773803711,40.004207611083984,144.4234161376953,42.89853286743164,678.2706298828125
2025-12-04,114.75069427490234,118.36040496826172,76.85673522949219,45.098243713378906,53.013938903808594,151.94984436035156,153.66995239257812,43.64977645874024,39.93602752685547,144.96128845214844,42.81038284301758,678.7664794921875
2025-12-05,116.0786590576172,119.01647186279295,76.86653137207031,44.91240692138672,53.03369522094727,151.31797790527344,153.24368286132812,43.50669479370117,39.92628860473633,146.0220947265625,42.4088249206543,680.0557861328125
2025-12-08,115.21647644042967,117.28683471679688,76.229736328125,44.42338180541992,52.83610153198242,149.51113891601562,153.05532836914062,42.904762268066406,39.68277740478515,147.04803466796875,41.840763092041016,678.0127563476562
2025-12-09,115.34530639648438,117.27690887451172,76.40608215332031,44.697242736816406,52.63851165771485,148.05978393554688,151.93508911132812,42.815956115722656,39.449005126953125,147.4364776611328,41.870147705078125,677.427490234375
2025-12-10,116.01920318603516,118.99658203125,76.63141632080078,45.16670608520508,53.24116897583008,150.21217346191406,154.71087646484375,43.65471267700195,39.52693176269531,148.14369201660156,41.85055541992188,681.92041015625
2025-12-11,115.76153564453124,119.46379089355467,77.19963073730469,44.95153427124024,54.20936965942383,151.6339111328125,156.366455078125,44.523067474365234,39.74121475219727,147.3866729736328,42.154178619384766,683.5072021484375
2025-12-12,115.50386810302734,119.98068237304688,77.80703735351562,44.51140594482422,54.28840637207031,152.1078338623047,155.38502502441406,44.55267333984375,39.69251251220703,143.12356567382812,41.94850158691406,676.1580810546875
2025-12-15,115.52368927001952,121.00455474853516,78.02256774902344,44.198429107666016,54.32792282104492,154.12197875976562,155.6328582763672,44.523067474365234,39.84836196899414,141.73904418945312,42.33047103881836,675.1365356445312
2025-12-16,115.60296630859376,121.20336151123048,77.66988372802734,42.84871292114258,53.98213577270508,152.1177215576172,154.71087646484375,44.40465545654297,39.497703552246094,141.9980010986328,42.154178619384766,673.2918701171875
2025-12-17,114.7705078125,119.80176544189452,78.0323715209961,43.79742431640625,53.972259521484375,151.84124755859375,152.2027587890625,44.59214019775391,39.67303085327149,138.84051513671875,41.87993621826172,665.8832397460938
2025-12-18,115.4245834350586,121.61090850830078,77.58171081542969,43.16168975830078,53.883338928222656,151.95974731445312,153.19410705566406,44.57240676879883,39.42951965332031,140.98202514648438,42.29129409790039,670.9114990234375
2025-12-19,115.47413635253906,121.12383270263672,77.18003845214844,43.16168975830078,54.17972946166992,152.9766845703125,154.5126190185547,44.76975631713867,39.28341293334961,144.0299835205078,41.75261688232422,676.9923095703125
2025-12-22,115.98716735839844,121.85191345214844,76.91043853759766,43.608524322509766,54.844970703125,153.98507690429688,156.22557067871094,45.29841995239258,39.57487869262695,144.8070831298828,41.90753555297851,681.2098999023438
2025-12-23,116.71295166015624,121.68260192871094,76.5450439453125,43.89457702636719,54.95402526855469,153.67770385742188,156.1658935546875,45.37776947021485,39.56503677368164,145.5951385498047,42.055545806884766,684.3233032226562
2025-12-24,117.4089126586914,122.10092163085938,77.14745330810547,43.76634979248047,55.25144958496094,154.4808349609375,156.6732177734375,45.467041015625,39.8210563659668,145.94430541992188,42.24303436279297,686.7305297851562
2025-12-26,117.28961181640624,121.5630874633789,77.25608825683594,43.598663330078125,55.142391204833984,154.72872924804688,156.38475036621094,45.73484420776367,39.89983367919922,146.17373657226562,42.21342849731445,686.660888671875
2025-12-29,117.21006774902344,120.36786651611328,77.30545043945312,44.01294708251953,54.844970703125,154.49075317382812,156.04652404785156,45.36785507202149,40.008148193359375,145.51535034179688,42.2923698425293,684.2138671875
2025-12-30,117.60775756835938,119.87982177734376,77.17707824707031,44.34832382202149,54.706172943115234,154.36184692382812,155.598876953125,45.35793685913086,40.09677505493164,145.0564727783203,42.39104461669922,683.3783569335938
2025-12-31,117.04104614257812,118.9336166381836,76.71292114257812,44.10172271728515,54.29969024658203,153.4893035888672,154.3057098388672,44.98102569580078,39.7324333190918,143.61996459960938,42.1246223449707,678.3152465820312
2026-01-02,116.22577667236328,117.87783813476562,76.7228012084961,45.028934478759766,54.45832061767578,154.1932830810547,157.15069580078125,45.7447624206543,39.76197814941406,143.94915771484375,42.608131408691406,679.55859375
2026-01-05,117.07087707519533,119.82006072998048,76.38703155517578,46.2520637512207,55.64801406860352,153.7272491455078,159.01087951660156,46.20102310180664,39.81121063232422,144.26837158203125,42.13449096679688,684.0845336914062
2026-01-06,116.65330505371094,120.58699035644533,76.50553894042969,45.01906967163086,55.91569900512695,156.75144958496094,161.16949462890625,47.11353302001953,40.07707977294922,146.29344177246094,42.341705322265625,688.1529541015625
2026-01-07,116.41468048095705,120.41767120361328,75.66613006591797,44.51601028442383,55.13248062133789,158.3081512451172,158.135498046875,46.30020523071289,39.52565002441406,146.17373657226562,41.31547927856445,685.9347534179688
2026-01-08,116.80243682861328,122.42960357666016,77.46347045898438,45.916690826416016,55.41999053955078,156.78118896484375,159.32920837402344,47.11353302001953,39.8210563659668,143.88931274414062,41.433895111083984,685.8651123046875
2026-01-09,117.2299575805664,123.91366577148438,78.26338195800781,46.03505706787109,55.25144958496094,155.97804260253906,161.0799560546875,47.86734771728515,39.8801383972168,145.79466247558594,41.94700241088867,690.4010009765625
2026-01-12,116.87203216552734,124.0232162475586,79.18180084228516,45.70954513549805,54.81522750854492,156.04745483398438,162.31346130371094,48.1252326965332,39.9983024597168,146.43310546875,42.01608276367188,691.4852294921875
2026-01-13,116.2158432006836,123.71446228027344,80.1002197265625,46.36056518554688,53.76432800292969,155.41287231445312,163.14903259277344,48.333526611328125,40.303558349609375,146.1238555908203,42.28250503540039,690.1026000976562
2026-01-14,115.96728515625,121.76228332519533,81.20628356933594,47.40614700317383,53.685020446777344,156.5233917236328,163.40768432617188,48.35336685180664,40.75651550292969,144.3481903076172,42.598262786865234,686.7106323242188
2026-01-15,115.53975677490234,122.21048736572266,81.34453582763672,46.9622688293457,53.90312576293945,155.6310272216797,164.9097442626953,48.5616569519043,41.06177520751953,145.10635375976562,43.03243637084961,688.5806884765625
2026-01-16,114.5057601928711,121.81208801269533,81.08777618408203,47.04117965698242,53.9725227355957,154.4213409423828,166.02386474609375,48.283935546875,41.56396484375,145.2659454345703,42.81535339355469,688.0037231445312
2026-01-20,112.81556701660156,118.64476776123048,81.33466339111328,46.9524040222168,52.7431755065918,154.08421325683594,162.67156982421875,47.79791641235352,40.7663688659668,141.49513244628906,42.39104461669922,673.9981689453125
2026-01-21,113.96886444091795,120.9156723022461,81.41366577148438,48.08675765991211,53.000938415527344,156.9199981689453,165.48670959472656,48.8393783569336,40.91406631469727,143.46035766601562,42.45025253295898,681.77685546875
2026-01-22,115.57952880859376,122.13080596923828,81.24578094482422,48.24458312988281,53.347938537597656,156.94973754882812,164.6312255859375,49.11709976196289,40.510345458984375,144.5277557373047,42.14435577392578,685.3379516601562
2026-01-23,116.28543853759766,122.6387710571289,81.87782287597656,48.52077102661133,52.614288330078125,156.1466064453125,163.35794067382812,49.56344223022461,40.61865997314453,144.73724365234375,41.99634552001953,685.5865478515625
2026-01-26,117.09075927734376,121.83200073242188,81.74943542480469,48.55036544799805,52.95137023925781,156.76136779785156,163.51710510253906,49.62294769287109,40.5891227722168,145.72483825683594,42.30223846435547,689.0680541992188
2026-01-27,116.22577667236328,122.20052337646484,82.12471008300781,48.994239807128906,52.54489135742188,154.1337890625,164.19354248046875,49.57335662841797,40.61865997314453,147.6900634765625,42.85482406616211,691.8134765625
2026-01-28,116.07664489746094,121.28419494628906,81.295166015625,49.36907196044922,52.53497695922851,153.00343322753906,163.2783660888672,49.543601989746094,40.22478103637695,148.86717224121094,42.75614929199219,691.7438354492188
2026-01-29,119.09911346435548,120.70650482177734,81.1075210571289,49.82281112670898,53.09016799926758,152.51759338378906,164.9893341064453,49.59319686889648,40.73682022094727,146.51292419433594,42.75614929199219,690.3711547851562
2026-01-30,119.38744354248048,120.68659210205078,82.47035217285156,50.355464935302734,52.98110961914063,153.42982482910156,164.57154846191406,48.86913299560547,40.79590606689453,143.5301971435547,42.677207946777344,688.3120727539062
2026-02-02,118.97980499267578,121.48340606689452,83.44802856445312,49.36907196044922,53.566043853759766,154.37176513671875,166.6505584716797,49.24604415893555,40.333099365234375,144.9068145751953,42.055545806884766,691.7339477539062
2026-02-03,117.06092834472656,120.5073013305664,84.80096435546875,50.9670295715332,53.07033920288086,152.7952423095703,168.05316162109375,50.28749847412109,40.185394287109375,141.7345733642578,42.66733932495117,685.885009765625
2026-02-04,116.12635803222656,119.62085723876952,85.90702056884766,52.11125183105469,53.49664306640625,154.70889282226562,168.50079345703125,51.46781539916992,40.82544708251953,137.78419494628906,42.50946044921875,682.5626831054688
2026-02-05,115.53975677490234,117.04119110107422,85.837890625,51.49968719482422,52.8323974609375,153.52896118164062,167.4861602783203,50.08912658691406,40.59896469116211,135.3002471923828,42.52919387817383,674.0379638671875
2026-02-06,115.09236145019533,117.51927185058594,86.84519958496094,52.525535583496094,53.794071197509766,156.37466430664062,172.27088928222656,51.09090805053711,41.34733581542969,140.78688049316406,42.77588272094727,686.96923828125
2026-02-09,116.20589447021484,117.0810317993164,86.34154510498047,52.91022872924805,53.4768180847168,154.99644470214844,172.78817749023438,51.75545883178711,41.60335540771485,143.00148010253906,42.90415954589844,690.2816772460938
2026-02-10,116.90186309814452,117.85791778564452,86.06503295898438,52.85104751586914,53.09016799926758,154.0148162841797,172.9970703125,52.4795150756836,42.18432235717773,142.20343017578125,43.614627838134766,688.4613037109375
2026-02-11,116.06670379638672,117.29019927978516,87.29946899414062,54.23199844360352,52.28712463378906,154.92701721191406,173.9221954345703,53.183738708496094,42.14493560791016,142.62240600585938,43.99946212768555,688.3021850585938
2026-02-12,113.97881317138672,115.66669464111328,88.0993881225586,53.24560546875,51.24613952636719,154.67913818359375,171.84315490722656,52.400169372558594,42.213863372802734,138.87155151367188,44.65071868896485,677.668701171875
2026-02-13,113.91915893554688,115.71649932861328,88.3956527709961,53.61056900024414,51.20648193359375,156.3350067138672,173.25570678710938,52.87626647949219,42.83422088623047,139.22068786621094,45.8841667175293,678.1461181640625
2026-02-17,113.74019622802734,115.57705688476562,87.10195922851562,53.01873397827149,51.75176239013672,156.03753662109375,174.1609344482422,52.2712287902832,43.267486572265625,139.140869140625,45.76575469970703,679.2402954101562
2026-02-18,113.9291000366211,116.55313873291016,86.9439468383789,54.03471755981445,52.13841247558594,156.3350067138672,174.1211395263672,52.588626861572266,42.686519622802734,140.56741333007812,45.005950927734375,682.662109375
2026-02-19,114.4759292602539,115.77625274658205,86.57855987548828,54.42927932739258,51.70219039916992,155.928466796875,175.414306640625,52.400169372558594,42.53881454467773,139.86911010742188,45.49932861328125,680.8616333007812
2026-02-20,116.12635803222656,116.9814224243164,86.79582214355469,54.13336181640625,52.03927230834961,155.49220275878906,176.29965209960938,52.529109954833984,42.89330673217773,140.5374755859375,45.71641540527344,685.7855834960938
2026-02-23,114.69466400146484,114.53124237060548,87.86237335205078,54.399688720703125,50.29438400268555,157.1976318359375,173.9122314453125,52.529109954833984,42.94254302978515,138.18321228027344,46.0617790222168,678.7827758789062
2026-02-24,115.49005126953124,116.27426147460938,88.62278747558594,54.35036849975586,50.542236328125,156.53329467773438,176.05096435546875,52.92585754394531,43.06070327758789,139.97885131835938,46.574893951416016,683.7164916992188
2026-02-25,115.82808685302734,116.62286376953124,87.9018783569336,54.12349319458008,51.42459487915039,156.49365234375,174.67820739746094,52.628299713134766,42.77513885498047,142.66229248046875,46.73277282714844,689.4859008789062
2026-02-26,116.04681396484376,116.58302307128906,87.75374603271484,54.301048278808594,52.0491828918457,156.08712768554688,175.77243041992188,52.56878662109375,42.96223449707031,140.6671600341797,46.55515670776367,685.6561889648438
2026-02-27,117.36914825439452,116.39378356933594,88.8894271850586,55.15920639038086,50.988372802734375,158.8435821533203,176.21011352539062,52.97544860839844,43.16901779174805,138.42263793945312,47.09787368774414,682.3637084960938
2026-03-02,117.190185546875,114.95952606201172,87.60560607910156,56.26397705078125,50.8594856262207,157.18771362304688,177.96087646484375,52.81675338745117,43.2477912902832,139.2007293701172,46.74264144897461,682.751708984375
2026-03-03,117.27967071533205,113.90375518798828,86.6476821899414,55.75104522705078,50.77025985717773,155.41287231445312,174.51904296875,51.51741027832031,43.03116226196289,137.1656951904297,46.44661331176758,676.7337036132812
2026-03-04,118.1048812866211,115.9256591796875,86.07491302490234,55.425537109375,51.05776977539063,155.7202606201172,175.0462646484375,51.4975700378418,43.090240478515625,139.5,46.64396667480469,681.5082397460938
2026-03-05,117.75689697265624,116.08502960205078,84.3467025756836,55.71158981323242,50.79009246826172,152.60684204101562,171.1567840576172,50.41644287109375,42.67667007446289,139.83917236328125,46.27886962890625,677.70849609375
2026-03-06,116.78255462646484,113.98343658447266,84.71208953857422,55.80036544799805,50.1357536315918,151.40708923339844,169.04791259765625,49.4543342590332,42.23355865478515,136.95619201660156,46.12098693847656,668.82568359375
2026-03-09,116.88197326660156,114.1328353881836,84.89972686767578,55.55376815795898,49.89781951904297,152.95387268066406,170.04266357421875,49.583274841308594,42.32218170166016,139.42019653320312,46.229530334472656,674.6845703125
2026-03-10,116.70301055908205,113.98343658447266,84.65283966064453,54.843563079833984,49.6301383972168,151.85325622558594,169.12750244140625,49.47417068481445,42.26309585571289,139.42019653320312,45.9433708190918,673.6002807617188
2026-03-11,116.32520294189452,113.68463134765624,83.53689575195312,56.20479202270508,49.2137451171875,151.5558319091797,168.60028076171875,49.43449401855469,41.76090621948242,140.08856201171875,45.55853271484375,672.7548217773438
2026-03-12,114.60517120361328,111.07508850097656,83.20113372802734,56.727577209472656,48.41070175170898,148.8885955810547,164.3726043701172,49.27579879760742,41.49503707885742,137.50486755371094,45.8841667175293,662.5390625
2026-03-13,113.78990173339844,110.417724609375,83.6850357055664,56.91499328613281,48.47018432617188,148.52171325683594,163.78567504882812,48.7897834777832,41.60335540771485,136.4674072265625,46.33806991577149,658.7890014648438
2026-03-16,114.66483306884766,111.75237274169922,83.92205047607422,57.11227416992188,48.87666320800781,149.73138427734375,165.1882781982422,48.998077392578125,41.92830276489258,138.4425811767578,46.63409423828125,665.493408203125
2026-03-17,114.70460510253906,112.72846221923828,83.6455307006836,57.71397399902344,49.13443374633789,148.37298583984375,165.6259765625,49.11709976196289,42.066162109375,139.2007293701172,46.505821228027344,667.2440185546875
2026-03-18,113.00447082519533,110.12887573242188,81.6111831665039,57.63506317138672,48.54949951171875,145.8941650390625,164.31289672851562,48.0855598449707,41.37687301635742,137.6245880126953,46.11111831665039,657.9335327148438
2026-03-19,112.48746490478516,109.26234436035156,80.94952392578125,58.55241012573242,48.5693244934082,145.36863708496094,163.1987762451172,47.3515853881836,41.27840042114258,138.0934295654297,45.92363739013672,656.3121948242188
2026-03-20,111.5827178955078,107.31016540527344,80.27798461914062,58.50309371948242,48.65855407714844,144.0994873046875,160.82131958007812,46.5977668762207,39.9687614440918,134.96107482910156,44.05866622924805,646.9034423828125
2026-03-23,112.41754150390624,109.90100860595705,80.62060546875,59.20304107666016,49.0980110168457,144.13433837890625,162.6498260498047,47.37286758422851,40.26714324951172,136.78689575195312,44.495872497558594,653.6959228515625
2026-03-24,110.84164428710938,109.46187591552734,80.55108642578125,60.40437698364258,49.10797500610352,144.15423583984375,163.59750366210938,48.26951599121094,39.94001388549805,135.9878387451172,44.80390548706055,651.5015869140625
2026-03-25,111.15084075927734,110.50979614257812,80.94833374023438,60.13631057739258,49.16776657104492,145.59788513183594,164.69480895996094,49.2259407043457,39.92018508911133,136.5971221923828,44.962890625,655.1322021484375
2026-03-26,108.52766418457033,108.6135711669922,80.58087921142578,61.07950973510742,48.87877655029297,145.10008239746094,160.87420654296875,48.90713119506836,39.94001388549805,132.34219360351562,45.04238510131836,643.432373046875
2026-03-27,106.76226043701172,105.46983337402344,81.21646881103516,62.112064361572266,47.64310836791992,142.63095092773438,158.8092803955078,48.72780227661133,39.66244125366211,129.76527404785156,45.30073165893555,632.4606323242188
2026-03-30,107.67987060546876,105.44987487792967,81.31578063964844,61.516357421875,48.19118881225586,143.18850708007812,156.2256317138672,48.90713119506836,39.8607063293457,127.34815216064452,45.62863540649414,630.3460693359375
2026-03-31,110.57234191894533,108.76327514648438,81.41510009765625,60.82136917114258,49.197662353515625,145.96624755859375,161.33306884765625,49.78385543823242,40.47532272338867,132.74171447753906,45.59882736206055,648.6688842773438
2026-04-01,110.95135498046876,109.5816421508789,80.89867401123047,58.54776763916016,49.26741790771485,147.08132934570312,164.02642822265625,50.27202606201172,40.59428024291992,134.74932861328125,45.81743240356445,653.5562744140625
2026-04-02,111.41016387939452,107.93492126464844,81.32571411132812,58.82576370239258,49.35710144042969,146.16537475585938,163.36807250976562,50.22221374511719,41.2485466003418,135.8280487060547,46.04597473144531,654.144775390625
2026-04-06,111.47000885009766,108.82315063476562,82.09041595458984,59.252685546875,49.70588302612305,145.6376953125,164.2060089111328,50.03292465209961,41.397239685058594,136.61709594726562,45.877052307128906,657.23681640625
2026-04-07,111.52985382080078,107.55567169189452,80.70005798339844,59.729248046875,49.70588302612305,145.9264373779297,163.87681579589844,49.8934440612793,41.35758972167969,137.2663116455078,45.97641754150391,657.5260009765625
2026-04-08,113.51468658447266,110.599609375,82.20957946777344,57.63435363769531,51.02127456665039,149.0128173828125,170.02169799804688,51.55722427368164,42.07133483886719,141.52125549316406,46.48318099975586,674.27294921875
2026-04-09,113.97349548339844,112.51579284667967,82.87496185302734,56.91950988769531,51.150821685791016,148.67431640625,171.76739501953125,51.47751998901367,42.35881423950195,141.9008026123047,46.85083770751953,678.162841796875
2026-04-10,113.6543197631836,112.66549682617188,81.80240631103516,56.53230285644531,50.5927734375,146.66317749023438,171.0990447998047,51.76643753051758,42.448036193847656,142.45013427734375,46.66204071044922,677.7140502929688
2026-04-13,114.5220718383789,113.69344329833984,80.9880599975586,56.70108413696289,51.47966766357422,147.32028198242188,172.30606079101562,51.995582580566406,42.646297454833984,145.43658447265625,46.09565734863281,684.3369750976562
2026-04-14,116.25755310058594,116.20843505859376,80.90860748291016,55.54939270019531,51.599246978759766,148.17649841308594,172.924560546875,51.816253662109375,43.052734375,147.76380920410156,46.17515182495117,692.675537109375
2026-04-15,117.05548095703124,117.94497680664062,80.50143432617188,55.360748291015625,51.987884521484375,147.12115478515625,170.75987243652344,51.188602447509766,43.03290939331055,150.12100219726562,45.728004455566406,698.1414184570312
2026-04-16,118.52166748046876,117.39606475830078,80.86888122558594,56.17488098144531,51.84837341308594,145.96624755859375,169.91195678710938,51.55722427368164,43.42943572998047,151.83895874023438,46.055908203125,699.8569946289062
2026-04-17,118.79096221923828,120.17053985595705,81.89178466796875,54.62604904174805,52.246978759765625,148.14663696289062,173.0841522216797,51.68674087524414,44.09361267089844,154.1661834716797,45.86711502075195,708.3152465820312
2026-04-20,118.4418716430664,119.6316146850586,81.822265625,54.675689697265625,52.44628143310547,146.77268981933594,173.4731903076172,52.03543472290039,44.25222396850586,154.37591552734375,45.459716796875,706.8988037109375
2026-04-21,116.8560028076172,118.73340606689452,81.27605438232422,55.46996307373047,52.117431640625,145.27928161621094,171.0192413330078,51.5771484375,43.39969253540039,154.50576782226562,44.664794921875,702.2708129882812
2026-04-22,117.57412719726562,118.6934814453125,81.54419708251953,56.13516616821289,52.02774810791016,145.7372589111328,170.62020874023438,51.63692474365234,43.08247375488281,157.90171813964844,44.58530044555664,709.3825073242188
2026-04-23,117.08539581298828,117.50584411621094,82.9047622680664,56.57201385498047,51.619178771972656,145.59788513183594,173.64279174804688,51.617000579833984,43.57813262939453,155.65440368652344,45.79756164550781,706.6295776367188
2026-04-24,115.24020385742188,118.45396423339844,82.65648651123047,56.46280288696289,51.24050521850586,143.5469207763672,172.0467071533203,51.7265853881836,43.44926452636719,160.02919006347656,45.88698959350586,712.10546875
2026-04-27,115.5094985961914,117.60564422607422,81.77261352539062,56.36352157592773,51.62914657592773,142.83009338378906,172.08660888671875,51.58710861206055,43.11221694946289,160.37876892089844,45.89692306518555,713.332275390625
2026-04-28,115.44965362548828,116.77730560302734,82.50751495361328,57.29678726196289,51.66900253295898,143.20840454101562,170.56036376953125,51.208526611328125,43.528564453125,157.66201782226562,45.95654678344727,709.8612060546875
2026-04-29,114.99085235595705,116.60763549804688,82.34861755371094,58.60733795166016,51.7387580871582,142.21279907226562,169.512939453125,50.770164489746094,43.26091003417969,158.92050170898438,45.39016342163086,709.7515258789062
2026-04-30,116.20768737792967,118.11463165283205,83.72903442382812,59.222900390625,51.948028564453125,145.34898376464844,174.1515350341797,51.27826690673828,44.01431274414063,159.31004333496094,46.55273818969727,716.8132934570312
2026-05-01,116.4171371459961,118.39407348632812,83.59000396728516,58.42862319946289,51.7387580871582,144.5226287841797,172.53550720214844,51.15871047973633,43.93500518798828,161.67721557617188,46.254642486572266,718.7982177734375
2026-05-04,115.79874420166016,117.48589324951172,82.96434783935547,58.96475982666016,51.39994812011719,144.09449768066406,170.56036376953125,50.46132278442383,43.69709014892578,161.8570098876953,46.075782775878906,716.1649780273438
2026-05-05,115.32996368408205,117.83518981933594,83.48075866699219,59.02433013916016,51.409912109375,144.66200256347656,171.9868621826172,51.33803939819336,43.78630447387695,165.4327392578125,46.075782775878906,721.9102172851562
2026-05-06,117.04550170898438,119.6316146850586,83.65951538085938,56.59187316894531,51.65903854370117,144.7615509033203,176.4359130859375,52.21476364135742,44.351356506347656,169.82749938964844,45.41997146606445,731.9443359375
2026-05-07,117.07542419433594,119.64159393310548,83.40131378173828,55.54939270019531,51.37005233764648,144.0845489501953,173.5729522705078,51.208526611328125,44.01431274414063,169.4879150390625,44.83371353149414,729.7001342773438
2026-05-08,116.6365737915039,119.96095275878906,83.59993743896484,55.30118179321289,51.061134338378906,142.85995483398438,172.77491760253906,51.39781951904297,44.02422332763672,175.31097412109375,44.43625259399414,735.724609375
2026-05-11,115.28009796142578,119.1326141357422,82.79551696777344,56.76065444946289,51.0013427734375,142.41192626953125,174.6103973388672,52.0653190612793,44.18283081054688,177.66815185546875,44.85358810424805,737.4002685546875
2026-05-12,115.5593719482422,118.05475616455078,83.85814666748047,57.15779113769531,51.39994812011719,145.2095947265625,173.92210388183594,51.94577026367188,44.1927490234375,174.99134826660156,44.90327072143555,736.2831420898438
2026-05-13,116.45703887939452,118.48390197753906,84.13621520996094,57.21736145019531,50.812007904052734,146.06581115722656,173.19387817382812,51.86606979370117,43.825958251953125,176.63938903808594,44.38656997680664,740.4025268554688
2026-05-14,116.8061294555664,118.43399810791016,84.39442443847656,57.65421295166016,51.1109619140625,145.9861602783203,174.08169555664062,51.47751998901367,43.528564453125,179.28622436523438,44.6151123046875,746.2474975585938
2026-05-15,115.77880096435548,116.29825592041016,84.0567626953125,59.01440048217773,50.92162322998047,144.462890625,170.9793243408203,50.11262130737305,42.85447311401367,176.05007934570312,43.591644287109375,737.2706298828125
2026-05-18,116.6764678955078,116.08867645263672,85.3080825805664,60.146240234375,51.55939102172851,145.0801544189453,170.3309326171875,50.03292465209961,43.36995697021485,174.15234375,43.66120147705078,736.751953125
2026-05-19,115.54939270019533,114.80123901367188,85.49677276611328,60.85115814208984,50.92162322998047,146.6731414794922,168.32586669921875,48.85731887817383,43.55830383300781,173.03367614746094,44.05866241455078,731.8446044921875
2026-05-20,115.79874420166016,117.70545196533205,84.93069458007812,59.37182235717773,51.47966766357422,146.48397827148438,170.31097412109375,49.534786224365234,44.04404830932617,176.9290313720703,44.22758483886719,739.3452758789062
2026-05-21,115.79874420166016,118.46393585205078,84.07662963867188,58.70662307739258,51.54942321777344,147.49948120117188,170.11146545410156,49.83366775512695,44.11344146728515,178.38729858398438,44.7144775390625,740.8114624023438
2026-05-22,115.16040802001952,118.94298553466795,84.21566772460938,59.06404495239258,51.75868988037109,149.23184204101562,171.3484344482422,50.1026611328125,44.17292022705078,180.17515563964844,45.06225204467773,743.7239990234375
2026-05-26,115.25017547607422,119.2124481201172,83.05371856689453,57.43578338623047,51.66900253295898,147.85791015625,173.87222290039062,50.80005645751953,44.32161712646485,184.9195098876953,45.04238510131836,748.6613159179688
2026-05-27,115.95833587646484,121.30827331542967,83.99717712402344,56.58194732666016,51.24050521850586,148.1366729736328,173.87222290039062,50.98934555053711,44.242313385009766,184.21034240722656,44.85358810424805,748.5316162109375
2026-05-28,116.36726379394533,121.81725311279295,83.84821319580078,56.54223251342773,51.09103012084961,150.21751403808594,173.37344360351562,51.16867446899414,44.02422332763672,186.62747192382807,44.346824645996094,752.6609497070312
2026-05-29,115.38981628417967,120.62963104248048,82.33869171142578,55.88695907592773,51.39994812011719,148.81369018554688,172.70509338378906,50.95945739746094,43.607872009277344,190.79251098632807,44.13815307617188,754.5361328125
2026-06-01,115.31002044677734,117.9549560546875,81.46475219726562,56.88972473144531,51.25047302246094,147.1908416748047,171.9768829345703,50.73031234741211,42.89412689208984,195.52685546875,42.82653045654297,756.5908203125
2026-06-02,113.27531433105467,117.35614776611328,81.26612854003906,57.54499816894531,51.280364990234375,145.75717163085938,173.7624969482422,51.32807922363281,43.11221694946289,197.9739532470703,43.62145614624024,757.6182250976562
2026-06-03,111.78917694091795,116.49786376953124,81.59385681152344,58.28962707519531,50.69242477416992,146.90213012695312,173.62283325195312,51.43767166137695,43.13203811645508,195.9962921142578,43.43265914916992,752.3018798828125
2026-06-04,112.8165054321289,117.0268096923828,81.47467803955078,58.32934188842773,52.00781631469727,151.4122314453125,175.7276611328125,51.42770385742188,44.01431274414063,192.93994140625,43.66120147705078,755.1445922851562
2026-06-05,111.38024139404295,114.63157653808594,82.86503601074219,57.25707244873047,52.117431640625,152.33815002441406,173.75250244140625,50.4413948059082,44.31170272827149,180.08526611328125,44.06859970092773,735.65478515625
2026-06-08,110.80174255371094,115.1605224609375,82.4975814819336,57.91234970092773,51.7885856628418,151.97972106933594,173.20387268066406,49.773887634277344,43.64752197265625,183.9606475830078,43.24386596679688,737.3204345703125
2026-06-09,111.19073486328124,115.63957214355467,83.5204849243164,56.97908020019531,52.27687454223633,153.8913116455078,175.16903686523438,50.58087539672851,44.57936096191406,180.55471801757807,43.70094680786133,735.1560668945312
2026-06-10,110.72195434570312,113.26429748535156,84.90090942382812,57.83292388916016,52.04767608642578,152.17886352539062,169.2436065673828,49.41522979736328,44.59918594360352,176.41964721679688,43.720821380615234,723.56591796875
2026-06-11,111.8290786743164,116.06871795654295,84.68241882324219,56.71101379394531,52.436317443847656,153.4134063720703,174.72012329101562,51.02919769287109,44.52978897094727,182.99180603027344,43.770503997802734,735.8642578125
2026-06-12,111.36029815673828,116.3681182861328,85.22863006591797,57.13793563842773,53.153804779052734,153.13462829589844,175.7476043701172,51.98562240600586,44.96596908569336,184.5799102783203,44.24745559692383,739.843994140625
2026-06-15,111.89889526367188,118.33419799804688,84.89098358154297,55.15225601196289,53.3730354309082,152.2186737060547,178.241455078125,52.30442810058594,44.59918594360352,191.56158447265625,44.45612716674805,752.890380859375
2026-06-16,112.02855682373048,118.22441864013672,85.00021362304688,54.96361541748047,54.1602783203125,152.26846313476562,179.40859985351562,52.52360916137695,44.708229064941406,186.21795654296875,44.77409744262695,748.4019775390625
2026-06-17,108.9166488647461,115.26032257080078,83.10337829589844,54.2785530090332,53.861324310302734,150.04824829101562,179.15921020507812,51.82621765136719,43.58804702758789,185.57872009277344,44.17790222167969,739.0560302734375
2026-06-18,109.16600036621094,116.92700958251952,82.72599792480469,53.38500213623047,53.382999420166016,148.74398803710938,180.46600341796875,51.617000579833984,43.479000091552734,191.2120056152344,44.47599792480469,746.739990234375
2026-06-22,106.86000061035156,114.94000244140624,82.18000030517578,54.060001373291016,53.70000076293945,150.05999755859375,181.8000030517578,51.619998931884766,44.02000045776367,192.1499938964844,44.720001220703125,744.3900146484375
2026-06-23,107.2699966430664,113.76000213623048,83.72000122070312,54.459999084472656,53.880001068115234,152.17999267578125,178.14999389648438,50.869998931884766,44.63999938964844,184.19000244140625,45.06999969482422,733.5800170898438
2026-06-24,106.54000091552734,115.06999969482422,84.44000244140625,53.56999969482422,53.720001220703125,153.35000610351562,180.2100067138672,51.15999984741211,44.5099983215332,183.0500030517578,45.540000915527344,733.239990234375
2026-06-25,105.58000183105467,113.3499984741211,83.94000244140625,54.09000015258789,53.45000076293945,155.6300048828125,184.1199951171875,51.84000015258789,44.59000015258789,184.57000732421875,45.84999847412109,734.2999877929688
2026-06-26,106.18000030517578,114.37000274658205,84.70999908447266,53.84000015258789,53.56999969482422,160.33999633789062,181.1999969482422,51.59999847412109,45.2400016784668,181.1100006103516,46.20000076293945,728.989990234375
2026-06-29,107.87999725341795,117.12000274658205,84.37000274658203,53.58000183105469,53.720001220703125,160.74000549316406,182.7599945068359,50.65999984741211,44.91999816894531,185.41000366210932,46.02000045776367,741.0
2026-06-30,107.12999725341795,117.27999877929688,83.06999969482422,53.11000061035156,53.61000061035156,158.66000366210938,185.22999572753903,50.83000183105469,44.02999877929688,190.52000427246097,45.34000015258789,746.77001953125
2026-07-01,109.73999786376952,118.08999633789062,83.30000305175781,52.810001373291016,54.77999877929688,159.5399932861328,183.3600006103516,51.02000045776367,44.18000030517578,185.6199951171875,44.77000045776367,745.760009765625
2026-07-02,109.5999984741211,117.12000274658205,84.98999786376953,53.220001220703125,55.619998931884766,163.74000549316406,183.91000366210932,52.0099983215332,44.68000030517578,180.58999633789065,45.7599983215332,744.780029296875
2026-07-06,110.20999908447266,118.01000213623048,84.0999984741211,53.130001068115234,56.13999938964844,161.9600067138672,185.55999755859372,51.97999954223633,44.290000915527344,183.57000732421875,45.29999923706055,751.280029296875
2026-07-07,111.0199966430664,117.38999938964844,84.86000061035156,54.63999938964844,56.04999923706055,164.44000244140625,182.3800048828125,51.5099983215332,44.88999938964844,179.17999267578125,45.70000076293945,747.7100219726562
2026-07-08,109.45999908447266,115.3000030517578,84.38999938964844,55.59999847412109,54.970001220703125,162.3000030517578,180.4199981689453,50.15999984741211,44.150001525878906,181.3999938964844,45.36000061035156,745.4000244140625
2026-07-09,110.51000213623048,116.8499984741211,83.19999694824219,54.81999969482422,55.540000915527344,162.1699981689453,181.1100006103516,50.2599983215332,44.22999954223633,185.3500061035156,45.130001068115234,751.7100219726562
2026-07-10,111.63999938964844,117.23999786376952,84.12000274658203,55.08000183105469,55.709999084472656,160.83999633789062,181.9199981689453,50.88999938964844,44.45000076293945,185.77999877929688,45.40999984741211,754.9500122070312
2026-07-13,111.58999633789062,116.04000091552734,84.58999633789062,56.7400016784668,56.06999969482422,161.41000366210938,180.3699951171875,50.58000183105469,44.70000076293945,181.27999877929688,45.720001220703125,749.1699829101562
2026-07-14,111.4499969482422,115.9000015258789,83.41999816894531,56.95000076293945,56.18000030517578,158.2899932861328,180.4499969482422,50.63999938964844,44.47999954223633,183.6199951171875,45.68999862670898,751.8300170898438
2026-07-15,113.37999725341795,117.0,83.47000122070312,56.5,56.560001373291016,158.2899932861328,180.05999755859375,50.5,44.560001373291016,181.5800018310547,45.220001220703125,754.8099975585938
2026-07-16,112.6500015258789,117.33999633789062,85.80999755859375,57.02000045776367,56.75,161.8000030517578,180.1499938964844,50.88999938964844,45.459999084472656,177.52000427246094,45.470001220703125,750.719970703125
2026-07-17,110.6500015258789,115.44000244140624,85.19000244140625,57.68000030517578,56.2599983215332,161.08999633789062,179.41000366210938,50.52999877929688,45.41999816894531,175.58999633789062,45.16999816894531,743.2899780273438
2026-07-20,110.8000030517578,114.61000061035156,84.86000061035156,57.93999862670898,56.040000915527344,159.25,178.1199951171875,50.02999877929688,45.22999954223633,175.7100067138672,44.93999862670898,742.0900268554688
2026-07-21,110.02999877929688,114.87000274658205,84.05999755859375,58.5,56.11000061035156,160.25,178.66000366210938,50.09999847412109,45.20000076293945,180.77999877929688,44.91999816894531,748.280029296875
2026-07-22,109.1999969482422,114.0199966430664,84.37999725341797,59.20000076293945,56.04999923706055,159.42999267578125,178.85000610351562,50.81999969482422,45.0099983215332,180.27000427246097,45.93000030517578,747.4099731445312
2026-07-23,105.37999725341795,108.76000213623048,83.20999908447266,59.380001068115234,55.83000183105469,161.44000244140625,181.94000244140625,50.290000915527344,44.95000076293945,178.4499969482422,46.18999862670898,738.1799926757812
2026-07-24,106.3000030517578,109.41000366210938,84.12999725341797,59.619998931884766,56.310001373291016,162.57000732421875,182.66000366210932,51.2599983215332,45.95000076293945,175.8800048828125,46.290000915527344,738.9299926757812
2026-07-27,107.66000366210938,110.83999633789062,85.36000061035156,58.36000061035156,56.880001068115234,163.39999389648438,183.1999969482422,51.38999938964844,45.7599983215332,174.3000030517578,45.68000030517578,739.0900268554688
2026-07-28,109.66999816894533,112.4800033569336,87.05999755859375,57.56999969482422,57.59999847412109,167.25999450683594,182.4900054931641,52.34000015258789,46.0099983215332,171.08999633789062,45.52000045776367,740.8599853515625
2026-07-29,109.51000213623048,111.61000061035156,87.36000061035156,58.650001525878906,56.68000030517578,166.24000549316406,176.66000366210938,51.7400016784668,45.959999084472656,166.57000732421875,44.90999984741211,729.4600219726562
2026-07-30,106.58000183105467,112.38999938964844,85.47000122070312,58.959999084472656,57.0,163.52000427246094,178.38999938964844,51.63999938964844,45.29999923706055,175.72999572753906,44.65999984741211,741.6900024414062
2026-07-31,108.23999786376952,116.08999633789062,85.05000305175781,59.54999923706055,56.93999862670898,162.5500030517578,179.83999633789062,50.43000030517578,45.06999969482422,175.35000610351562,44.34999847412109,747.030029296875
2026-08-03,111.33999633789062,118.20999908447266,84.86000061035156,58.790000915527344,57.380001068115234,162.24000549316406,183.16000366210932,51.0099983215332,45.18000030517578,178.0399932861328,44.36000061035156,757.6699829101562
2026-08-04,112.04000091552734,118.29000091552734,85.37000274658203,58.52000045776367,57.880001068115234,162.10000610351562,186.3999938964844,52.0,45.16999816894531,186.8999938964844,44.11000061035156,771.3300170898438
2026-08-05,110.87000274658205,118.63999938964844,85.33000183105469,57.310001373291016,58.0,164.16000366210938,186.3500061035156,52.63999938964844,45.20000076293945,185.91000366210932,43.65999984741211,769.7899780273438
2026-08-06,111.18000030517578,118.0999984741211,85.11000061035156,58.15999984741211,57.810001373291016,164.4499969482422,184.7599945068359,52.16999816894531,44.810001373291016,185.3300018310547,43.380001068115234,768.5599975585938
2026-08-07,111.25,119.86000061035156,85.12000274658203,57.5,57.59999847412109,165.67999267578125,185.17999267578125,52.86000061035156,44.97999954223633,187.97000122070312,43.61000061035156,773.260009765625
2026-08-10,111.83000183105467,119.66999816894533,84.94999694824219,60.18000030517578,57.810001373291016,168.44000244140625,184.6000061035156,53.18000030517578,44.400001525878906,186.32000732421875,43.130001068115234,773.030029296875
2026-08-11,111.2699966430664,119.23999786376952,84.69000244140625,60.93000030517578,57.79999923706055,168.00999450683594,185.6999969482422,53.2400016784668,44.08000183105469,186.08999633789065,43.630001068115234,770.5599975585938
2026-08-12,110.2699966430664,117.88999938964844,85.08000183105469,61.02999877929688,57.91999816894531,168.44000244140625,185.8800048828125,52.58000183105469,44.4900016784668,188.8600006103516,43.84000015258789,772.489990234375
2026-08-13,112.5500030517578,118.4499969482422,86.0,61.060001373291016,58.2599983215332,168.3800048828125,185.7899932861328,52.310001373291016,45.119998931884766,190.77000427246097,44.040000915527344,777.8800048828125
2026-08-14,112.9499969482422,118.1999969482422,86.08999633789062,61.90999984741211,58.15999984741211,167.3699951171875,186.5099945068359,52.540000915527344,45.27000045776367,190.0099945068359,44.310001373291016,776.3400268554688
2026-08-17,110.81999969482422,116.75,84.68000030517578,62.58000183105469,57.58000183105469,167.0500030517578,186.32000732421875,52.2400016784668,44.83000183105469,190.32000732421875,44.18000030517578,772.6699829101562
2026-08-18,110.4800033569336,116.36000061035156,85.58000183105469,63.68000030517578,57.84000015258789,169.72999572753906,183.57000732421875,51.77999877929688,44.630001068115234,185.6199951171875,44.02000045776367,767.4500122070312
2026-08-19,111.31999969482422,118.58999633789062,86.54000091552734,63.58000183105469,57.47999954223633,175.67999267578125,181.9499969482422,52.52000045776367,44.9900016784668,183.63999938964844,44.02000045776367,769.0599975585938
2026-08-20,110.68000030517578,116.68000030517578,85.31999969482422,63.75,56.95000076293945,172.38999938964844,179.77000427246094,52.41999816894531,45.08000183105469,183.1000061035156,43.77000045776367,762.5999755859375
2026-08-21,111.4000015258789,118.0199966430664,85.98999786376953,63.63999938964844,57.47999954223633,174.6199951171875,180.25,53.540000915527344,45.08000183105469,183.30999755859372,42.77000045776367,765.719970703125
2026-08-24,112.31999969482422,118.3000030517578,87.44999694824219,63.11000061035156,58.220001220703125,174.6999969482422,179.0,53.58000183105469,45.33000183105469,180.0500030517578,43.220001220703125,763.469970703125
2026-08-25,113.18000030517578,117.9499969482422,86.5199966430664,62.060001373291016,58.310001373291016,175.2899932861328,178.39999389648438,53.58000183105469,45.36000061035156,181.7400054931641,43.310001373291016,765.9099731445312
2026-08-26,112.61000061035156,117.16000366210938,86.2699966430664,62.43000030517578,58.2599983215332,173.5399932861328,180.33999633789065,53.66999816894531,45.09000015258789,182.83999633789065,43.5099983215332,766.0800170898438
2026-08-27,111.41000366210938,115.87999725341795,85.08000183105469,62.290000915527344,57.880001068115234,171.5800018310547,178.8000030517578,53.22999954223633,44.65999984741211,188.6100006103516,43.18000030517578,771.0999755859375
2026-08-28,112.98999786376952,117.20999908447266,85.44999694824219,62.68000030517578,58.09999847412109,171.16000366210938,177.13999938964844,53.18000030517578,44.47999954223633,185.69000244140625,42.72999954223633,769.3499755859375
2026-08-31,111.45999908447266,116.58999633789062,84.9800033569336,63.959999084472656,57.709999084472656,170.5399932861328,175.1300048828125,52.68999862670898,44.11000061035156,186.5,42.22999954223633,765.1499633789062
2026-09-01,110.87999725341795,114.58999633789062,85.25,64.7699966430664,57.20000076293945,171.6699981689453,172.72999572753906,52.06999969482422,44.040000915527344,183.63999938964844,42.560001373291016,759.89306640625
2026-09-02,112.41999816894533,114.86000061035156,85.52999877929688,65.0999984741211,57.65999984741211,172.9499969482422,172.77999877929688,52.95000076293945,43.72999954223633,183.6000061035156,42.66999816894531,765.1599731445312
2026-09-03,113.37999725341795,116.45999908447266,85.26000213623047,64.62000274658203,58.560001373291016,173.25999450683594,174.55999755859375,52.619998931884766,44.25,185.97000122070312,43.02999877929688,771.2548217773438
2026-09-04,112.02999877929688,114.91000366210938,84.58000183105469,64.05999755859375,58.09999847412109,171.4499969482422,175.27000427246094,52.43999862670898,43.93000030517578,187.27999877929688,43.08000183105469,770.1900024414062
